// Auto-generated from busy-interrupt-maybe.png
// Image dimensions: 128x128
#ifndef BUSY_INTERRUPT_MAYBE_H
#define BUSY_INTERRUPT_MAYBE_H

#include <Arduino.h>

#define BUSY_INTERRUPT_MAYBE_WIDTH 128
#define BUSY_INTERRUPT_MAYBE_HEIGHT 128

static const uint16_t busy_interrupt_maybe[] PROGMEM = {
  0x0000, 0x0000, 0x0000, 0x0000, 0x0000, 0x0000, 0x0000, 0x0000, 
  0x0000, 0x0000, 0x0000, 0x0000, 0x0000, 0x0000, 0x0000, 0x0000, 
  0x0000, 0x0000, 0x0000, 0x0000, 0x0000, 0x0000, 0x0000, 0x0000, 
  0x0000, 0x0000, 0x0000, 0x0000, 0x0000, 0x0000, 0x0000, 0x0000, 
  0x0000, 0x0000, 0x0000, 0x0000, 0x0000, 0x0000, 0x0000, 0x0000, 
  0x0000, 0x0000, 0x0000, 0x0000, 0x0000, 0x0000, 0x0000, 0x0000, 
  0x0000, 0x0000, 0x0000, 0x0000, 0x0000, 0x0000, 0x0000, 0x0000, 
  0x0000, 0xCCE5, 0xCCC6, 0xCCC6, 0xCCC5, 0xCCE6, 0xCCE6, 0xCCE6, 
  0xCCC6, 0xCCC5, 0xCCC6, 0xCCA6, 0x0000, 0x0000, 0x0000, 0x0000, 
  0x0000, 0x0000, 0x0000, 0x0000, 0x0000, 0x0000, 0x0000, 0x0000, 
  0x0000, 0x0000, 0x0000, 0x0000, 0x0000, 0x0000, 0x0000, 0x0000, 
  0x0000, 0x0000, 0x0000, 0x0000, 0x0000, 0x0000, 0x0000, 0x0000, 
  0x0000, 0x0000, 0x0000, 0x0000, 0x0000, 0x0000, 0x0000, 0x0000, 
  0x0000, 0x0000, 0x0000, 0x0000, 0x0000, 0x0000, 0x0000, 0x0000, 
  0x0000, 0x0000, 0x0000, 0x0000, 0x0000, 0x0000, 0x0000, 0x0000, 
  0x0000, 0x0000, 0x0000, 0x0000, 0x0000, 0x0000, 0x0000, 0x0000, 
  
  0x0000, 0x0000, 0x0000, 0x0000, 0x0000, 0x0000, 0x0000, 0x0000, 
  0x0000, 0x0000, 0x0000, 0x0000, 0x0000, 0x0000, 0x0000, 0x0000, 
  0x0000, 0x0000, 0x0000, 0x0000, 0x0000, 0x0000, 0x0000, 0x0000, 
  0x0000, 0x0000, 0x0000, 0x0000, 0x0000, 0x0000, 0x0000, 0x0000, 
  0x0000, 0x0000, 0x0000, 0x0000, 0x0000, 0x0000, 0x0000, 0x0000, 
  0x0000, 0x0000, 0x0000, 0x0000, 0x0000, 0x0000, 0x0000, 0x0000, 
  0x0000, 0x0000, 0x0000, 0x0000, 0x0000, 0xC426, 0xD548, 0xD568, 
  0xD547, 0xD506, 0xCCE6, 0xD4E6, 0xD4E7, 0xD507, 0xD507, 0xD527, 
  0xD507, 0xD4E6, 0xCCE6, 0xCCE6, 0xCCE6, 0xCCE6, 0xCCC5, 0xCCA5, 
  0x0000, 0x0000, 0x0000, 0x0000, 0x0000, 0x0000, 0x0000, 0x0000, 
  0x0000, 0x0000, 0x0000, 0x0000, 0x0000, 0x0000, 0x0000, 0x0000, 
  0x0000, 0x0000, 0x0000, 0x0000, 0x0000, 0x0000, 0x0000, 0x0000, 
  0x0000, 0x0000, 0x0000, 0x0000, 0x0000, 0x0000, 0x0000, 0x0000, 
  0x0000, 0x0000, 0x0000, 0x0000, 0x0000, 0x0000, 0x0000, 0x0000, 
  0x0000, 0x0000, 0x0000, 0x0000, 0x0000, 0x0000, 0x0000, 0x0000, 
  0x0000, 0x0000, 0x0000, 0x0000, 0x0000, 0x0000, 0x0000, 0x0000, 
  
  0x0000, 0x0000, 0x0000, 0x0000, 0x0000, 0x0000, 0x0000, 0x0000, 
  0x0000, 0x0000, 0x0000, 0x0000, 0x0000, 0x0000, 0x0000, 0x0000, 
  0x0000, 0x0000, 0x0000, 0x0000, 0x0000, 0x0000, 0x0000, 0x0000, 
  0x0000, 0x0000, 0x0000, 0x0000, 0x0000, 0x0000, 0x0000, 0x0000, 
  0x0000, 0x0000, 0x0000, 0x0000, 0x0000, 0x0000, 0x0000, 0x0000, 
  0x0000, 0x0000, 0x0000, 0x0000, 0x0000, 0x0000, 0x0000, 0x0000, 
  0x0000, 0x0000, 0x0000, 0xCCA4, 0xD4E6, 0xD527, 0xDD69, 0xDDA9, 
  0xDD89, 0xDD69, 0xD569, 0xDD89, 0xDDAA, 0xDDCA, 0xDDEB, 0xDDCB, 
  0xDDAA, 0xDD8A, 0xDD69, 0xD548, 0xD548, 0xD548, 0xD527, 0xD507, 
  0xCCE6, 0xCCA5, 0xC467, 0x0000, 0x0000, 0x0000, 0x0000, 0x0000, 
  0x0000, 0x0000, 0x0000, 0x0000, 0x0000, 0x0000, 0x0000, 0x0000, 
  0x0000, 0x0000, 0x0000, 0x0000, 0x0000, 0x0000, 0x0000, 0x0000, 
  0x0000, 0x0000, 0x0000, 0x0000, 0x0000, 0x0000, 0x0000, 0x0000, 
  0x0000, 0x0000, 0x0000, 0x0000, 0x0000, 0x0000, 0x0000, 0x0000, 
  0x0000, 0x0000, 0x0000, 0x0000, 0x0000, 0x0000, 0x0000, 0x0000, 
  0x0000, 0x0000, 0x0000, 0x0000, 0x0000, 0x0000, 0x0000, 0x0000, 
  
  0x0000, 0x0000, 0x0000, 0x0000, 0x0000, 0x0000, 0x0000, 0x0000, 
  0x0000, 0x0000, 0x0000, 0x0000, 0x0000, 0x0000, 0x0000, 0x0000, 
  0x0000, 0x0000, 0x0000, 0x0000, 0x0000, 0x0000, 0x0000, 0x0000, 
  0x0000, 0x0000, 0x0000, 0x0000, 0x0000, 0x0000, 0x0000, 0x0000, 
  0x0000, 0x0000, 0x0000, 0x0000, 0x0000, 0x0000, 0x0000, 0x0000, 
  0x0000, 0x0000, 0x0000, 0x0000, 0x0000, 0x0000, 0x0000, 0x0000, 
  0x0000, 0xC4C3, 0xCCC5, 0xD4E6, 0xD527, 0xDD69, 0xE5CA, 0xE60C, 
  0xE64D, 0xEE6D, 0xEE8E, 0xEEAF, 0xEECF, 0xF6F0, 0xF6F0, 0xF6F0, 
  0xF6D0, 0xEEAF, 0xEE8F, 0xEE6E, 0xE64D, 0xE60C, 0xDDCB, 0xDD89, 
  0xD548, 0xD527, 0xCCE6, 0xCCC5, 0x0000, 0x0000, 0x0000, 0x0000, 
  0x0000, 0x0000, 0x0000, 0x0000, 0x0000, 0x0000, 0x0000, 0x0000, 
  0x0000, 0x0000, 0x0000, 0x0000, 0x0000, 0x0000, 0x0000, 0x0000, 
  0x0000, 0x0000, 0x0000, 0x0000, 0x0000, 0x0000, 0x0000, 0x0000, 
  0x0000, 0x0000, 0x0000, 0x0000, 0x0000, 0x0000, 0x0000, 0x0000, 
  0x0000, 0x0000, 0x0000, 0x0000, 0x0000, 0x0000, 0x0000, 0x0000, 
  0x0000, 0x0000, 0x0000, 0x0000, 0x0000, 0x0000, 0x0000, 0x0000, 
  
  0x0000, 0x0000, 0x0000, 0x0000, 0x0000, 0x0000, 0x0000, 0x0000, 
  0x0000, 0x0000, 0x0000, 0x0000, 0x0000, 0x0000, 0x0000, 0x0000, 
  0x0000, 0x0000, 0x0000, 0x0000, 0x0000, 0x0000, 0x0000, 0x0000, 
  0x0000, 0x0000, 0x0000, 0x0000, 0x0000, 0x0000, 0x0000, 0x0000, 
  0x0000, 0x0000, 0x0000, 0x0000, 0x0000, 0x0000, 0x0000, 0x0000, 
  0x0000, 0x0000, 0x0000, 0x0000, 0x0000, 0x0000, 0x0000, 0x0000, 
  0xCCC5, 0xD4E6, 0xD547, 0xDD68, 0xE5CA, 0xEE4C, 0xEEAE, 0xF6F0, 
  0xF711, 0xF731, 0xFF52, 0xFF72, 0xFF73, 0xFF73, 0xFF73, 0xFF73, 
  0xFF73, 0xFF73, 0xFF52, 0xF732, 0xF731, 0xF711, 0xF6D0, 0xEE8E, 
  0xE62C, 0xDDAA, 0xD568, 0xD527, 0xCCE6, 0x0000, 0x0000, 0x0000, 
  0x0000, 0x0000, 0x0000, 0x0000, 0x0000, 0x0000, 0x0000, 0x0000, 
  0x0000, 0x0000, 0x0000, 0x0000, 0x0000, 0x0000, 0x0000, 0x0000, 
  0x0000, 0x0000, 0x0000, 0x0000, 0x0000, 0x0000, 0x0000, 0x0000, 
  0x0000, 0x0000, 0x0000, 0x0000, 0x0000, 0x0000, 0x0000, 0x0000, 
  0x0000, 0x0000, 0x0000, 0x0000, 0x0000, 0x0000, 0x0000, 0x0000, 
  0x0000, 0x0000, 0x0000, 0x0000, 0x0000, 0x0000, 0x0000, 0x0000, 
  
  0x0000, 0x0000, 0x0000, 0x0000, 0x0000, 0x0000, 0x0000, 0x0000, 
  0x0000, 0x0000, 0x0000, 0x0000, 0x0000, 0x0000, 0x0000, 0x0000, 
  0x0000, 0x0000, 0x0000, 0x0000, 0x0000, 0x0000, 0x0000, 0x0000, 
  0x0000, 0x0000, 0x0000, 0x0000, 0x0000, 0x0000, 0x0000, 0x0000, 
  0x0000, 0x0000, 0x0000, 0x0000, 0x0000, 0x0000, 0x0000, 0x0000, 
  0x0000, 0x0000, 0x0000, 0x0000, 0xCC84, 0xCCA5, 0xCCA5, 0xCCC5, 
  0xD526, 0xDD68, 0xE5EA, 0xEE4C, 0xF6AE, 0xF710, 0xFF51, 0xFF72, 
  0xFF73, 0xFF93, 0xFF93, 0xFF93, 0xFF93, 0xFF93, 0xFF93, 0xFF93, 
  0xFF93, 0xFF93, 0xFF93, 0xFF93, 0xFF93, 0xFF73, 0xFF73, 0xFF52, 
  0xF710, 0xEEAE, 0xE62C, 0xDDC9, 0xD547, 0xD4E6, 0xCCA5, 0xCCA4, 
  0xCC84, 0xCC84, 0x0000, 0x0000, 0x0000, 0x0000, 0x0000, 0x0000, 
  0x0000, 0x0000, 0x0000, 0x0000, 0x0000, 0x0000, 0x0000, 0x0000, 
  0x0000, 0x0000, 0x0000, 0x0000, 0x0000, 0x0000, 0x0000, 0x0000, 
  0x0000, 0x0000, 0x0000, 0x0000, 0x0000, 0x0000, 0x0000, 0x0000, 
  0x0000, 0x0000, 0x0000, 0x0000, 0x0000, 0x0000, 0x0000, 0x0000, 
  0x0000, 0x0000, 0x0000, 0x0000, 0x0000, 0x0000, 0x0000, 0x0000, 
  
  0x0000, 0x0000, 0x0000, 0x0000, 0x0000, 0x0000, 0x0000, 0x0000, 
  0x0000, 0x0000, 0x0000, 0x0000, 0x0000, 0x0000, 0x0000, 0x0000, 
  0x0000, 0x0000, 0x0000, 0x0000, 0x0000, 0x0000, 0x0000, 0x0000, 
  0x0000, 0x0000, 0x0000, 0x0000, 0x0000, 0x0000, 0x0000, 0x0000, 
  0x0000, 0x0000, 0x0000, 0x0000, 0x0000, 0x0000, 0x0000, 0x0000, 
  0x0000, 0x0000, 0xCCA6, 0xCCC5, 0xCCE6, 0xD527, 0xD548, 0xDD68, 
  0xE5C9, 0xEE4C, 0xF6CE, 0xF6EF, 0xFF30, 0xFF51, 0xFF72, 0xFF73, 
  0xFF93, 0xFF93, 0xFF93, 0xFF93, 0xFF93, 0xFF73, 0xFF73, 0xFF73, 
  0xFF73, 0xFF93, 0xFF93, 0xFF93, 0xFF93, 0xFF93, 0xFF93, 0xFF73, 
  0xFF52, 0xFF31, 0xF6EF, 0xEEAD, 0xE60B, 0xDDA9, 0xDD68, 0xD527, 
  0xD506, 0xCCC5, 0xCCA5, 0x9CC6, 0x0000, 0x0000, 0x0000, 0x0000, 
  0x0000, 0x0000, 0x0000, 0x0000, 0x0000, 0x0000, 0x0000, 0x0000, 
  0x0000, 0x0000, 0x0000, 0x0000, 0x0000, 0x0000, 0x0000, 0x0000, 
  0x0000, 0x0000, 0x0000, 0x0000, 0x0000, 0x0000, 0x0000, 0x0000, 
  0x0000, 0x0000, 0x0000, 0x0000, 0x0000, 0x0000, 0x0000, 0x0000, 
  0x0000, 0x0000, 0x0000, 0x0000, 0x0000, 0x0000, 0x0000, 0x0000, 
  
  0x0000, 0x0000, 0x0000, 0x0000, 0x0000, 0x0000, 0x0000, 0x0000, 
  0x0000, 0x0000, 0x0000, 0x0000, 0x0000, 0x0000, 0x0000, 0x0000, 
  0x0000, 0x0000, 0x0000, 0x0000, 0x0000, 0x0000, 0x0000, 0x0000, 
  0x0000, 0x0000, 0x0000, 0x0000, 0x0000, 0x0000, 0x0000, 0x0000, 
  0x0000, 0x0000, 0x0000, 0x0000, 0x0000, 0x0000, 0x0000, 0x0000, 
  0xD4A5, 0xCCE6, 0xD507, 0xD548, 0xDDAA, 0xE60B, 0xE62C, 0xEE6C, 
  0xF68D, 0xF6EF, 0xFF30, 0xFF30, 0xFF30, 0xFF51, 0xFF52, 0xFF72, 
  0xFF72, 0xFF72, 0xFF72, 0xFF72, 0xFF72, 0xFF52, 0xFF72, 0xFF72, 
  0xFF72, 0xFF72, 0xFF72, 0xFF72, 0xFF72, 0xFF72, 0xFF72, 0xFF72, 
  0xFF52, 0xFF51, 0xFF30, 0xFF30, 0xF6CE, 0xEE8C, 0xEE4C, 0xE62B, 
  0xE5CA, 0xDD89, 0xD527, 0xCCE6, 0xD4C5, 0xCC84, 0x0000, 0x0000, 
  0x0000, 0x0000, 0x0000, 0x0000, 0x0000, 0x0000, 0x0000, 0x0000, 
  0x0000, 0x0000, 0x0000, 0x0000, 0x0000, 0x0000, 0x0000, 0x0000, 
  0x0000, 0x0000, 0x0000, 0x0000, 0x0000, 0x0000, 0x0000, 0x0000, 
  0x0000, 0x0000, 0x0000, 0x0000, 0x0000, 0x0000, 0x0000, 0x0000, 
  0x0000, 0x0000, 0x0000, 0x0000, 0x0000, 0x0000, 0x0000, 0x0000, 
  
  0x0000, 0x0000, 0x0000, 0x0000, 0x0000, 0x0000, 0x0000, 0x0000, 
  0x0000, 0x0000, 0x0000, 0x0000, 0x0000, 0x0000, 0x0000, 0x0000, 
  0x0000, 0x0000, 0x0000, 0x0000, 0x0000, 0x0000, 0x0000, 0x0000, 
  0x0000, 0x0000, 0x0000, 0x0000, 0x0000, 0x0000, 0x0000, 0x0000, 
  0x0000, 0x0000, 0x0000, 0x0000, 0x0000, 0x0000, 0xD505, 0xCCC6, 
  0xCCE6, 0xD548, 0xDDCA, 0xE62C, 0xEEAE, 0xF6EF, 0xF70F, 0xFF0F, 
  0xFF0F, 0xFF30, 0xFF30, 0xFF0F, 0xFF30, 0xFF30, 0xFF51, 0xFF51, 
  0xFF51, 0xFF51, 0xFF51, 0xFF51, 0xFF51, 0xFF51, 0xFF51, 0xFF51, 
  0xFF51, 0xFF51, 0xFF51, 0xFF51, 0xFF51, 0xFF51, 0xFF51, 0xFF51, 
  0xFF50, 0xFF2F, 0xFF2F, 0xFF50, 0xFF0E, 0xFEEE, 0xF70F, 0xF6EF, 
  0xF6CF, 0xEE6D, 0xE60B, 0xDD89, 0xD527, 0xCCC6, 0xD4A5, 0x0000, 
  0x0000, 0x0000, 0x0000, 0x0000, 0x0000, 0x0000, 0x0000, 0x0000, 
  0x0000, 0x0000, 0x0000, 0x0000, 0x0000, 0x0000, 0x0000, 0x0000, 
  0x0000, 0x0000, 0x0000, 0x0000, 0x0000, 0x0000, 0x0000, 0x0000, 
  0x0000, 0x0000, 0x0000, 0x0000, 0x0000, 0x0000, 0x0000, 0x0000, 
  0x0000, 0x0000, 0x0000, 0x0000, 0x0000, 0x0000, 0x0000, 0x0000, 
  
  0x0000, 0x0000, 0x0000, 0x0000, 0x0000, 0x0000, 0x0000, 0x0000, 
  0x0000, 0x0000, 0x0000, 0x0000, 0x0000, 0x0000, 0x0000, 0x0000, 
  0x0000, 0x0000, 0x0000, 0x0000, 0x0000, 0x0000, 0x0000, 0x0000, 
  0x0000, 0x0000, 0x0000, 0x0000, 0x0000, 0x0000, 0x0000, 0x0000, 
  0x0000, 0x0000, 0x0000, 0x0000, 0x0000, 0xCCE5, 0xD527, 0xD527, 
  0xDD89, 0xE62C, 0xEEAF, 0xF711, 0xFF52, 0xFF51, 0xFF51, 0xFF30, 
  0xFF2F, 0xFF50, 0xFF50, 0xFF0F, 0xFF2F, 0xFF30, 0xFF30, 0xFF30, 
  0xFF51, 0xFF51, 0xFF51, 0xFF51, 0xFF30, 0xFF30, 0xFF30, 0xFF30, 
  0xFF30, 0xFF30, 0xFF30, 0xFF30, 0xFF30, 0xFF30, 0xFF30, 0xFF30, 
  0xFF0F, 0xFF0E, 0xFF0E, 0xFF50, 0xFF0E, 0xFF0E, 0xFF50, 0xFF51, 
  0xFF51, 0xFF31, 0xF6F0, 0xEE6E, 0xE5EB, 0xD568, 0xD527, 0xD506, 
  0xC4C5, 0x0000, 0x0000, 0x0000, 0x0000, 0x0000, 0x0000, 0x0000, 
  0x0000, 0x0000, 0x0000, 0x0000, 0x0000, 0x0000, 0x0000, 0x0000, 
  0x0000, 0x0000, 0x0000, 0x0000, 0x0000, 0x0000, 0x0000, 0x0000, 
  0x0000, 0x0000, 0x0000, 0x0000, 0x0000, 0x0000, 0x0000, 0x0000, 
  0x0000, 0x0000, 0x0000, 0x0000, 0x0000, 0x0000, 0x0000, 0x0000, 
  
  0x0000, 0x0000, 0x0000, 0x0000, 0x0000, 0x0000, 0x0000, 0x0000, 
  0x0000, 0x0000, 0x0000, 0x0000, 0x0000, 0x0000, 0x0000, 0x0000, 
  0x0000, 0x0000, 0x0000, 0x0000, 0x0000, 0x0000, 0x0000, 0x0000, 
  0x0000, 0x0000, 0x0000, 0x0000, 0x0000, 0x0000, 0x0000, 0x0000, 
  0x0000, 0x0000, 0x0000, 0x0000, 0xCCC5, 0xD507, 0xD548, 0xDDCB, 
  0xEE6E, 0xF710, 0xFF52, 0xFF73, 0xFF72, 0xFF72, 0xFF50, 0xFF2F, 
  0xFF0E, 0xFF4F, 0xFF50, 0xFF0E, 0xFF0F, 0xFF0F, 0xFF30, 0xFF30, 
  0xFF30, 0xFF30, 0xFF30, 0xFF30, 0xFF30, 0xFF30, 0xFF30, 0xFF30, 
  0xFF30, 0xFF30, 0xFF2F, 0xFF0F, 0xFF2F, 0xFF0F, 0xFF0F, 0xFF0E, 
  0xFEED, 0xFECC, 0xFEED, 0xFF4F, 0xFF0D, 0xFF0D, 0xFF4F, 0xFF51, 
  0xFF72, 0xFF72, 0xFF72, 0xF731, 0xEECF, 0xE62C, 0xDD89, 0xD528, 
  0xCD06, 0xCC85, 0x0000, 0x0000, 0x0000, 0x0000, 0x0000, 0x0000, 
  0x0000, 0x0000, 0x0000, 0x0000, 0x0000, 0x0000, 0x0000, 0x0000, 
  0x0000, 0x0000, 0x0000, 0x0000, 0x0000, 0x0000, 0x0000, 0x0000, 
  0x0000, 0x0000, 0x0000, 0x0000, 0x0000, 0x0000, 0x0000, 0x0000, 
  0x0000, 0x0000, 0x0000, 0x0000, 0x0000, 0x0000, 0x0000, 0x0000, 
  
  0x0000, 0x0000, 0x0000, 0x0000, 0x0000, 0x0000, 0x0000, 0x0000, 
  0x0000, 0x0000, 0x0000, 0x0000, 0x0000, 0x0000, 0x0000, 0x0000, 
  0x0000, 0x0000, 0x0000, 0x0000, 0x0000, 0x0000, 0x0000, 0x0000, 
  0x0000, 0x0000, 0x0000, 0x0000, 0x0000, 0x0000, 0x0000, 0x0000, 
  0x0000, 0x0000, 0x0000, 0xCCC5, 0xD507, 0xD569, 0xE60C, 0xEECF, 
  0xF732, 0xFF73, 0xFF93, 0xFF93, 0xFF72, 0xFF51, 0xFF30, 0xFF2F, 
  0xFF0E, 0xFF2F, 0xFF30, 0xFEED, 0xFF0E, 0xFF0F, 0xFF0F, 0xFF0F, 
  0xFF0F, 0xFF0F, 0xFF0F, 0xFF0F, 0xFF2F, 0xFF2F, 0xFF0F, 0xFF0F, 
  0xFF0F, 0xFF0F, 0xFF0F, 0xFF0F, 0xFF0F, 0xFF0E, 0xFEEE, 0xFEED, 
  0xFECD, 0xFEAC, 0xFEEC, 0xFF2E, 0xFEEC, 0xFEEC, 0xFF2E, 0xFF50, 
  0xFF51, 0xFF72, 0xFF93, 0xFF73, 0xFF52, 0xF710, 0xEE6E, 0xDDCA, 
  0xD548, 0xCCE6, 0xC4C4, 0x0000, 0x0000, 0x0000, 0x0000, 0x0000, 
  0x0000, 0x0000, 0x0000, 0x0000, 0x0000, 0x0000, 0x0000, 0x0000, 
  0x0000, 0x0000, 0x0000, 0x0000, 0x0000, 0x0000, 0x0000, 0x0000, 
  0x0000, 0x0000, 0x0000, 0x0000, 0x0000, 0x0000, 0x0000, 0x0000, 
  0x0000, 0x0000, 0x0000, 0x0000, 0x0000, 0x0000, 0x0000, 0x0000, 
  
  0x0000, 0x0000, 0x0000, 0x0000, 0x0000, 0x0000, 0x0000, 0x0000, 
  0x0000, 0x0000, 0x0000, 0x0000, 0x0000, 0x0000, 0x0000, 0x0000, 
  0x0000, 0x0000, 0x0000, 0x0000, 0x0000, 0x0000, 0x0000, 0x0000, 
  0x0000, 0x0000, 0x0000, 0x0000, 0x0000, 0x0000, 0x0000, 0x0000, 
  0x0000, 0x0000, 0xCCC6, 0xD527, 0xDD89, 0xE62C, 0xF6F0, 0xFF52, 
  0xFF93, 0xFF93, 0xFF93, 0xFF72, 0xFF51, 0xFF50, 0xFF2F, 0xFF0E, 
  0xFEED, 0xFF2F, 0xFF2F, 0xFEED, 0xFEED, 0xFEEE, 0xFF0E, 0xFF0F, 
  0xFF0F, 0xFF0F, 0xFF0F, 0xFF0F, 0xFF0F, 0xFF0F, 0xFF0F, 0xFF0F, 
  0xFF0F, 0xFF0F, 0xFF0F, 0xFF0F, 0xFF0E, 0xFF0E, 0xFEEE, 0xFEED, 
  0xFECC, 0xFEAB, 0xFECC, 0xFF2E, 0xFEEC, 0xFECC, 0xFF0E, 0xFF2F, 
  0xFF50, 0xFF72, 0xFF72, 0xFF73, 0xFF73, 0xFF72, 0xF711, 0xEE8E, 
  0xDDCB, 0xD548, 0xCCE6, 0xC463, 0x0000, 0x0000, 0x0000, 0x0000, 
  0x0000, 0x0000, 0x0000, 0x0000, 0x0000, 0x0000, 0x0000, 0x0000, 
  0x0000, 0x0000, 0x0000, 0x0000, 0x0000, 0x0000, 0x0000, 0x0000, 
  0x0000, 0x0000, 0x0000, 0x0000, 0x0000, 0x0000, 0x0000, 0x0000, 
  0x0000, 0x0000, 0x0000, 0x0000, 0x0000, 0x0000, 0x0000, 0x0000, 
  
  0x0000, 0x0000, 0x0000, 0x0000, 0x0000, 0x0000, 0x0000, 0x0000, 
  0x0000, 0x0000, 0x0000, 0x0000, 0x0000, 0x0000, 0x0000, 0x0000, 
  0x0000, 0x0000, 0x0000, 0x0000, 0x0000, 0x0000, 0x0000, 0x0000, 
  0x0000, 0x0000, 0x0000, 0x0000, 0x0000, 0x0000, 0x0000, 0x0000, 
  0x0000, 0xCCA5, 0xD527, 0xDD89, 0xE64C, 0xF6F0, 0xFF72, 0xFF93, 
  0xFF93, 0xFF93, 0xFF72, 0xFF51, 0xFF50, 0xFF2F, 0xFF0E, 0xFF0E, 
  0xFEED, 0xFF2E, 0xFF2F, 0xFECC, 0xFECD, 0xFEED, 0xFEED, 0xFEEE, 
  0xFEEE, 0xFF0E, 0xFF0E, 0xFEEE, 0xFF0E, 0xFEEE, 0xFEEE, 0xFF0E, 
  0xFEEE, 0xFF0E, 0xFEEE, 0xFF0E, 0xFEEE, 0xFEED, 0xFEED, 0xFECC, 
  0xFECC, 0xFEAB, 0xFECB, 0xFF2E, 0xFECC, 0xFECB, 0xFF0D, 0xFF0E, 
  0xFF30, 0xFF51, 0xFF51, 0xFF72, 0xFF73, 0xFF93, 0xFF73, 0xF731, 
  0xEEAF, 0xE5EB, 0xD568, 0xCCE6, 0xCCC6, 0x0000, 0x0000, 0x0000, 
  0x0000, 0x0000, 0x0000, 0x0000, 0x0000, 0x0000, 0x0000, 0x0000, 
  0x0000, 0x0000, 0x0000, 0x0000, 0x0000, 0x0000, 0x0000, 0x0000, 
  0x0000, 0x0000, 0x0000, 0x0000, 0x0000, 0x0000, 0x0000, 0x0000, 
  0x0000, 0x0000, 0x0000, 0x0000, 0x0000, 0x0000, 0x0000, 0x0000, 
  
  0x0000, 0x0000, 0x0000, 0x0000, 0x0000, 0x0000, 0x0000, 0x0000, 
  0x0000, 0x0000, 0x0000, 0x0000, 0x0000, 0x0000, 0x0000, 0x0000, 
  0x0000, 0x0000, 0x0000, 0x0000, 0x0000, 0x0000, 0x0000, 0x0000, 
  0x0000, 0x0000, 0x0000, 0x0000, 0x0000, 0x0000, 0x0000, 0x0000, 
  0xCCC6, 0xD527, 0xDDAA, 0xE64D, 0xF710, 0xFF72, 0xFF93, 0xFF93, 
  0xFF93, 0xFF72, 0xFF51, 0xFF50, 0xFF30, 0xFF2F, 0xFF0E, 0xFF0D, 
  0xFECC, 0xFF0E, 0xFF2E, 0xFEAB, 0xFECC, 0xFECC, 0xFECD, 0xFECD, 
  0xFEED, 0xFEEE, 0xFEEE, 0xFEEE, 0xFEEE, 0xFEEE, 0xFEEE, 0xFEEE, 
  0xFEEE, 0xFEEE, 0xFEEE, 0xFEEE, 0xFEED, 0xFEED, 0xFECC, 0xFECC, 
  0xFEAB, 0xF68A, 0xFECB, 0xFF2D, 0xF6CB, 0xFECB, 0xFEED, 0xFF0E, 
  0xFF2F, 0xFF50, 0xFF51, 0xFF51, 0xFF72, 0xFF72, 0xFF93, 0xFF73, 
  0xF752, 0xEEAF, 0xE60B, 0xD568, 0xCCE6, 0xCCC6, 0x0000, 0x0000, 
  0x0000, 0x0000, 0x0000, 0x0000, 0x0000, 0x0000, 0x0000, 0x0000, 
  0x0000, 0x0000, 0x0000, 0x0000, 0x0000, 0x0000, 0x0000, 0x0000, 
  0x0000, 0x0000, 0x0000, 0x0000, 0x0000, 0x0000, 0x0000, 0x0000, 
  0x0000, 0x0000, 0x0000, 0x0000, 0x0000, 0x0000, 0x0000, 0x0000, 
  
  0x0000, 0x0000, 0x0000, 0x0000, 0x0000, 0x0000, 0x0000, 0x0000, 
  0x0000, 0x0000, 0x0000, 0x0000, 0x0000, 0x0000, 0x0000, 0x0000, 
  0x0000, 0x0000, 0x0000, 0x0000, 0x0000, 0x0000, 0x0000, 0x0000, 
  0x0000, 0x0000, 0x0000, 0x0000, 0x0000, 0x0000, 0x0000, 0xCCC6, 
  0xD527, 0xDD89, 0xE64D, 0xF710, 0xFF72, 0xFF93, 0xFF93, 0xFF72, 
  0xFF72, 0xFF51, 0xFF50, 0xFF30, 0xFF2F, 0xFF0E, 0xFF0E, 0xFEED, 
  0xFECC, 0xFF0D, 0xFF2E, 0xFEAA, 0xFEAB, 0xFEAB, 0xFEAC, 0xFECC, 
  0xFECD, 0xFECD, 0xFECD, 0xFEED, 0xFECD, 0xFEED, 0xFEED, 0xFEED, 
  0xFEEE, 0xFEED, 0xFEED, 0xFECD, 0xFECD, 0xFECC, 0xFECC, 0xFEAB, 
  0xF6AB, 0xF68A, 0xFECB, 0xFF0D, 0xF6CB, 0xFEAB, 0xFEEC, 0xFEED, 
  0xFF0E, 0xFF2F, 0xFF30, 0xFF50, 0xFF51, 0xFF71, 0xFF72, 0xFF72, 
  0xFF72, 0xFF31, 0xEECF, 0xE60B, 0xD568, 0xCCE6, 0xC3C0, 0x0000, 
  0x0000, 0x0000, 0x0000, 0x0000, 0x0000, 0x0000, 0x0000, 0x0000, 
  0x0000, 0x0000, 0x0000, 0x0000, 0x0000, 0x0000, 0x0000, 0x0000, 
  0x0000, 0x0000, 0x0000, 0x0000, 0x0000, 0x0000, 0x0000, 0x0000, 
  0x0000, 0x0000, 0x0000, 0x0000, 0x0000, 0x0000, 0x0000, 0x0000, 
  
  0x0000, 0x0000, 0x0000, 0x0000, 0x0000, 0x0000, 0x0000, 0x0000, 
  0x0000, 0x0000, 0x0000, 0x0000, 0x0000, 0x0000, 0x0000, 0x0000, 
  0x0000, 0x0000, 0x0000, 0x0000, 0x0000, 0x0000, 0x0000, 0x0000, 
  0x0000, 0x0000, 0x0000, 0x0000, 0x0000, 0x0000, 0xCCE5, 0xD527, 
  0xDD69, 0xE64C, 0xF710, 0xFF72, 0xFF93, 0xFF93, 0xFF72, 0xFF71, 
  0xFF51, 0xFF50, 0xFF30, 0xFF2F, 0xFF0F, 0xFF0E, 0xFEED, 0xFEEC, 
  0xF6AB, 0xFF0C, 0xFF2D, 0xF68A, 0xF68A, 0xF68A, 0xFEAB, 0xFEAC, 
  0xFECC, 0xFECC, 0xFECD, 0xFECD, 0xFECD, 0xFECD, 0xFECD, 0xFECD, 
  0xFECD, 0xFECD, 0xFECD, 0xFECD, 0xFECC, 0xFECC, 0xFEAB, 0xF6AB, 
  0xF6AA, 0xF689, 0xFEAA, 0xFF0C, 0xF6AA, 0xF6AA, 0xFECC, 0xFEED, 
  0xFF0E, 0xFF0F, 0xFF2F, 0xFF30, 0xFF50, 0xFF51, 0xFF71, 0xFF72, 
  0xFF72, 0xFF72, 0xFF52, 0xEEAF, 0xE5EB, 0xD548, 0xD4C6, 0xF800, 
  0x0000, 0x0000, 0x0000, 0x0000, 0x0000, 0x0000, 0x0000, 0x0000, 
  0x0000, 0x0000, 0x0000, 0x0000, 0x0000, 0x0000, 0x0000, 0x0000, 
  0x0000, 0x0000, 0x0000, 0x0000, 0x0000, 0x0000, 0x0000, 0x0000, 
  0x0000, 0x0000, 0x0000, 0x0000, 0x0000, 0x0000, 0x0000, 0x0000, 
  
  0x0000, 0x0000, 0x0000, 0x0000, 0x0000, 0x0000, 0x0000, 0x0000, 
  0x0000, 0x0000, 0x0000, 0x0000, 0x0000, 0x0000, 0x0000, 0x0000, 
  0x0000, 0x0000, 0x0000, 0x0000, 0x0000, 0x0000, 0x0000, 0x0000, 
  0x0000, 0x0000, 0x0000, 0x0000, 0x0000, 0x0000, 0xD505, 0xD547, 
  0xE60B, 0xF6F0, 0xFF72, 0xFF93, 0xFF93, 0xFF72, 0xFF71, 0xFF50, 
  0xFF50, 0xFF2F, 0xFF2F, 0xFF0F, 0xFF0E, 0xFF0E, 0xFEED, 0xFECC, 
  0xF6AA, 0xFEEC, 0xFF2D, 0xF669, 0xF689, 0xF68A, 0xF68A, 0xFEAB, 
  0xF6AB, 0xF6AC, 0xFECC, 0xFEAC, 0xF6AC, 0xF6AC, 0xFEAC, 0xFECC, 
  0xF6CC, 0xFECC, 0xFECC, 0xF6CC, 0xF6AC, 0xF6AB, 0xF6AB, 0xF68A, 
  0xF68A, 0xF669, 0xFEAA, 0xFF0C, 0xF68A, 0xF68A, 0xFECB, 0xFEEC, 
  0xFF0D, 0xFF0E, 0xFF0F, 0xFF2F, 0xFF2F, 0xFF30, 0xFF50, 0xFF51, 
  0xFF72, 0xFF72, 0xFF72, 0xF731, 0xEE8E, 0xDDCA, 0xD527, 0xD4C5, 
  0x0000, 0x0000, 0x0000, 0x0000, 0x0000, 0x0000, 0x0000, 0x0000, 
  0x0000, 0x0000, 0x0000, 0x0000, 0x0000, 0x0000, 0x0000, 0x0000, 
  0x0000, 0x0000, 0x0000, 0x0000, 0x0000, 0x0000, 0x0000, 0x0000, 
  0x0000, 0x0000, 0x0000, 0x0000, 0x0000, 0x0000, 0x0000, 0x0000, 
  
  0x0000, 0x0000, 0x0000, 0x0000, 0x0000, 0x0000, 0x0000, 0x0000, 
  0x0000, 0x0000, 0x0000, 0x0000, 0x0000, 0x0000, 0x0000, 0x0000, 
  0x0000, 0x0000, 0x0000, 0x0000, 0x0000, 0x0000, 0x0000, 0x0000, 
  0x0000, 0x0000, 0x0000, 0x0000, 0x0000, 0xCCA5, 0xD505, 0xE5C9, 
  0xEEAD, 0xFF51, 0xFF92, 0xFF92, 0xFF72, 0xFF51, 0xFF50, 0xFF30, 
  0xFF2F, 0xFF2F, 0xFF0F, 0xFF0E, 0xFF0E, 0xFEED, 0xFEEC, 0xFECB, 
  0xF68A, 0xF6EB, 0xFF0C, 0xF668, 0xF669, 0xF669, 0xF68A, 0xF68A, 
  0xF68B, 0xF6AB, 0xF6AB, 0xF6AC, 0xF6AC, 0xF6AC, 0xF6AC, 0xF6AC, 
  0xF6AC, 0xF6AC, 0xF6AC, 0xF6AB, 0xF6AB, 0xF68B, 0xF68A, 0xF68A, 
  0xF669, 0xF668, 0xF6A9, 0xFF0B, 0xF689, 0xF689, 0xFEAA, 0xFECC, 
  0xFEED, 0xFF0D, 0xFF0E, 0xFF0F, 0xFF2F, 0xFF2F, 0xFF30, 0xFF50, 
  0xFF51, 0xFF72, 0xFF72, 0xFF72, 0xF710, 0xEE6D, 0xDDA9, 0xD506, 
  0xCD04, 0x0000, 0x0000, 0x0000, 0x0000, 0x0000, 0x0000, 0x0000, 
  0x0000, 0x0000, 0x0000, 0x0000, 0x0000, 0x0000, 0x0000, 0x0000, 
  0x0000, 0x0000, 0x0000, 0x0000, 0x0000, 0x0000, 0x0000, 0x0000, 
  0x0000, 0x0000, 0x0000, 0x0000, 0x0000, 0x0000, 0x0000, 0x0000, 
  
  0x0000, 0x0000, 0x0000, 0x0000, 0x0000, 0x0000, 0x0000, 0x0000, 
  0x0000, 0x0000, 0x0000, 0x0000, 0x0000, 0x0000, 0x0000, 0x0000, 
  0x0000, 0x0000, 0x0000, 0x0000, 0x0000, 0x0000, 0x0000, 0x0000, 
  0x0000, 0x0000, 0x0000, 0x0000, 0xC442, 0xCCE5, 0xDD87, 0xEE6B, 
  0xF70F, 0xFF72, 0xFF92, 0xFF72, 0xFF51, 0xFF50, 0xFF2F, 0xFF2F, 
  0xFF0F, 0xFF0F, 0xFF0E, 0xFF0E, 0xFEED, 0xFEED, 0xFECC, 0xFEAB, 
  0xF669, 0xF6CB, 0xFF0C, 0xF648, 0xF668, 0xF669, 0xF669, 0xF68A, 
  0xF68A, 0xF68B, 0xF68B, 0xF68B, 0xF68B, 0xF68B, 0xF68B, 0xF68B, 
  0xF68B, 0xF68B, 0xF68B, 0xF68B, 0xF68A, 0xF68A, 0xF68A, 0xF669, 
  0xF668, 0xF648, 0xF6A9, 0xFEEB, 0xF669, 0xF669, 0xF6AA, 0xFECB, 
  0xFEEC, 0xFEED, 0xFF0E, 0xFF0E, 0xFF0F, 0xFF2F, 0xFF2F, 0xFF30, 
  0xFF50, 0xFF51, 0xFF72, 0xFF72, 0xFF52, 0xF6EF, 0xE62B, 0xDD88, 
  0xD4E6, 0x0000, 0x0000, 0x0000, 0x0000, 0x0000, 0x0000, 0x0000, 
  0x0000, 0x0000, 0x0000, 0x0000, 0x0000, 0x0000, 0x0000, 0x0000, 
  0x0000, 0x0000, 0x0000, 0x0000, 0x0000, 0x0000, 0x0000, 0x0000, 
  0x0000, 0x0000, 0x0000, 0x0000, 0x0000, 0x0000, 0x0000, 0x0000, 
  
  0x0000, 0x0000, 0x0000, 0x0000, 0x0000, 0x0000, 0x0000, 0x0000, 
  0x0000, 0x0000, 0x0000, 0x0000, 0x0000, 0x0000, 0x0000, 0x0000, 
  0x0000, 0x0000, 0x0000, 0x0000, 0x0000, 0x0000, 0x0000, 0x0000, 
  0x0000, 0x0000, 0x0000, 0x0000, 0xCCE4, 0xD546, 0xE60A, 0xF6ED, 
  0xFF50, 0xFF71, 0xFF71, 0xFF50, 0xFF50, 0xFF2F, 0xFF2F, 0xFF0E, 
  0xFF0E, 0xFF0E, 0xFF0E, 0xFEED, 0xFEED, 0xFEEC, 0xFECB, 0xFEAA, 
  0xF669, 0xF6AA, 0xFF0B, 0xF647, 0xF647, 0xF648, 0xF669, 0xF669, 
  0xF68A, 0xF68A, 0xF68A, 0xF68A, 0xF68B, 0xF68B, 0xF68B, 0xF68B, 
  0xF68B, 0xF68B, 0xF68A, 0xF68A, 0xF66A, 0xF669, 0xF669, 0xF668, 
  0xF648, 0xF647, 0xF689, 0xF6EB, 0xF668, 0xF668, 0xF689, 0xFEAA, 
  0xFECB, 0xFEEC, 0xFEED, 0xFF0E, 0xFF0E, 0xFF0E, 0xFF2F, 0xFF2F, 
  0xFF30, 0xFF50, 0xFF51, 0xFF72, 0xFF72, 0xFF51, 0xF6AE, 0xE5EA, 
  0xD547, 0xE4E5, 0x0000, 0x0000, 0x0000, 0x0000, 0x0000, 0x0000, 
  0x0000, 0x0000, 0x0000, 0x0000, 0x0000, 0x0000, 0x0000, 0x0000, 
  0x0000, 0x0000, 0x0000, 0x0000, 0x0000, 0x0000, 0x0000, 0x0000, 
  0x0000, 0x0000, 0x0000, 0x0000, 0x0000, 0x0000, 0x0000, 0x0000, 
  
  0x0000, 0x0000, 0x0000, 0x0000, 0x0000, 0x0000, 0x0000, 0x0000, 
  0x0000, 0x0000, 0x0000, 0x0000, 0x0000, 0x0000, 0x0000, 0x0000, 
  0x0000, 0x0000, 0x0000, 0x0000, 0x0000, 0x0000, 0x0000, 0x0000, 
  0x0000, 0x0000, 0x0000, 0xBC83, 0xCD05, 0xDDA8, 0xEE8B, 0xFF2E, 
  0xFF70, 0xFF71, 0xFF50, 0xFF2F, 0xFF2F, 0xFF0E, 0xFF0E, 0xFF0E, 
  0xFF0E, 0xFF0D, 0xFEED, 0xFEED, 0xFEEC, 0xFECB, 0xF6AB, 0xF6AA, 
  0xF668, 0xF6AA, 0xFF0B, 0xF647, 0xF647, 0xF647, 0xF648, 0xF649, 
  0xF669, 0xF669, 0xF66A, 0xF66A, 0xF66A, 0xF66A, 0xF66A, 0xF66A, 
  0xF66A, 0xF66A, 0xF66A, 0xF66A, 0xF669, 0xF669, 0xF648, 0xF648, 
  0xF647, 0xF627, 0xF688, 0xF6EA, 0xF668, 0xF648, 0xF689, 0xFEAA, 
  0xFECB, 0xFECC, 0xFEEC, 0xFEED, 0xFF0D, 0xFF0E, 0xFF0E, 0xFF0E, 
  0xFF2F, 0xFF2F, 0xFF50, 0xFF71, 0xFF71, 0xFF71, 0xF70F, 0xE64C, 
  0xDD89, 0xD4E6, 0x0000, 0x0000, 0x0000, 0x0000, 0x0000, 0x0000, 
  0x0000, 0x0000, 0x0000, 0x0000, 0x0000, 0x0000, 0x0000, 0x0000, 
  0x0000, 0x0000, 0x0000, 0x0000, 0x0000, 0x0000, 0x0000, 0x0000, 
  0x0000, 0x0000, 0x0000, 0x0000, 0x0000, 0x0000, 0x0000, 0x0000, 
  
  0x0000, 0x0000, 0x0000, 0x0000, 0x0000, 0x0000, 0x0000, 0x0000, 
  0x0000, 0x0000, 0x0000, 0x0000, 0x0000, 0x0000, 0x0000, 0x0000, 
  0x0000, 0x0000, 0x0000, 0x0000, 0x0000, 0x0000, 0x0000, 0x0000, 
  0x0000, 0x0000, 0x0000, 0xCD05, 0xD506, 0xE609, 0xF6CC, 0xFF2E, 
  0xFF4F, 0xFF4F, 0xFF2F, 0xFF2E, 0xFF0E, 0xFF0D, 0xFF0D, 0xFF0D, 
  0xFEED, 0xFEED, 0xFEED, 0xFECC, 0xFECB, 0xFECB, 0xF6AA, 0xF689, 
  0xF647, 0xF6A9, 0xFF0B, 0xF626, 0xF627, 0xF627, 0xF648, 0xF648, 
  0xF649, 0xF649, 0xF649, 0xF649, 0xF649, 0xF649, 0xF649, 0xF649, 
  0xF649, 0xF669, 0xF669, 0xF669, 0xF649, 0xF648, 0xF648, 0xF647, 
  0xF647, 0xF626, 0xF688, 0xF6EA, 0xEE47, 0xF647, 0xF668, 0xF689, 
  0xFEAA, 0xFECB, 0xFECC, 0xFEEC, 0xFEED, 0xFF0D, 0xFF0E, 0xFF0E, 
  0xFF0E, 0xFF2F, 0xFF2F, 0xFF50, 0xFF71, 0xFF71, 0xFF30, 0xEE8D, 
  0xDDC9, 0xD527, 0x0000, 0x0000, 0x0000, 0x0000, 0x0000, 0x0000, 
  0x0000, 0x0000, 0x0000, 0x0000, 0x0000, 0x0000, 0x0000, 0x0000, 
  0x0000, 0x0000, 0x0000, 0x0000, 0x0000, 0x0000, 0x0000, 0x0000, 
  0x0000, 0x0000, 0x0000, 0x0000, 0x0000, 0x0000, 0x0000, 0x0000, 
  
  0x0000, 0x0000, 0x0000, 0x0000, 0x0000, 0x0000, 0x0000, 0x0000, 
  0x0000, 0x0000, 0x0000, 0x0000, 0x0000, 0x0000, 0x0000, 0x0000, 
  0x0000, 0x0000, 0x0000, 0x0000, 0x0000, 0x0000, 0x0000, 0x0000, 
  0x0000, 0x0000, 0x0000, 0xCCA5, 0xD546, 0xEE4A, 0xF6ED, 0xFF2E, 
  0xFF4E, 0xFF2E, 0xFF2D, 0xFF0D, 0xFF0D, 0xFEED, 0xFEED, 0xFEED, 
  0xFEEC, 0xFEEC, 0xFECC, 0xFECB, 0xFEAB, 0xF6AA, 0xF689, 0xF668, 
  0xF647, 0xF689, 0xFEEA, 0xF626, 0xF626, 0xF627, 0xF647, 0xF648, 
  0xF648, 0xF648, 0xF648, 0xF649, 0xF649, 0xF649, 0xF629, 0xF629, 
  0xF649, 0xF649, 0xF648, 0xF648, 0xF648, 0xF648, 0xF647, 0xF627, 
  0xF627, 0xF626, 0xF688, 0xF6CA, 0xEE47, 0xF647, 0xF668, 0xF689, 
  0xF6A9, 0xFEAA, 0xFECB, 0xFECC, 0xFEEC, 0xFEED, 0xFEED, 0xFF0D, 
  0xFF0E, 0xFF0E, 0xFF0E, 0xFF2F, 0xFF4F, 0xFF50, 0xFF2F, 0xF6CD, 
  0xE5EA, 0xDD68, 0xB484, 0x0000, 0x0000, 0x0000, 0x0000, 0x0000, 
  0x0000, 0x0000, 0x0000, 0x0000, 0x0000, 0x0000, 0x0000, 0x0000, 
  0x0000, 0x0000, 0x0000, 0x0000, 0x0000, 0x0000, 0x0000, 0x0000, 
  0x0000, 0x0000, 0x0000, 0x0000, 0x0000, 0x0000, 0x0000, 0x0000, 
  
  0x0000, 0x0000, 0x0000, 0x0000, 0x0000, 0x0000, 0x0000, 0x0000, 
  0x0000, 0x0000, 0x0000, 0x0000, 0x0000, 0x0000, 0x0000, 0x0000, 
  0x0000, 0x0000, 0x0000, 0x0000, 0x0000, 0x0000, 0x0000, 0x0000, 
  0x0000, 0x0000, 0x0000, 0xCCC4, 0xDD87, 0xEE6A, 0xFF0C, 0xFF2D, 
  0xFF2D, 0xFF0D, 0xFF0C, 0xFEEC, 0xFEEC, 0xFEEC, 0xFEEC, 0xFEEC, 
  0xFEEC, 0xFECC, 0xFECB, 0xFECB, 0xF6AA, 0xF689, 0xF689, 0xF668, 
  0xF626, 0xF668, 0xFEEA, 0xF626, 0xF626, 0xF626, 0xF627, 0xF627, 
  0xF648, 0xF628, 0xF628, 0xF628, 0xF628, 0xEE28, 0xEE28, 0xEE28, 
  0xF628, 0xF628, 0xF628, 0xF628, 0xF627, 0xF627, 0xF627, 0xF627, 
  0xF626, 0xF626, 0xF688, 0xF6C9, 0xEE26, 0xF626, 0xF667, 0xF668, 
  0xF689, 0xFEAA, 0xFEAA, 0xFECB, 0xFECC, 0xFEEC, 0xFEEC, 0xFEED, 
  0xFEED, 0xFF0D, 0xFF0D, 0xFF0E, 0xFF2E, 0xFF2E, 0xFF2E, 0xF6ED, 
  0xE60A, 0xDD88, 0xCD06, 0x0000, 0x0000, 0x0000, 0x0000, 0x0000, 
  0x0000, 0x0000, 0x0000, 0x0000, 0x0000, 0x0000, 0x0000, 0x0000, 
  0x0000, 0x0000, 0x0000, 0x0000, 0x0000, 0x0000, 0x0000, 0x0000, 
  0x0000, 0x0000, 0x0000, 0x0000, 0x0000, 0x0000, 0x0000, 0x0000, 
  
  0x0000, 0x0000, 0x0000, 0x0000, 0x0000, 0x0000, 0x0000, 0x0000, 
  0x0000, 0x0000, 0x0000, 0x0000, 0x0000, 0x0000, 0x0000, 0x0000, 
  0x0000, 0x0000, 0x0000, 0x0000, 0x0000, 0x0000, 0x0000, 0x0000, 
  0x0000, 0x0000, 0x0000, 0xCCE5, 0xDDA7, 0xEE6A, 0xFEEB, 0xFF0B, 
  0xFF0B, 0xFEEB, 0xFEEB, 0xFECB, 0xFECB, 0xFECB, 0xFECB, 0xFECB, 
  0xFECB, 0xFECB, 0xFEAA, 0xF6AA, 0xF689, 0xF689, 0xF668, 0xF667, 
  0xEE26, 0xF668, 0xFEEA, 0xF606, 0xF626, 0xF626, 0xF627, 0xF627, 
  0xF627, 0xF627, 0xF628, 0xF628, 0xEE28, 0xEE28, 0xEE08, 0xEE08, 
  0xEE28, 0xF628, 0xF627, 0xF627, 0xF627, 0xF627, 0xF627, 0xF626, 
  0xF626, 0xF606, 0xF667, 0xF6A9, 0xEE26, 0xF626, 0xF647, 0xF668, 
  0xF688, 0xF689, 0xFEAA, 0xFEAA, 0xFECB, 0xFECB, 0xFEEC, 0xFEEC, 
  0xFEEC, 0xFEEC, 0xFEEC, 0xFF0D, 0xFF0D, 0xFF2D, 0xFF0D, 0xFEED, 
  0xEE2A, 0xDD88, 0xCD06, 0x0000, 0x0000, 0x0000, 0x0000, 0x0000, 
  0x0000, 0x0000, 0x0000, 0x0000, 0x0000, 0x0000, 0x0000, 0x0000, 
  0x0000, 0x0000, 0x0000, 0x0000, 0x0000, 0x0000, 0x0000, 0x0000, 
  0x0000, 0x0000, 0x0000, 0x0000, 0x0000, 0x0000, 0x0000, 0x0000, 
  
  0x0000, 0x0000, 0x0000, 0x0000, 0x0000, 0x0000, 0x0000, 0x0000, 
  0x0000, 0x0000, 0x0000, 0x0000, 0x0000, 0x0000, 0x0000, 0x0000, 
  0x0000, 0x0000, 0x0000, 0x0000, 0x0000, 0x0000, 0x0000, 0x0000, 
  0x0000, 0x0000, 0x0000, 0xD505, 0xDDA7, 0xF689, 0xFEEA, 0xFEE9, 
  0xFEC9, 0xFECA, 0xFEC9, 0xFECA, 0xFECA, 0xFECB, 0xFECA, 0xFEAA, 
  0xFEAA, 0xFEAA, 0xF6AA, 0xF689, 0xF689, 0xF668, 0xF667, 0xF647, 
  0xEE06, 0xEE47, 0xFEEA, 0xF605, 0xEE06, 0xF606, 0xF626, 0xF627, 
  0xF627, 0xF607, 0xEE27, 0xEE27, 0xEE07, 0xEE07, 0xEE07, 0xEE07, 
  0xEE07, 0xEE07, 0xEE07, 0xF607, 0xF607, 0xF607, 0xF606, 0xF606, 
  0xF606, 0xEE05, 0xF667, 0xF6A9, 0xEE26, 0xF626, 0xF647, 0xF647, 
  0xF668, 0xF689, 0xF689, 0xF6AA, 0xFEAA, 0xFECB, 0xFECB, 0xFEEB, 
  0xFEEC, 0xFEEB, 0xFEEB, 0xFEEC, 0xFF0C, 0xFF0C, 0xFF0C, 0xFEEC, 
  0xEE4A, 0xDD88, 0xD526, 0x0000, 0x0000, 0x0000, 0x0000, 0x0000, 
  0x0000, 0x0000, 0x0000, 0x0000, 0x0000, 0x0000, 0x0000, 0x0000, 
  0x0000, 0x0000, 0x0000, 0x0000, 0x0000, 0x0000, 0x0000, 0x0000, 
  0x0000, 0x0000, 0x0000, 0x0000, 0x0000, 0x0000, 0x0000, 0x0000, 
  
  0x0000, 0x0000, 0x0000, 0x0000, 0x0000, 0x0000, 0x0000, 0x0000, 
  0x0000, 0x0000, 0x0000, 0x0000, 0x0000, 0x0000, 0x0000, 0x0000, 
  0x0000, 0x0000, 0x0000, 0x0000, 0x0000, 0x0000, 0x0000, 0x0000, 
  0x0000, 0x0000, 0x0000, 0xD525, 0xE5C7, 0xF669, 0xFEC9, 0xFEC8, 
  0xFEC8, 0xFEC8, 0xFEA8, 0xFEA9, 0xFEA9, 0xFECA, 0xFEAA, 0xFEAA, 
  0xFEAA, 0xFE89, 0xF689, 0xF688, 0xF668, 0xF667, 0xF647, 0xF646, 
  0xEE05, 0xEE47, 0xF6EA, 0xEE05, 0xEDE5, 0xEE06, 0xEE06, 0xEE06, 
  0xF607, 0xEE07, 0xEE07, 0xEE07, 0xEE07, 0xEE07, 0xEDE7, 0xEE07, 
  0xEE07, 0xEE07, 0xEE07, 0xEE07, 0xEE06, 0xEE06, 0xEE06, 0xF606, 
  0xEE06, 0xEDE5, 0xF667, 0xF6A9, 0xEE06, 0xF626, 0xF646, 0xF647, 
  0xF667, 0xF668, 0xF689, 0xF689, 0xFEAA, 0xFEAA, 0xFECA, 0xFECB, 
  0xFECB, 0xFECB, 0xFECB, 0xFEEB, 0xFEEB, 0xFEEB, 0xFEEB, 0xFECB, 
  0xEE4A, 0xDD88, 0xD527, 0x0000, 0x0000, 0x0000, 0x0000, 0x0000, 
  0x0000, 0x0000, 0x0000, 0x0000, 0x0000, 0x0000, 0x0000, 0x0000, 
  0x0000, 0x0000, 0x0000, 0x0000, 0x0000, 0x0000, 0x0000, 0x0000, 
  0x0000, 0x0000, 0x0000, 0x0000, 0x0000, 0x0000, 0x0000, 0x0000, 
  
  0x0000, 0x0000, 0x0000, 0x0000, 0x0000, 0x0000, 0x0000, 0x0000, 
  0x0000, 0x0000, 0x0000, 0x0000, 0x0000, 0x0000, 0x0000, 0x0000, 
  0x0000, 0x0000, 0x0000, 0x0000, 0x0000, 0x0000, 0x0000, 0x0000, 
  0x0000, 0x0000, 0x0000, 0xD525, 0xE5C7, 0xF668, 0xFEA8, 0xFEA7, 
  0xFEA7, 0xFEA7, 0xFEA7, 0xFE88, 0xFE88, 0xFEA9, 0xFEA9, 0xFE89, 
  0xF689, 0xF689, 0xF668, 0xF668, 0xF647, 0xF647, 0xF626, 0xF626, 
  0xEDE5, 0xEE27, 0xF6CA, 0xEDE5, 0xEDE5, 0xEDE6, 0xEDE6, 0xEE06, 
  0xEE06, 0xEE06, 0xEE06, 0xEE07, 0xEDE7, 0xEDE7, 0xEDE7, 0xEDE7, 
  0xEDE6, 0xEDE6, 0xEDE6, 0xEDE6, 0xEE06, 0xEE06, 0xEDE6, 0xEDE6, 
  0xEDE5, 0xEDE5, 0xF667, 0xF689, 0xEE06, 0xEE05, 0xF626, 0xF626, 
  0xF647, 0xF668, 0xF668, 0xF669, 0xF689, 0xFEAA, 0xFEAA, 0xFEAA, 
  0xFEAA, 0xFEAA, 0xFECA, 0xFECA, 0xFEEA, 0xFEEA, 0xFEEA, 0xFECB, 
  0xEE49, 0xDDA8, 0xD547, 0x0000, 0x0000, 0x0000, 0x0000, 0x0000, 
  0x0000, 0x0000, 0x0000, 0x0000, 0x0000, 0x0000, 0x0000, 0x0000, 
  0x0000, 0x0000, 0x0000, 0x0000, 0x0000, 0x0000, 0x0000, 0x0000, 
  0x0000, 0x0000, 0x0000, 0x0000, 0x0000, 0x0000, 0x0000, 0x0000, 
  
  0x0000, 0x0000, 0x0000, 0x0000, 0x0000, 0x0000, 0x0000, 0x0000, 
  0x0000, 0x0000, 0x0000, 0x0000, 0x0000, 0x0000, 0x0000, 0x0000, 
  0x0000, 0x0000, 0x0000, 0x0000, 0x0000, 0x0000, 0x0000, 0x0000, 
  0x0000, 0x0000, 0xEE8E, 0xE5A7, 0xEE08, 0xF6A9, 0xFEC8, 0xFEA6, 
  0xFEA6, 0xFE86, 0xFE86, 0xFE67, 0xFE67, 0xFE68, 0xFE88, 0xF668, 
  0xF668, 0xF668, 0xF648, 0xF647, 0xF627, 0xF626, 0xEE06, 0xEE06, 
  0xEDE5, 0xEE06, 0xF6C9, 0xEDE5, 0xEDE5, 0xEDE5, 0xEDE5, 0xEDE6, 
  0xEDE6, 0xEDE6, 0xEDE6, 0xEDE6, 0xEDE6, 0xEDE6, 0xEDE6, 0xEDE6, 
  0xEDE6, 0xEDE6, 0xEDE6, 0xEDE6, 0xEDE6, 0xEDE6, 0xEDE5, 0xEDE5, 
  0xEDE5, 0xEDE5, 0xF647, 0xF688, 0xEDE5, 0xEDE5, 0xEE06, 0xF626, 
  0xF626, 0xF647, 0xF647, 0xF668, 0xF668, 0xF689, 0xFE89, 0xFE89, 
  0xFE89, 0xFE89, 0xFEA9, 0xFEA9, 0xFEC9, 0xFEC9, 0xFEC9, 0xFECB, 
  0xF66A, 0xE609, 0xE609, 0xF64D, 0x0000, 0x0000, 0x0000, 0x0000, 
  0x0000, 0x0000, 0x0000, 0x0000, 0x0000, 0x0000, 0x0000, 0x0000, 
  0x0000, 0x0000, 0x0000, 0x0000, 0x0000, 0x0000, 0x0000, 0x0000, 
  0x0000, 0x0000, 0x0000, 0x0000, 0x0000, 0x0000, 0x0000, 0x0000, 
  
  0x0000, 0x0000, 0x0000, 0x0000, 0x0000, 0x0000, 0x0000, 0x0000, 
  0x0000, 0x0000, 0x0000, 0x0000, 0x0000, 0x0000, 0x0000, 0x0000, 
  0x0000, 0x0000, 0x0000, 0x0000, 0x0000, 0x0000, 0x0000, 0x0000, 
  0x0000, 0xF754, 0xEEF1, 0xF6EF, 0xF731, 0xF731, 0xF688, 0xFE86, 
  0xFE86, 0xFE66, 0xFE66, 0xFE46, 0xFE47, 0xF667, 0xF668, 0xF668, 
  0xF648, 0xF647, 0xF647, 0xF627, 0xF626, 0xF626, 0xEE06, 0xEE06, 
  0xEDC5, 0xEE06, 0xF6C9, 0xEDE5, 0xEDE5, 0xEDE5, 0xEDE5, 0xEDE5, 
  0xEDE6, 0xEDE6, 0xEDC6, 0xEDC6, 0xEDE6, 0xEDC6, 0xEDC6, 0xEDC6, 
  0xEDC6, 0xEDC6, 0xEDC6, 0xEDE5, 0xEDE5, 0xEDE5, 0xEDE5, 0xEDE5, 
  0xEDE5, 0xEDE5, 0xF647, 0xF688, 0xEDE5, 0xEDE5, 0xEE05, 0xEE06, 
  0xEE26, 0xF627, 0xF647, 0xF647, 0xF668, 0xF668, 0xF689, 0xF689, 
  0xFE68, 0xFE68, 0xFE88, 0xFEA8, 0xFEA8, 0xFEA8, 0xFEA8, 0xF6ED, 
  0xFF51, 0xF710, 0xF6F0, 0xF6F2, 0xFFB1, 0x0000, 0x0000, 0x0000, 
  0x0000, 0x0000, 0x0000, 0x0000, 0x0000, 0x0000, 0x0000, 0x0000, 
  0x0000, 0x0000, 0x0000, 0x0000, 0x0000, 0x0000, 0x0000, 0x0000, 
  0x0000, 0x0000, 0x0000, 0x0000, 0x0000, 0x0000, 0x0000, 0x0000, 
  
  0x0000, 0x0000, 0x0000, 0x0000, 0x0000, 0x0000, 0x0000, 0x0000, 
  0x0000, 0x0000, 0x0000, 0x0000, 0x0000, 0x0000, 0x0000, 0x0000, 
  0x0000, 0x0000, 0x0000, 0x0000, 0x0000, 0x0000, 0x0000, 0x0000, 
  0xF778, 0xF756, 0xF776, 0xFF96, 0xFFB5, 0xE64C, 0xDDA5, 0xFE86, 
  0xFE66, 0xFE65, 0xFE65, 0xFE46, 0xF646, 0xF647, 0xF647, 0xF647, 
  0xF647, 0xF627, 0xF626, 0xF626, 0xF606, 0xF606, 0xEDE6, 0xEDE5, 
  0xEDC5, 0xEE06, 0xF6C9, 0xEDE5, 0xEDE5, 0xEDE5, 0xEDE5, 0xEDE5, 
  0xEDE5, 0xEDC5, 0xEDC5, 0xEDC5, 0xEDE5, 0xEDC6, 0xEDC6, 0xEDC5, 
  0xEDC5, 0xEDC5, 0xEDC5, 0xEDC5, 0xEDC5, 0xEDE5, 0xEDE5, 0xEDE5, 
  0xEDE5, 0xEDC5, 0xF647, 0xF688, 0xEDC5, 0xEDC5, 0xEDE5, 0xEE06, 
  0xF606, 0xF626, 0xF627, 0xF627, 0xF648, 0xF648, 0xF668, 0xF668, 
  0xFE68, 0xFE67, 0xFE67, 0xFE87, 0xFE88, 0xFEA8, 0xF667, 0xE608, 
  0xF711, 0xFF96, 0xF775, 0xF755, 0xF777, 0xF775, 0x0000, 0x0000, 
  0x0000, 0x0000, 0x0000, 0x0000, 0x0000, 0x0000, 0x0000, 0x0000, 
  0x0000, 0x0000, 0x0000, 0x0000, 0x0000, 0x0000, 0x0000, 0x0000, 
  0x0000, 0x0000, 0x0000, 0x0000, 0x0000, 0x0000, 0x0000, 0x0000, 
  
  0x0000, 0x0000, 0x0000, 0x0000, 0x0000, 0x0000, 0x0000, 0x0000, 
  0x0000, 0x0000, 0x0000, 0x0000, 0x0000, 0x0000, 0x0000, 0x0000, 
  0x0000, 0x0000, 0x0000, 0x0000, 0x0000, 0x0000, 0x0000, 0xFFB9, 
  0xFF98, 0xFF97, 0xFFB7, 0xFFB6, 0xEECE, 0xCD44, 0xCD24, 0xF645, 
  0xFE65, 0xFE65, 0xFE45, 0xFE45, 0xF646, 0xF646, 0xF647, 0xF627, 
  0xF627, 0xF626, 0xF626, 0xF606, 0xF606, 0xEE06, 0xEDE5, 0xEDE5, 
  0xEDC5, 0xEE06, 0xF6A9, 0xEDC5, 0xEDE5, 0xEDE5, 0xEDE5, 0xEDE5, 
  0xEDC5, 0xEDC5, 0xEDC5, 0xEDC5, 0xEDC5, 0xEDC5, 0xEDC5, 0xEDC5, 
  0xEDC5, 0xEDC5, 0xEDC5, 0xEDC5, 0xEDC5, 0xEDC5, 0xEDC5, 0xEDE5, 
  0xEDE5, 0xEDC5, 0xF647, 0xF668, 0xEDC5, 0xEDC5, 0xEDE5, 0xEDE5, 
  0xEE06, 0xF606, 0xF606, 0xF627, 0xF627, 0xF647, 0xF648, 0xF647, 
  0xF647, 0xFE47, 0xFE67, 0xFE67, 0xFE87, 0xFE87, 0xEE06, 0xCD45, 
  0xDE09, 0xF752, 0xFFB6, 0xFF96, 0xFF97, 0xFF98, 0xFFF9, 0x0000, 
  0x0000, 0x0000, 0x0000, 0x0000, 0x0000, 0x0000, 0x0000, 0x0000, 
  0x0000, 0x0000, 0x0000, 0x0000, 0x0000, 0x0000, 0x0000, 0x0000, 
  0x0000, 0x0000, 0x0000, 0x0000, 0x0000, 0x0000, 0x0000, 0x0000, 
  
  0x0000, 0x0000, 0x0000, 0x0000, 0x0000, 0x0000, 0x0000, 0x0000, 
  0x0000, 0x0000, 0x0000, 0x0000, 0x0000, 0x0000, 0x0000, 0x0000, 
  0x0000, 0x0000, 0x0000, 0x0000, 0x0000, 0x0000, 0xFFF9, 0xFFB8, 
  0xFFB7, 0xFFB7, 0xFFB6, 0xF70F, 0xDDA5, 0xC4E3, 0xC504, 0xEE05, 
  0xFE45, 0xFE45, 0xFE45, 0xF625, 0xF625, 0xF626, 0xF626, 0xF626, 
  0xF626, 0xF626, 0xF606, 0xF606, 0xF5E6, 0xEDE5, 0xEDE5, 0xEDE5, 
  0xEDC5, 0xEDE6, 0xF6A9, 0xEDC5, 0xEDC5, 0xEDC5, 0xEDC5, 0xEDC5, 
  0xEDC5, 0xEDC5, 0xEDC5, 0xEDC5, 0xE5C5, 0xE5C5, 0xE5C5, 0xE5C5, 
  0xE5C5, 0xE5C5, 0xE5C5, 0xE5C5, 0xEDC5, 0xEDC5, 0xEDC5, 0xEDC5, 
  0xEDC5, 0xEDC5, 0xEE47, 0xF668, 0xEDC5, 0xEDC5, 0xEDE5, 0xEDE5, 
  0xEDE5, 0xF606, 0xF606, 0xF626, 0xF626, 0xF627, 0xF647, 0xF627, 
  0xF646, 0xF646, 0xFE46, 0xFE66, 0xFE66, 0xF666, 0xE5C6, 0xCD04, 
  0xCD44, 0xE64A, 0xFF74, 0xFFB7, 0xFFB7, 0xFFB8, 0xF7B8, 0xFFFC, 
  0x0000, 0x0000, 0x0000, 0x0000, 0x0000, 0x0000, 0x0000, 0x0000, 
  0x0000, 0x0000, 0x0000, 0x0000, 0x0000, 0x0000, 0x0000, 0x0000, 
  0x0000, 0x0000, 0x0000, 0x0000, 0x0000, 0x0000, 0x0000, 0x0000, 
  
  0x0000, 0x0000, 0x0000, 0x0000, 0x0000, 0x0000, 0x0000, 0x0000, 
  0x0000, 0x0000, 0x0000, 0x0000, 0x0000, 0x0000, 0x0000, 0x0000, 
  0x0000, 0x0000, 0x0000, 0x0000, 0x0000, 0x0000, 0xF777, 0xF797, 
  0xF796, 0xF796, 0xF711, 0xDDC7, 0xCD02, 0xC4E3, 0xC4C3, 0xE5C4, 
  0xFE44, 0xFE44, 0xFE24, 0xF625, 0xF625, 0xF625, 0xF626, 0xF626, 
  0xF626, 0xF606, 0xF606, 0xF605, 0xEDE5, 0xEDE5, 0xEDE5, 0xEDC5, 
  0xEDA5, 0xEDE6, 0xF6A8, 0xEDC5, 0xEDC5, 0xEDC5, 0xEDC5, 0xE5C5, 
  0xE5C5, 0xE5C5, 0xE5A5, 0xE5A5, 0xE5A5, 0xE5A5, 0xE5A5, 0xE5A5, 
  0xE5A5, 0xE5A5, 0xE5A5, 0xE5A5, 0xE5C5, 0xE5A5, 0xE5C5, 0xEDC5, 
  0xEDC5, 0xEDC5, 0xEE47, 0xF668, 0xEDC5, 0xEDC5, 0xEDC5, 0xEDE5, 
  0xEDE5, 0xEDE5, 0xF606, 0xF606, 0xF626, 0xF627, 0xF626, 0xF626, 
  0xF626, 0xF646, 0xFE45, 0xFE45, 0xFE65, 0xF625, 0xDD85, 0xC4E4, 
  0xCD03, 0xD543, 0xEE6B, 0xF774, 0xF796, 0xF796, 0xF797, 0xF737, 
  0x0000, 0x0000, 0x0000, 0x0000, 0x0000, 0x0000, 0x0000, 0x0000, 
  0x0000, 0x0000, 0x0000, 0x0000, 0x0000, 0x0000, 0x0000, 0x0000, 
  0x0000, 0x0000, 0x0000, 0x0000, 0x0000, 0x0000, 0x0000, 0x0000, 
  
  0x0000, 0x0000, 0x0000, 0x0000, 0x0000, 0x0000, 0x0000, 0x0000, 
  0x0000, 0x0000, 0x0000, 0x0000, 0x0000, 0x0000, 0x0000, 0x0000, 
  0x0000, 0x0000, 0x0000, 0x0000, 0x0000, 0x0000, 0xEE8F, 0xEE8F, 
  0xEEAF, 0xEE8C, 0xE5C6, 0xCD02, 0xCCE3, 0xC4C3, 0xBCA3, 0xDDA4, 
  0xF624, 0xFE24, 0xFE24, 0xF624, 0xF625, 0xF625, 0xF605, 0xF606, 
  0xF606, 0xF606, 0xF605, 0xEDE5, 0xEDE5, 0xEDE5, 0xEDC5, 0xEDC5, 
  0xEDA5, 0xEDE6, 0xF6A8, 0xE5C5, 0xE5C5, 0xE5C5, 0xE5A5, 0xE5A5, 
  0xE5A5, 0xE5A5, 0xE5A5, 0xE5A5, 0xE5A5, 0xE5A5, 0xE5A5, 0xE5A5, 
  0xE5A5, 0xE5A5, 0xE5A5, 0xE5A5, 0xE5A5, 0xE5A5, 0xE5A5, 0xE5C5, 
  0xE5C5, 0xE5C5, 0xEE26, 0xF647, 0xEDA5, 0xEDC5, 0xEDC5, 0xEDC5, 
  0xEDE5, 0xEDE5, 0xF605, 0xF606, 0xF606, 0xF606, 0xF626, 0xF626, 
  0xF625, 0xF625, 0xFE25, 0xFE45, 0xFE45, 0xEE05, 0xD544, 0xC4C4, 
  0xCD03, 0xCD03, 0xD543, 0xEE29, 0xEEAE, 0xEEAF, 0xEE8F, 0xE66E, 
  0x0000, 0x0000, 0x0000, 0x0000, 0x0000, 0x0000, 0x0000, 0x0000, 
  0x0000, 0x0000, 0x0000, 0x0000, 0x0000, 0x0000, 0x0000, 0x0000, 
  0x0000, 0x0000, 0x0000, 0x0000, 0x0000, 0x0000, 0x0000, 0x0000, 
  
  0x0000, 0x0000, 0x0000, 0x0000, 0x0000, 0x0000, 0x0000, 0x0000, 
  0x0000, 0x0000, 0x0000, 0x0000, 0x0000, 0x0000, 0x0000, 0x0000, 
  0x0000, 0x0000, 0x0000, 0x0000, 0x0000, 0x0000, 0xE5C7, 0xE5E7, 
  0xEE07, 0xEE06, 0xDD63, 0xCD02, 0xCCE3, 0xC4C3, 0xBCA3, 0xDD64, 
  0xF604, 0xFE24, 0xFE24, 0xF604, 0xF604, 0xF605, 0xF605, 0xF605, 
  0xEE05, 0xEDE5, 0xEDE5, 0xEDE5, 0xEDC5, 0xEDC5, 0xEDC5, 0xEDC5, 
  0xEDA5, 0xEDC5, 0xF688, 0xE5C5, 0xE5A5, 0xE5A5, 0xE5A5, 0xE5A5, 
  0xE5A5, 0xE585, 0xE585, 0xE585, 0xE585, 0xE585, 0xE585, 0xE585, 
  0xE585, 0xE585, 0xE585, 0xE585, 0xE585, 0xE5A5, 0xE5A5, 0xE5A5, 
  0xE5A5, 0xE5A5, 0xEE26, 0xF647, 0xEDA5, 0xEDA5, 0xEDC5, 0xEDC5, 
  0xEDC5, 0xEDC5, 0xEDE5, 0xEDE5, 0xEE06, 0xF606, 0xF605, 0xF605, 
  0xF605, 0xF604, 0xF624, 0xFE24, 0xFE24, 0xEDE4, 0xCD04, 0xC4C3, 
  0xCCE3, 0xCD03, 0xD503, 0xE5A4, 0xEE27, 0xEE07, 0xE5C7, 0xE5C7, 
  0x0000, 0x0000, 0x0000, 0x0000, 0x0000, 0x0000, 0x0000, 0x0000, 
  0x0000, 0x0000, 0x0000, 0x0000, 0x0000, 0x0000, 0x0000, 0x0000, 
  0x0000, 0x0000, 0x0000, 0x0000, 0x0000, 0x0000, 0x0000, 0x0000, 
  
  0x0000, 0x0000, 0x0000, 0x0000, 0x0000, 0x0000, 0x0000, 0x0000, 
  0x0000, 0x0000, 0x0000, 0x0000, 0x0000, 0x0000, 0x0000, 0x0000, 
  0x0000, 0x0000, 0x0000, 0x0000, 0x0000, 0xFFC0, 0xEE07, 0xEE07, 
  0xEE27, 0xEE06, 0xDD64, 0xCD03, 0xCCE3, 0xC4C3, 0xBCA3, 0xD544, 
  0xF5E4, 0xFE24, 0xF604, 0xF604, 0xF5E4, 0xF5E5, 0xEDE5, 0xEDE5, 
  0xEDE5, 0xEDE5, 0xEDE5, 0xEDC5, 0xEDC5, 0xEDC5, 0xEDC5, 0xEDA5, 
  0xEDA5, 0xEDC5, 0xF668, 0xE5A5, 0xE5A5, 0xE5A5, 0xE585, 0xE585, 
  0xDD85, 0xDD85, 0xDD85, 0xDD85, 0xDD85, 0xDD85, 0xDD85, 0xDD85, 
  0xDD85, 0xDD85, 0xDD85, 0xDD85, 0xDD85, 0xDD85, 0xE585, 0xE5A5, 
  0xE5A5, 0xE5A5, 0xEE06, 0xEE27, 0xEDA5, 0xEDA5, 0xEDA5, 0xEDC5, 
  0xEDC5, 0xEDC5, 0xEDC5, 0xEDE5, 0xEDE5, 0xEDE5, 0xEDE5, 0xF605, 
  0xF605, 0xF604, 0xF604, 0xFE24, 0xF624, 0xE5C4, 0xCD04, 0xBCA3, 
  0xCCE3, 0xCD03, 0xD503, 0xEDC5, 0xEE27, 0xEE27, 0xEE07, 0xE5E7, 
  0x0000, 0x0000, 0x0000, 0x0000, 0x0000, 0x0000, 0x0000, 0x0000, 
  0x0000, 0x0000, 0x0000, 0x0000, 0x0000, 0x0000, 0x0000, 0x0000, 
  0x0000, 0x0000, 0x0000, 0x0000, 0x0000, 0x0000, 0x0000, 0x0000, 
  
  0x0000, 0x0000, 0x0000, 0x0000, 0x0000, 0x0000, 0x0000, 0x0000, 
  0x0000, 0x0000, 0x0000, 0x0000, 0x0000, 0x0000, 0x0000, 0x0000, 
  0x0000, 0x0000, 0x0000, 0x0000, 0x0000, 0xBD64, 0xEE08, 0xEE28, 
  0xEE27, 0xEE06, 0xDD64, 0xCCE3, 0xCCE3, 0xC4C3, 0xBCA3, 0xD524, 
  0xEDE4, 0xFE04, 0xF604, 0xF5E4, 0xF5E4, 0xF5E5, 0xEDE5, 0xEDE5, 
  0xEDE5, 0xEDC5, 0xEDC5, 0xEDC5, 0xEDC5, 0xEDA5, 0xEDA5, 0xEDA5, 
  0xEDA5, 0xEDA5, 0xF647, 0xE5A5, 0xDD85, 0xDD85, 0xDD85, 0xDD85, 
  0xDD85, 0xDD65, 0xDD65, 0xDD65, 0xDD65, 0xDD65, 0xDD65, 0xDD65, 
  0xDD65, 0xDD65, 0xDD65, 0xDD65, 0xDD85, 0xDD85, 0xDD85, 0xDD85, 
  0xDD85, 0xDD85, 0xE606, 0xEE06, 0xE585, 0xEDA5, 0xEDA5, 0xEDA5, 
  0xEDC5, 0xEDC5, 0xEDC5, 0xEDC5, 0xEDE5, 0xEDE5, 0xEDE5, 0xEDE5, 
  0xF5E5, 0xF5E4, 0xF604, 0xFE04, 0xF604, 0xE5A4, 0xC4E3, 0xBCA3, 
  0xCCE3, 0xCCE2, 0xD503, 0xE5A5, 0xEE07, 0xEE27, 0xEE08, 0xE608, 
  0x8C40, 0x0000, 0x0000, 0x0000, 0x0000, 0x0000, 0x0000, 0x0000, 
  0x0000, 0x0000, 0x0000, 0x0000, 0x0000, 0x0000, 0x0000, 0x0000, 
  0x0000, 0x0000, 0x0000, 0x0000, 0x0000, 0x0000, 0x0000, 0x0000, 
  
  0x0000, 0x0000, 0x0000, 0x0000, 0x0000, 0x0000, 0x0000, 0x0000, 
  0x0000, 0x0000, 0x0000, 0x0000, 0x0000, 0x0000, 0x0000, 0x0000, 
  0x0000, 0x0000, 0x0000, 0x0000, 0x0000, 0xDDE6, 0xEDE7, 0xEDE7, 
  0xEDE7, 0xE5C6, 0xDD64, 0xCCE3, 0xCCE3, 0xC4C3, 0xBC83, 0xD524, 
  0xEDC4, 0xF604, 0xF604, 0xF5E4, 0xF5E4, 0xEDE5, 0xEDC5, 0xEDE5, 
  0xEDE5, 0xEDC5, 0xEDC5, 0xEDA5, 0xEDA5, 0xEDA5, 0xEDA5, 0xEDA5, 
  0xE585, 0xE585, 0xEE27, 0xDD85, 0xDD65, 0xDD65, 0xDD65, 0xDD65, 
  0xDD65, 0xDD45, 0xD545, 0xD545, 0xD545, 0xD545, 0xD545, 0xD545, 
  0xD545, 0xD545, 0xD545, 0xD545, 0xDD65, 0xDD65, 0xDD65, 0xDD65, 
  0xDD65, 0xDD85, 0xE5E6, 0xEDE6, 0xE585, 0xEDA5, 0xEDA5, 0xEDA5, 
  0xEDA5, 0xEDA5, 0xEDA5, 0xEDC5, 0xEDC5, 0xEDE5, 0xEDE5, 0xEDE5, 
  0xEDE5, 0xF5E4, 0xF5E4, 0xF604, 0xF604, 0xE584, 0xC4C3, 0xC4A3, 
  0xCCC3, 0xCCE2, 0xD503, 0xE5A5, 0xE5E7, 0xEDE7, 0xEDE7, 0xE5E7, 
  0xCE64, 0x0000, 0x0000, 0x0000, 0x0000, 0x0000, 0x0000, 0x0000, 
  0x0000, 0x0000, 0x0000, 0x0000, 0x0000, 0x0000, 0x0000, 0x0000, 
  0x0000, 0x0000, 0x0000, 0x0000, 0x0000, 0x0000, 0x0000, 0x0000, 
  
  0x0000, 0x0000, 0x0000, 0x0000, 0x0000, 0x0000, 0x0000, 0x0000, 
  0x0000, 0x0000, 0x0000, 0x0000, 0x0000, 0x0000, 0x0000, 0x0000, 
  0x0000, 0x0000, 0x0000, 0x0000, 0x0000, 0xE5A5, 0xE5C7, 0xE5E7, 
  0xEDE7, 0xE5C6, 0xDD64, 0xCCE3, 0xCCC2, 0xC4C2, 0xBC83, 0xCD04, 
  0xEDC4, 0xF5E3, 0xF5E3, 0xF5E4, 0xEDC4, 0xEDC5, 0xEDC5, 0xEDC5, 
  0xEDC5, 0xEDA5, 0xEDA5, 0xEDA5, 0xEDA5, 0xE585, 0xE585, 0xE585, 
  0xE565, 0xE585, 0xEE07, 0xD565, 0xD545, 0xD545, 0xD545, 0xD545, 
  0xD525, 0xD525, 0xD525, 0xD525, 0xD524, 0xD524, 0xD524, 0xD525, 
  0xD525, 0xD525, 0xD525, 0xD525, 0xD525, 0xD545, 0xD545, 0xD545, 
  0xD545, 0xD545, 0xDDA6, 0xE5C6, 0xE565, 0xE585, 0xE585, 0xE585, 
  0xE585, 0xEDA5, 0xEDA5, 0xEDA5, 0xEDA5, 0xEDC5, 0xEDC5, 0xEDC5, 
  0xEDC5, 0xEDC4, 0xF5E4, 0xF5E3, 0xF5E4, 0xDD84, 0xC4C3, 0xBCA3, 
  0xC4C2, 0xCCC2, 0xD503, 0xE5A5, 0xE5C7, 0xE5C7, 0xE5C7, 0xE5A7, 
  0xF561, 0x0000, 0x0000, 0x0000, 0x0000, 0x0000, 0x0000, 0x0000, 
  0x0000, 0x0000, 0x0000, 0x0000, 0x0000, 0x0000, 0x0000, 0x0000, 
  0x0000, 0x0000, 0x0000, 0x0000, 0x0000, 0x0000, 0x0000, 0x0000, 
  
  0x0000, 0x0000, 0x0000, 0x0000, 0x0000, 0x0000, 0x0000, 0x0000, 
  0x0000, 0x0000, 0x0000, 0x0000, 0x0000, 0x0000, 0x0000, 0x0000, 
  0x0000, 0x0000, 0x0000, 0x0000, 0x0000, 0xE586, 0xE5A7, 0xE5E7, 
  0xEDE7, 0xEDE7, 0xE585, 0xD4E3, 0xCCC2, 0xC4C2, 0xBC82, 0xCCE3, 
  0xE584, 0xEDC3, 0xEDA3, 0xEDA4, 0xEDA4, 0xE5A5, 0xE585, 0xE585, 
  0xE585, 0xE565, 0xE565, 0xDD65, 0xDD65, 0xDD45, 0xDD44, 0xDD44, 
  0xDD24, 0xDD24, 0xE5C6, 0xD545, 0xD525, 0xCD25, 0xCD25, 0xCD25, 
  0xCD05, 0xCD05, 0xCD05, 0xCD04, 0xCD04, 0xCD04, 0xCD04, 0xCD04, 
  0xCD04, 0xCD04, 0xCD04, 0xCD05, 0xCD04, 0xCD05, 0xCD25, 0xCD25, 
  0xCD25, 0xD525, 0xDD85, 0xDD85, 0xDD24, 0xDD24, 0xDD44, 0xDD45, 
  0xDD45, 0xDD65, 0xE565, 0xE565, 0xE585, 0xE585, 0xE585, 0xE585, 
  0xEDA5, 0xED84, 0xEDA3, 0xEDC3, 0xEDC3, 0xDD44, 0xBCA3, 0xBCA2, 
  0xC4C2, 0xCCC2, 0xDD24, 0xE5C6, 0xEDE7, 0xEDE7, 0xE5C7, 0xE5A7, 
  0xED67, 0x0000, 0x0000, 0x0000, 0x0000, 0x0000, 0x0000, 0x0000, 
  0x0000, 0x0000, 0x0000, 0x0000, 0x0000, 0x0000, 0x0000, 0x0000, 
  0x0000, 0x0000, 0x0000, 0x0000, 0x0000, 0x0000, 0x0000, 0x0000, 
  
  0x0000, 0x0000, 0x0000, 0x0000, 0x0000, 0x0000, 0x0000, 0x0000, 
  0x0000, 0x0000, 0x0000, 0x0000, 0x0000, 0x0000, 0x0000, 0x0000, 
  0x0000, 0x0000, 0x0000, 0x0000, 0x0000, 0xDD66, 0xE587, 0xE5C7, 
  0xEE07, 0xEDE7, 0xE5A5, 0xD4E3, 0xC4C2, 0xC4C2, 0xBCA3, 0xC4E4, 
  0xDD85, 0xE5C5, 0xE5A5, 0xE5A5, 0xE5A6, 0xE5A7, 0xDDA7, 0xE5C7, 
  0xE5C7, 0xE5C7, 0xDDC7, 0xDDC7, 0xDDC7, 0xE5E7, 0xE5E7, 0xE5E7, 
  0xE5E7, 0xE608, 0xDDA7, 0xC4C4, 0xC4E4, 0xC4E4, 0xC4E4, 0xC4E4, 
  0xC4E4, 0xC4C4, 0xC4C4, 0xC4C4, 0xC4C4, 0xC4C4, 0xC4C4, 0xC4C4, 
  0xC4C4, 0xC4C4, 0xC4C4, 0xC4C4, 0xC4E4, 0xC4C4, 0xC4E4, 0xC4E4, 
  0xC4E4, 0xC4C4, 0xCD25, 0xDDE7, 0xE608, 0xE5E7, 0xE5E7, 0xE5E7, 
  0xE5E7, 0xDDC7, 0xDDC7, 0xE5C7, 0xE5C7, 0xE5C7, 0xE5A7, 0xDDA7, 
  0xE5A6, 0xE5A6, 0xE5A5, 0xE5C5, 0xE5A5, 0xD545, 0xBCA4, 0xC4A3, 
  0xC4C2, 0xCCC2, 0xDD23, 0xEDE6, 0xEDE7, 0xEDE7, 0xE5A7, 0xDD87, 
  0xD524, 0x0000, 0x0000, 0x0000, 0x0000, 0x0000, 0x0000, 0x0000, 
  0x0000, 0x0000, 0x0000, 0x0000, 0x0000, 0x0000, 0x0000, 0x0000, 
  0x0000, 0x0000, 0x0000, 0x0000, 0x0000, 0x0000, 0x0000, 0x0000, 
  
  0x0000, 0x0000, 0x0000, 0x0000, 0x0000, 0x0000, 0x0000, 0x0000, 
  0x0000, 0x0000, 0x0000, 0x0000, 0x0000, 0x0000, 0x0000, 0x0000, 
  0x0000, 0x0000, 0x0000, 0x0000, 0xC423, 0xCCA5, 0xDD46, 0xE5C7, 
  0xEE08, 0xEE28, 0xEE07, 0xDDA6, 0xDDC7, 0xDE08, 0xE64A, 0xEEAB, 
  0xEEEC, 0xF70C, 0xF72C, 0xF72D, 0xF74D, 0xF74D, 0xF74D, 0xF74D, 
  0xFF6D, 0xFF6D, 0xFF6D, 0xFF6D, 0xFF6D, 0xFF8C, 0xFF8C, 0xFF8C, 
  0xFFAC, 0xEECA, 0xCD47, 0xC505, 0xCD66, 0xCD66, 0xCD66, 0xCD66, 
  0xD566, 0xD566, 0xD566, 0xD566, 0xD566, 0xD566, 0xD566, 0xD566, 
  0xD566, 0xD566, 0xD566, 0xD566, 0xD566, 0xD566, 0xCD66, 0xCD66, 
  0xCD66, 0xCD45, 0xC506, 0xD5E8, 0xF74B, 0xFF8C, 0xFF8C, 0xFF8C, 
  0xFF8C, 0xFF6D, 0xFF6D, 0xFF6D, 0xFF6D, 0xFF6D, 0xF74D, 0xF74D, 
  0xF74D, 0xF74D, 0xF72D, 0xF72C, 0xF70C, 0xEECC, 0xE68B, 0xE649, 
  0xDDE7, 0xDDA6, 0xE5C6, 0xEE28, 0xEE08, 0xEDE8, 0xE587, 0xD526, 
  0xC464, 0xAAE0, 0x0000, 0x0000, 0x0000, 0x0000, 0x0000, 0x0000, 
  0x0000, 0x0000, 0x0000, 0x0000, 0x0000, 0x0000, 0x0000, 0x0000, 
  0x0000, 0x0000, 0x0000, 0x0000, 0x0000, 0x0000, 0x0000, 0x0000, 
  
  0x0000, 0x0000, 0x0000, 0x0000, 0x0000, 0x0000, 0x0000, 0x0000, 
  0x0000, 0x0000, 0x0000, 0x0000, 0x0000, 0x0000, 0x0000, 0x0000, 
  0x0000, 0x0000, 0x0000, 0xABC4, 0xC487, 0xCD28, 0xDDCA, 0xEE6D, 
  0xF6CF, 0xF710, 0xF710, 0xF70E, 0xF72D, 0xF72C, 0xFF4C, 0xFF6C, 
  0xFF6C, 0xFF6C, 0xFF8C, 0xFF8D, 0xFF8E, 0xFF8E, 0xFF8D, 0xFF8D, 
  0xFF8D, 0xFF6D, 0xFF6C, 0xFF6C, 0xFF6C, 0xFF6C, 0xFF6C, 0xFF8B, 
  0xEEC9, 0xDE07, 0xE669, 0xEF0A, 0xF70A, 0xF70A, 0xF70A, 0xF709, 
  0xF709, 0xF709, 0xF709, 0xF709, 0xF709, 0xF709, 0xF709, 0xF709, 
  0xF709, 0xF709, 0xF709, 0xF709, 0xF709, 0xF709, 0xF70A, 0xF70A, 
  0xF70A, 0xF70A, 0xEEEA, 0xDE28, 0xE648, 0xF72A, 0xFF6C, 0xFF6C, 
  0xFF6C, 0xFF6C, 0xFF6C, 0xFF6D, 0xFF8D, 0xFF8D, 0xFF8D, 0xFF8D, 
  0xFF8E, 0xFF8D, 0xFF8D, 0xFF8C, 0xFF6C, 0xFF6C, 0xFF6D, 0xFF4C, 
  0xF72C, 0xF70D, 0xF70F, 0xF710, 0xF6EF, 0xEEAE, 0xE62C, 0xDD8A, 
  0xCCE8, 0xBC46, 0xA3A3, 0x0000, 0x0000, 0x0000, 0x0000, 0x0000, 
  0x0000, 0x0000, 0x0000, 0x0000, 0x0000, 0x0000, 0x0000, 0x0000, 
  0x0000, 0x0000, 0x0000, 0x0000, 0x0000, 0x0000, 0x0000, 0x0000, 
  
  0x0000, 0x0000, 0x0000, 0x0000, 0x0000, 0x0000, 0x0000, 0x0000, 
  0x0000, 0x0000, 0x0000, 0x0000, 0x0000, 0x0000, 0x0000, 0x0000, 
  0x0000, 0xBCA6, 0xB447, 0xC4EA, 0xD58C, 0xDE2F, 0xEED2, 0xF754, 
  0xFF74, 0xFF74, 0xFF73, 0xFF51, 0xFF0E, 0xF6EB, 0xFEEA, 0xFF0A, 
  0xFF0A, 0xFF2A, 0xFF2A, 0xFF2A, 0xFF2B, 0xFF4C, 0xFF4C, 0xFF4D, 
  0xFF4D, 0xFF4D, 0xFF4D, 0xFF4E, 0xFF4D, 0xFF4D, 0xFF6D, 0xF6CA, 
  0xE5E6, 0xEEC8, 0xFF49, 0xFF6A, 0xFF49, 0xFF49, 0xFF49, 0xFF49, 
  0xFF48, 0xFF28, 0xFF28, 0xFF28, 0xFF28, 0xFF28, 0xFF28, 0xFF28, 
  0xFF28, 0xFF28, 0xFF28, 0xFF28, 0xFF48, 0xFF48, 0xFF49, 0xFF49, 
  0xFF49, 0xFF49, 0xFF6A, 0xFF29, 0xE646, 0xE627, 0xFF2C, 0xFF4D, 
  0xFF4D, 0xFF4E, 0xFF4E, 0xFF4D, 0xFF4D, 0xFF4D, 0xFF4D, 0xFF4C, 
  0xFF4C, 0xFF2B, 0xFF2A, 0xFF2A, 0xFF2A, 0xFF0A, 0xFF0A, 0xFEEA, 
  0xF6EC, 0xFF2F, 0xFF52, 0xFF73, 0xFF74, 0xF774, 0xF733, 0xE690, 
  0xDDEE, 0xCD4B, 0xBCA9, 0xB446, 0xBCA7, 0x0000, 0x0000, 0x0000, 
  0x0000, 0x0000, 0x0000, 0x0000, 0x0000, 0x0000, 0x0000, 0x0000, 
  0x0000, 0x0000, 0x0000, 0x0000, 0x0000, 0x0000, 0x0000, 0x0000, 
  
  0x0000, 0x0000, 0x0000, 0x0000, 0x0000, 0x0000, 0x0000, 0x0000, 
  0x0000, 0x0000, 0x0000, 0x0000, 0x0000, 0x0000, 0x0000, 0x0000, 
  0xBCA6, 0xC509, 0xD58D, 0xDE10, 0xEED3, 0xF734, 0xF755, 0xF775, 
  0xF774, 0xF753, 0xF753, 0xF751, 0xF70F, 0xF6EC, 0xFEEA, 0xFF0A, 
  0xFF2B, 0xFF4C, 0xFF4D, 0xFF6E, 0xFF6E, 0xFF6F, 0xFF70, 0xFF70, 
  0xFF91, 0xFF91, 0xFF91, 0xFF91, 0xFF91, 0xFF70, 0xF70E, 0xEE29, 
  0xF6A9, 0xFF4C, 0xFF4B, 0xFF4B, 0xFF2A, 0xFF29, 0xFF29, 0xFF08, 
  0xFF08, 0xFF08, 0xFF08, 0xFF08, 0xFEE7, 0xFEE7, 0xFEE7, 0xFEE7, 
  0xFEE7, 0xFF08, 0xFF08, 0xFF08, 0xFF08, 0xFF08, 0xFF08, 0xFF29, 
  0xFF2A, 0xFF2B, 0xFF4B, 0xFF6C, 0xFF2B, 0xEE28, 0xEE8B, 0xFF50, 
  0xFF71, 0xFF91, 0xFF91, 0xFF91, 0xFF91, 0xFF91, 0xFF70, 0xFF70, 
  0xFF6F, 0xFF6E, 0xFF6E, 0xFF4D, 0xFF4C, 0xFF2B, 0xFF0A, 0xFEEB, 
  0xF70D, 0xF730, 0xFF52, 0xF753, 0xF774, 0xF774, 0xF775, 0xF755, 
  0xEF14, 0xE671, 0xD5EF, 0xCD4B, 0xC4E8, 0xBC85, 0x0000, 0x0000, 
  0x0000, 0x0000, 0x0000, 0x0000, 0x0000, 0x0000, 0x0000, 0x0000, 
  0x0000, 0x0000, 0x0000, 0x0000, 0x0000, 0x0000, 0x0000, 0x0000, 
  
  0x0000, 0x0000, 0x0000, 0x0000, 0x0000, 0x0000, 0x0000, 0x0000, 
  0x0000, 0x0000, 0x0000, 0x0000, 0x0000, 0x0000, 0x0000, 0xB485, 
  0xCD49, 0xDDED, 0xE691, 0xEEF2, 0xF711, 0xF6F0, 0xEEAF, 0xEE8D, 
  0xEE4C, 0xEE4B, 0xEE4A, 0xEE4A, 0xEE29, 0xEE29, 0xF649, 0xF669, 
  0xF68A, 0xF68B, 0xF6AB, 0xF6AC, 0xF6AC, 0xF6AC, 0xF6CC, 0xF6CC, 
  0xF6AC, 0xF6CC, 0xF6CC, 0xF6CC, 0xF6CC, 0xFECC, 0xF68A, 0xF649, 
  0xF6AB, 0xF6CB, 0xF6CB, 0xF6CB, 0xF6AB, 0xF6AA, 0xF6A9, 0xF689, 
  0xF689, 0xF688, 0xF688, 0xF688, 0xF668, 0xF668, 0xF668, 0xF668, 
  0xF668, 0xF688, 0xF688, 0xF688, 0xF689, 0xF689, 0xF689, 0xF6AA, 
  0xF6AA, 0xF6AB, 0xF6CB, 0xF6CB, 0xF6CB, 0xF68A, 0xF649, 0xF6AB, 
  0xFECC, 0xFECC, 0xFECC, 0xF6CC, 0xF6CC, 0xF6CC, 0xF6CC, 0xF6AC, 
  0xF6AC, 0xF6AC, 0xF68B, 0xF68B, 0xF66A, 0xF649, 0xEE29, 0xEE08, 
  0xEE09, 0xEE09, 0xEE2A, 0xEE2B, 0xE62C, 0xE64D, 0xEE8E, 0xF6D0, 
  0xF6F1, 0xF711, 0xEED2, 0xE650, 0xD58B, 0xC509, 0xBD05, 0x0000, 
  0x0000, 0x0000, 0x0000, 0x0000, 0x0000, 0x0000, 0x0000, 0x0000, 
  0x0000, 0x0000, 0x0000, 0x0000, 0x0000, 0x0000, 0x0000, 0x0000, 
  
  0x0000, 0x0000, 0x0000, 0x0000, 0x0000, 0x0000, 0x0000, 0x0000, 
  0x0000, 0x0000, 0x0000, 0x0000, 0x0000, 0x0000, 0x0000, 0xC4E8, 
  0xD5CB, 0xE64D, 0xEE6D, 0xEE4B, 0xE5E9, 0xDD67, 0xD506, 0xCCC5, 
  0xCC84, 0xCC84, 0xCC63, 0xCC63, 0xCC43, 0xCC43, 0xCC63, 0xCC64, 
  0xCC64, 0xCC64, 0xCC64, 0xCC64, 0xCC84, 0xCC84, 0xCC84, 0xCC84, 
  0xCC84, 0xCC84, 0xCCA4, 0xD4A4, 0xD4A4, 0xD4C4, 0xD4C4, 0xD4C4, 
  0xD4C4, 0xD4C4, 0xD4C4, 0xD4C4, 0xD4C4, 0xD4C4, 0xD4C4, 0xD4C4, 
  0xD4C4, 0xD4E4, 0xD4E4, 0xD4C4, 0xD4C4, 0xD4C4, 0xD4C4, 0xD4C4, 
  0xD4C4, 0xD4C4, 0xD4C4, 0xD4A4, 0xD4A4, 0xD4A4, 0xCCA4, 0xCCA4, 
  0xCCA4, 0xD4A4, 0xD4A4, 0xD4A4, 0xD4A4, 0xD4A4, 0xD4A4, 0xD4C4, 
  0xD4C4, 0xD4C4, 0xD4A4, 0xD4A4, 0xCCA4, 0xCC84, 0xCC84, 0xCC84, 
  0xCC84, 0xCC84, 0xCC64, 0xCC64, 0xCC64, 0xC444, 0xC444, 0xC443, 
  0xC423, 0xC443, 0xC443, 0xC443, 0xC444, 0xC444, 0xC464, 0xCCC5, 
  0xD526, 0xDD88, 0xE60B, 0xEE6D, 0xDE2C, 0xCD49, 0xC4E7, 0x0000, 
  0x0000, 0x0000, 0x0000, 0x0000, 0x0000, 0x0000, 0x0000, 0x0000, 
  0x0000, 0x0000, 0x0000, 0x0000, 0x0000, 0x0000, 0x0000, 0x0000, 
  
  0x0000, 0x0000, 0x0000, 0x0000, 0x0000, 0x0000, 0x0000, 0x0000, 
  0x0000, 0x0000, 0x0000, 0x0000, 0x0000, 0x0000, 0x0000, 0xCD69, 
  0xDDCA, 0xE5EA, 0xDD88, 0xCCC6, 0xC424, 0xBC03, 0xC423, 0xC423, 
  0xC423, 0xBC03, 0xBBE3, 0xB3C3, 0xB3A3, 0xB383, 0xB3A3, 0xB3C3, 
  0xB3C3, 0xB3C3, 0xBBC3, 0xBBE3, 0xBBE3, 0xBBE3, 0xBBE3, 0xBBC3, 
  0xB3A3, 0xB3A3, 0xB3A3, 0xB3A3, 0xB3A3, 0xB3A3, 0xB3A3, 0xB3A3, 
  0xB3A3, 0xB3A3, 0xB3A3, 0xB3C3, 0xBC03, 0xBC03, 0xBC03, 0xBC03, 
  0xBC03, 0xBC03, 0xBC03, 0xBC03, 0xBC03, 0xBC03, 0xBC03, 0xBC03, 
  0xBC03, 0xBC03, 0xBC03, 0xBC03, 0xBC03, 0xBC03, 0xBBE3, 0xBBE3, 
  0xB3C3, 0xB3A3, 0xAB83, 0xAB83, 0xAB83, 0xAB83, 0xAB83, 0xAB83, 
  0xB3A3, 0xB3A3, 0xAB83, 0xB3A3, 0xB3C3, 0xBBE3, 0xBBE3, 0xBBE3, 
  0xBBE3, 0xBBE3, 0xBBE3, 0xBBE3, 0xBBE3, 0xBBE3, 0xB3C3, 0xB3A3, 
  0xB3A3, 0xB3C3, 0xBBE3, 0xBC03, 0xBC03, 0xBBE3, 0xBBE3, 0xBBC3, 
  0xBBA3, 0xBBC3, 0xC424, 0xCCC6, 0xDDA9, 0xD589, 0xCD69, 0x0000, 
  0x0000, 0x0000, 0x0000, 0x0000, 0x0000, 0x0000, 0x0000, 0x0000, 
  0x0000, 0x0000, 0x0000, 0x0000, 0x0000, 0x0000, 0x0000, 0x0000, 
  
  0x0000, 0x0000, 0x0000, 0x0000, 0x0000, 0x0000, 0x0000, 0x0000, 
  0x0000, 0x0000, 0x0000, 0x0000, 0x0000, 0x0000, 0x0000, 0xD548, 
  0xD528, 0xCCC6, 0xBC04, 0xB3A3, 0xB382, 0xB3A2, 0xBBC2, 0xB3C3, 
  0xAB82, 0x9B22, 0x92E1, 0x8AC1, 0x7A41, 0x7A21, 0x92C1, 0x9301, 
  0x9301, 0x9B01, 0x9B02, 0x9B22, 0x9B22, 0x9B02, 0x8261, 0x69C0, 
  0x6160, 0x5960, 0x6160, 0x6180, 0x6180, 0x69A0, 0x69C0, 0x71E0, 
  0x7A00, 0x7A00, 0x71E0, 0x8241, 0xA362, 0xABA2, 0xABA2, 0xABA2, 
  0xABA2, 0xABA2, 0xABA2, 0xABA2, 0xABA2, 0xABA2, 0xABA2, 0xABA2, 
  0xABA2, 0xABA2, 0xABA2, 0xABA2, 0xABA2, 0xABA2, 0xAB82, 0xA362, 
  0x8261, 0x69A0, 0x6980, 0x6180, 0x6180, 0x6160, 0x6160, 0x5960, 
  0x5940, 0x5940, 0x5120, 0x5120, 0x6180, 0x7A01, 0x8AA1, 0x92E1, 
  0x92C1, 0x8AC1, 0x8AA1, 0x8AA1, 0x8AA1, 0x8A81, 0x8261, 0x7201, 
  0x69C1, 0x7A21, 0x8AA1, 0x92C1, 0x8AC2, 0x92E2, 0xA322, 0xAB42, 
  0xAB42, 0xB382, 0xB3A2, 0xBBC3, 0xC485, 0xD528, 0xD548, 0x0000, 
  0x0000, 0x0000, 0x0000, 0x0000, 0x0000, 0x0000, 0x0000, 0x0000, 
  0x0000, 0x0000, 0x0000, 0x0000, 0x0000, 0x0000, 0x0000, 0x0000, 
  
  0x0000, 0x0000, 0x0000, 0x0000, 0x0000, 0x0000, 0x0000, 0x0000, 
  0x0000, 0x0000, 0x0000, 0x0000, 0x0000, 0x0000, 0x0000, 0xC466, 
  0xC445, 0xBBE3, 0xB382, 0xAB42, 0xAB21, 0xA321, 0xA301, 0x9B01, 
  0x92E1, 0x92C1, 0x92C1, 0x8A81, 0x7A20, 0x8A81, 0x9B01, 0x9B01, 
  0x9B21, 0x9B21, 0x9B21, 0x9B42, 0x9B21, 0x7A21, 0x5100, 0x48C0, 
  0x48E0, 0x50E0, 0x5100, 0x5100, 0x5920, 0x6160, 0x69A0, 0x71C0, 
  0x71E0, 0x7A00, 0x7A00, 0x7A20, 0xA362, 0xB3E3, 0xABC3, 0xB3E3, 
  0xB3E3, 0xB3E3, 0xB3E3, 0xB3E3, 0xABE3, 0xABE3, 0xABE3, 0xB3E3, 
  0xABE3, 0xABE3, 0xABE3, 0xABC3, 0xABC3, 0xABC3, 0xABC3, 0xA382, 
  0x7A20, 0x6160, 0x6160, 0x6160, 0x6160, 0x5940, 0x5920, 0x5100, 
  0x50E0, 0x48C0, 0x40C0, 0x40A0, 0x40A0, 0x48C0, 0x69C0, 0x8AA1, 
  0x8AC1, 0x8AA1, 0x8AA1, 0x8A81, 0x8A81, 0x8261, 0x8261, 0x7A01, 
  0x6180, 0x69A0, 0x7A41, 0x8261, 0x8281, 0x8AA1, 0x9AE1, 0xA301, 
  0xA301, 0xAB22, 0xB362, 0xB3C3, 0xC424, 0xCCA6, 0xD4E6, 0x0000, 
  0x0000, 0x0000, 0x0000, 0x0000, 0x0000, 0x0000, 0x0000, 0x0000, 
  0x0000, 0x0000, 0x0000, 0x0000, 0x0000, 0x0000, 0x0000, 0x0000, 
  
  0x0000, 0x0000, 0x0000, 0x0000, 0x0000, 0x0000, 0x0000, 0x0000, 
  0x0000, 0x0000, 0x0000, 0x0000, 0x0000, 0x0000, 0x0000, 0xBBC4, 
  0xBBE4, 0xBBC3, 0xB382, 0xAB21, 0xA301, 0xA301, 0xA301, 0xA321, 
  0x9B21, 0x9B01, 0x92E1, 0x8AA1, 0x8A81, 0x9B01, 0xA341, 0xA362, 
  0xA362, 0xAB82, 0xAB82, 0xABA2, 0xA342, 0x69A0, 0x48E0, 0x48E0, 
  0x5100, 0x5920, 0x6140, 0x6980, 0x71E0, 0x8220, 0x8260, 0x8A81, 
  0x8AA1, 0x8AA1, 0x8A80, 0x92E1, 0xB403, 0xBC43, 0xBC23, 0xBC43, 
  0xBC43, 0xBC43, 0xBC43, 0xBC43, 0xBC43, 0xBC43, 0xBC43, 0xBC43, 
  0xBC43, 0xBC43, 0xBC23, 0xBC23, 0xBC23, 0xBC23, 0xBC23, 0xB403, 
  0x9B01, 0x8240, 0x8220, 0x8240, 0x8240, 0x7A20, 0x7A00, 0x71E0, 
  0x69A0, 0x6160, 0x5920, 0x50E0, 0x48E0, 0x48C0, 0x5960, 0x92C1, 
  0x9B21, 0x9B01, 0x9301, 0x92E1, 0x92E1, 0x92C1, 0x8AA1, 0x8A81, 
  0x7A21, 0x71E0, 0x7A21, 0x8281, 0x8A81, 0x8AA1, 0x9AE1, 0xA301, 
  0xA2E1, 0xA301, 0xAB42, 0xBBC3, 0xC444, 0xCC85, 0xDD64, 0x0000, 
  0x0000, 0x0000, 0x0000, 0x0000, 0x0000, 0x0000, 0x0000, 0x0000, 
  0x0000, 0x0000, 0x0000, 0x0000, 0x0000, 0x0000, 0x0000, 0x0000, 
  
  0x0000, 0x0000, 0x0000, 0x0000, 0x0000, 0x0000, 0x0000, 0x0000, 
  0x0000, 0x0000, 0x0000, 0x0000, 0x0000, 0x0000, 0x0000, 0x0000, 
  0xBBE4, 0xB3C3, 0xB3A2, 0xAB42, 0xA2E1, 0xA2E1, 0xA301, 0xA341, 
  0xA361, 0xA321, 0x9B01, 0x92E1, 0x9B01, 0xAB62, 0xABA2, 0xB3A2, 
  0xB3C2, 0xB3C2, 0xB3E2, 0xBC02, 0xB3C2, 0x8261, 0x6180, 0x6180, 
  0x71E0, 0x8A61, 0x9AE1, 0xA362, 0xB3C2, 0xBC02, 0xBC23, 0xBC23, 
  0xBC23, 0xBC23, 0xBC03, 0xC463, 0xCC84, 0xCC84, 0xCCA4, 0xCCA4, 
  0xCCA4, 0xCCA4, 0xCCA4, 0xCCA4, 0xCCA4, 0xCCA4, 0xCCA4, 0xCCA4, 
  0xCCA4, 0xCCA4, 0xCCA4, 0xC4A4, 0xC484, 0xC484, 0xC484, 0xC484, 
  0xC443, 0xB403, 0xB3E3, 0xBC03, 0xBC03, 0xBC03, 0xB3E2, 0xB3C2, 
  0xAB82, 0xA321, 0x92C1, 0x7A20, 0x69A0, 0x6160, 0x7A21, 0xA362, 
  0xAB82, 0xA362, 0xA361, 0xA341, 0xA321, 0x9B21, 0x9B01, 0x9AE1, 
  0x92A1, 0x8241, 0x8241, 0x8261, 0x8AA1, 0x92A1, 0x9AE1, 0xA2E1, 
  0xA2E1, 0xA301, 0xAB62, 0xBBC3, 0xC424, 0xCC86, 0x0000, 0x0000, 
  0x0000, 0x0000, 0x0000, 0x0000, 0x0000, 0x0000, 0x0000, 0x0000, 
  0x0000, 0x0000, 0x0000, 0x0000, 0x0000, 0x0000, 0x0000, 0x0000, 
  
  0x0000, 0x0000, 0x0000, 0x0000, 0x0000, 0x0000, 0x0000, 0x0000, 
  0x0000, 0x0000, 0x0000, 0x0000, 0x0000, 0x0000, 0x0000, 0x0000, 
  0xBBE3, 0xB3C3, 0xB3A2, 0xB382, 0xA321, 0xA2E1, 0xA301, 0xAB41, 
  0xAB82, 0xAB61, 0xA341, 0xA341, 0xAB81, 0xB3C2, 0xBBE2, 0xBC02, 
  0xBC22, 0xC423, 0xC443, 0xC443, 0xC443, 0xBC02, 0xAB82, 0xAB82, 
  0xBBE2, 0xC443, 0xCC83, 0xCCA3, 0xD4C3, 0xD4C4, 0xD4C4, 0xD4E4, 
  0xD4E4, 0xD4E4, 0xD504, 0xD504, 0xD504, 0xD504, 0xD505, 0xD505, 
  0xD505, 0xD505, 0xD505, 0xD505, 0xD505, 0xD505, 0xD505, 0xD505, 
  0xD505, 0xD505, 0xD505, 0xD505, 0xD505, 0xD505, 0xD4E4, 0xD4E4, 
  0xD4E4, 0xD4E4, 0xD4E4, 0xD4E4, 0xD4C4, 0xCCC4, 0xCCC4, 0xCCA4, 
  0xCCA4, 0xCC83, 0xC463, 0xBC23, 0xB3C2, 0xAB82, 0xB3E2, 0xBC02, 
  0xBC02, 0xB3E2, 0xB3C2, 0xB3A2, 0xAB82, 0xAB62, 0xA362, 0xA342, 
  0xA322, 0x92E1, 0x8A81, 0x8A81, 0x8AA1, 0x92A1, 0x9AE1, 0xA2E1, 
  0xA301, 0xAB41, 0xB382, 0xBBE3, 0xBC03, 0x0000, 0x0000, 0x0000, 
  0x0000, 0x0000, 0x0000, 0x0000, 0x0000, 0x0000, 0x0000, 0x0000, 
  0x0000, 0x0000, 0x0000, 0x0000, 0x0000, 0x0000, 0x0000, 0x0000, 
  
  0x0000, 0x0000, 0x0000, 0x0000, 0x0000, 0x0000, 0x0000, 0x0000, 
  0x0000, 0x0000, 0x0000, 0x0000, 0x0000, 0x0000, 0x0000, 0x0000, 
  0x0000, 0x0000, 0xB3A2, 0xB3A2, 0xAB62, 0xAB41, 0xA321, 0xAB61, 
  0xB3C2, 0xB3A1, 0xB3A1, 0xAB81, 0xBBE2, 0xBC02, 0xC422, 0xC443, 
  0xCC63, 0xCC83, 0xCC83, 0xCC83, 0xCCA3, 0xD4C3, 0xD4C3, 0xD4C3, 
  0xD4E3, 0xD4E3, 0xDCE4, 0xD504, 0xD4E4, 0xD504, 0xDD04, 0xDD24, 
  0xDD45, 0xDD45, 0xDD45, 0xE545, 0xE565, 0xE565, 0xE565, 0xE565, 
  0xE565, 0xE565, 0xE565, 0xE585, 0xE565, 0xE565, 0xE565, 0xE565, 
  0xE565, 0xE565, 0xE565, 0xE565, 0xE565, 0xE565, 0xE565, 0xDD65, 
  0xDD45, 0xDD45, 0xDD45, 0xDD45, 0xDD24, 0xDD24, 0xD504, 0xD4E4, 
  0xD4E4, 0xD4E4, 0xD4E4, 0xD4E4, 0xD4C4, 0xD4C3, 0xCCA3, 0xCC83, 
  0xCC63, 0xC443, 0xC423, 0xBC03, 0xBBE2, 0xB3C2, 0xB3A2, 0xAB82, 
  0xAB82, 0xA342, 0x9B01, 0x92C1, 0x92C1, 0x92C1, 0xA2E1, 0xA301, 
  0xAB21, 0xAB62, 0xB3A2, 0xBBE2, 0x0000, 0x0000, 0x0000, 0x0000, 
  0x0000, 0x0000, 0x0000, 0x0000, 0x0000, 0x0000, 0x0000, 0x0000, 
  0x0000, 0x0000, 0x0000, 0x0000, 0x0000, 0x0000, 0x0000, 0x0000, 
  
  0x0000, 0x0000, 0x0000, 0x0000, 0x0000, 0x0000, 0x0000, 0x0000, 
  0x0000, 0x0000, 0x0000, 0x0000, 0x0000, 0x0000, 0x0000, 0x0000, 
  0x0000, 0x0000, 0x0000, 0xABA2, 0xB3A2, 0xB3A2, 0xAB62, 0xB3A2, 
  0xBBE2, 0xBBE2, 0xBBC1, 0xBBC2, 0xC422, 0xC442, 0xCC83, 0xCCA3, 
  0xD4A3, 0xD4C3, 0xD4E4, 0xDCE4, 0xDD04, 0xDD04, 0xDD04, 0xDD04, 
  0xDD04, 0xCC83, 0xBBE2, 0xAB62, 0xA362, 0xAB82, 0xB3A2, 0xBC02, 
  0xD4E4, 0xE585, 0xEDC5, 0xEDA5, 0xEDA5, 0xEDA6, 0xEDC6, 0xEDC6, 
  0xEDC6, 0xEDC6, 0xEDC6, 0xEDC6, 0xEDC6, 0xEDC6, 0xEDC6, 0xEDC6, 
  0xEDC6, 0xEDC6, 0xEDC6, 0xEDC6, 0xEDC6, 0xEDC6, 0xEDC6, 0xEDC6, 
  0xEDA5, 0xEDA5, 0xEDA5, 0xE545, 0xCC83, 0xB3E2, 0xABA2, 0xAB62, 
  0xA342, 0xAB82, 0xBC22, 0xD4C3, 0xDD04, 0xDD04, 0xDD03, 0xDCE3, 
  0xD4C3, 0xD4A3, 0xD4A3, 0xCC83, 0xC463, 0xC422, 0xBC02, 0xBBE2, 
  0xB3C2, 0xAB82, 0xAB62, 0xA342, 0x9B01, 0x9AE1, 0xA301, 0xAB41, 
  0xAB62, 0xB382, 0xB3C1, 0x0000, 0x0000, 0x0000, 0x0000, 0x0000, 
  0x0000, 0x0000, 0x0000, 0x0000, 0x0000, 0x0000, 0x0000, 0x0000, 
  0x0000, 0x0000, 0x0000, 0x0000, 0x0000, 0x0000, 0x0000, 0x0000, 
  
  0x0000, 0x0000, 0x0000, 0x0000, 0x0000, 0x0000, 0x0000, 0x0000, 
  0x0000, 0x0000, 0x0000, 0x0000, 0x0000, 0x0000, 0x0000, 0x0000, 
  0x0000, 0x0000, 0x0000, 0x0000, 0x0000, 0xB3A2, 0xBBE2, 0xBC02, 
  0xC422, 0xC422, 0xBC02, 0xC402, 0xCC62, 0xCC82, 0xD4C3, 0xDCE3, 
  0xDD03, 0xDD04, 0xE524, 0xE544, 0xE544, 0xE544, 0xE544, 0xD4C3, 
  0xAB82, 0x9B43, 0xABE8, 0xB429, 0xB46A, 0xBC8B, 0xB44A, 0xABC7, 
  0xA344, 0xB3C2, 0xDD44, 0xF606, 0xF5E6, 0xF5E6, 0xF5E6, 0xF5E6, 
  0xF606, 0xF606, 0xF606, 0xF606, 0xF606, 0xF607, 0xF607, 0xF607, 
  0xF606, 0xF606, 0xF606, 0xF606, 0xF606, 0xF606, 0xF606, 0xF606, 
  0xF5E6, 0xEDE6, 0xCCC3, 0xAB82, 0xA365, 0xABE8, 0xB46A, 0xB48B, 
  0xB44A, 0xAC29, 0xA3A6, 0x9B23, 0xBBE2, 0xDD04, 0xE544, 0xE544, 
  0xE544, 0xDD23, 0xDD03, 0xDCE3, 0xD4C3, 0xCCA3, 0xCC63, 0xC422, 
  0xBC22, 0xBBE2, 0xB3A2, 0xB3A2, 0xAB62, 0xAB41, 0xAB61, 0xAB61, 
  0xB382, 0xABA1, 0x0000, 0x0000, 0x0000, 0x0000, 0x0000, 0x0000, 
  0x0000, 0x0000, 0x0000, 0x0000, 0x0000, 0x0000, 0x0000, 0x0000, 
  0x0000, 0x0000, 0x0000, 0x0000, 0x0000, 0x0000, 0x0000, 0x0000, 
  
  0x0000, 0x0000, 0x0000, 0x0000, 0x0000, 0x0000, 0x0000, 0x0000, 
  0x0000, 0x0000, 0x0000, 0x0000, 0x0000, 0x0000, 0x0000, 0x0000, 
  0x0000, 0x0000, 0x0000, 0x0000, 0xFF4E, 0xEE6E, 0xDD48, 0xCC82, 
  0xCC42, 0xC442, 0xC422, 0xC442, 0xD4A2, 0xDCC3, 0xDD03, 0xE544, 
  0xE544, 0xE564, 0xED84, 0xED84, 0xED84, 0xED84, 0xC422, 0x9B02, 
  0xB44B, 0xD5F2, 0xBD2F, 0x8B89, 0x72A6, 0x7AC7, 0x8B68, 0xAC8C, 
  0xCD70, 0xB48B, 0xA383, 0xD504, 0xF626, 0xF626, 0xF626, 0xF626, 
  0xF626, 0xF627, 0xF627, 0xF627, 0xF627, 0xF627, 0xF647, 0xF647, 
  0xF627, 0xF627, 0xFE27, 0xFE27, 0xFE27, 0xF626, 0xF626, 0xF626, 
  0xF5E6, 0xC463, 0xABA6, 0xC50D, 0xBD2F, 0x9C0A, 0x7AE7, 0x72A7, 
  0x7AE7, 0x9C0B, 0xCDB1, 0xCDB1, 0xA3A7, 0xA342, 0xD4C3, 0xED84, 
  0xED84, 0xED84, 0xED64, 0xE544, 0xE523, 0xDD03, 0xD4C3, 0xCC83, 
  0xCC62, 0xC422, 0xC402, 0xBC02, 0xBBE2, 0xBBC2, 0xC465, 0xBC24, 
  0xBB84, 0x0000, 0x0000, 0x0000, 0x0000, 0x0000, 0x0000, 0x0000, 
  0x0000, 0x0000, 0x0000, 0x0000, 0x0000, 0x0000, 0x0000, 0x0000, 
  0x0000, 0x0000, 0x0000, 0x0000, 0x0000, 0x0000, 0x0000, 0x0000, 
  
  0x0000, 0x0000, 0x0000, 0x0000, 0x0000, 0x0000, 0x0000, 0x0000, 
  0x0000, 0x0000, 0x0000, 0x0000, 0x0000, 0x0000, 0x0000, 0x0000, 
  0x0000, 0x0000, 0x0000, 0xAD4A, 0xEE6D, 0xEE6D, 0xEDA6, 0xD4C3, 
  0xCC82, 0xCC62, 0xCC62, 0xD482, 0xDCE3, 0xDD03, 0xE543, 0xED84, 
  0xED84, 0xEDA4, 0xF5C4, 0xF5C4, 0xEDA4, 0xC442, 0xA385, 0xCDB0, 
  0xE6D6, 0x940C, 0x6A85, 0x93A9, 0x6244, 0x30A0, 0x30A0, 0x38E1, 
  0x6245, 0xC54F, 0xDE11, 0xB426, 0xDD45, 0xFE46, 0xFE46, 0xFE47, 
  0xFE47, 0xFE47, 0xFE47, 0xFE47, 0xFE48, 0xFE47, 0xFE47, 0xFE47, 
  0xFE47, 0xFE47, 0xFE47, 0xFE47, 0xFE47, 0xFE47, 0xFE46, 0xF606, 
  0xD4E4, 0xBCAA, 0xDE11, 0xA44B, 0x7AE7, 0x93C9, 0x6224, 0x30C1, 
  0x30A0, 0x30C1, 0x5A04, 0xB50F, 0xE6D6, 0xBCCC, 0xAB83, 0xD4E3, 
  0xF5C4, 0xF5C4, 0xF5A4, 0xEDA4, 0xED84, 0xE543, 0xE523, 0xDCE3, 
  0xD4C3, 0xCC82, 0xCC62, 0xCC62, 0xC442, 0xC442, 0xD505, 0xE5CA, 
  0xE650, 0xEE53, 0x0000, 0x0000, 0x0000, 0x0000, 0x0000, 0x0000, 
  0x0000, 0x0000, 0x0000, 0x0000, 0x0000, 0x0000, 0x0000, 0x0000, 
  0x0000, 0x0000, 0x0000, 0x0000, 0x0000, 0x0000, 0x0000, 0x0000, 
  
  0x0000, 0x0000, 0x0000, 0x0000, 0x0000, 0x0000, 0x0000, 0x0000, 
  0x0000, 0x0000, 0x0000, 0x0000, 0x0000, 0x0000, 0x0000, 0x0000, 
  0x0000, 0x0000, 0xFBE0, 0xEDE8, 0xEE0A, 0xEDA4, 0xED84, 0xDD03, 
  0xD4A2, 0xD4A2, 0xD482, 0xD4C2, 0xE523, 0xE543, 0xED84, 0xF5C4, 
  0xF5C4, 0xF5E5, 0xF5E5, 0xF5E5, 0xCC83, 0xB407, 0xE6B5, 0xF779, 
  0x8BCB, 0x4983, 0xD613, 0xFFBA, 0xD632, 0x5A03, 0x28A0, 0x30C0, 
  0x2880, 0x4961, 0xCD90, 0xE694, 0xC4A7, 0xEDA5, 0xFE67, 0xFE47, 
  0xFE47, 0xFE47, 0xFE67, 0xFE67, 0xFE68, 0xFE67, 0xFE67, 0xFE68, 
  0xFE67, 0xFE67, 0xFE67, 0xFE47, 0xFE47, 0xFE67, 0xFE47, 0xDD25, 
  0xC4EB, 0xE6B5, 0x93EA, 0x59E2, 0xC58F, 0xFFBA, 0xE694, 0x5A04, 
  0x28C0, 0x38E0, 0x30A0, 0x4962, 0xBD2F, 0xF779, 0xD590, 0xABC4, 
  0xDD44, 0xFE05, 0xF5E4, 0xF5C4, 0xF5C4, 0xF5A4, 0xED83, 0xE543, 
  0xE523, 0xDCE3, 0xD4A2, 0xD4A2, 0xD482, 0xD4A2, 0xDCE2, 0xDD03, 
  0xE566, 0xE62E, 0xF646, 0x0000, 0x0000, 0x0000, 0x0000, 0x0000, 
  0x0000, 0x0000, 0x0000, 0x0000, 0x0000, 0x0000, 0x0000, 0x0000, 
  0x0000, 0x0000, 0x0000, 0x0000, 0x0000, 0x0000, 0x0000, 0x0000, 
  
  0x0000, 0x0000, 0x0000, 0x0000, 0x0000, 0x0000, 0x0000, 0x0000, 
  0x0000, 0x0000, 0x0000, 0x0000, 0x0000, 0x0000, 0x0000, 0x0000, 
  0x0000, 0x0000, 0xE502, 0xF5C5, 0xEDC5, 0xF5C5, 0xF5C4, 0xE563, 
  0xD4C2, 0xD4A2, 0xD4A2, 0xDCE2, 0xE543, 0xED83, 0xF5C4, 0xF5E4, 
  0xF5E4, 0xFE05, 0xFE05, 0xE564, 0xBC46, 0xDE33, 0xFFBA, 0xC590, 
  0x4142, 0x59C3, 0xE6B5, 0xFFBA, 0xCE13, 0x5204, 0x1880, 0x28C0, 
  0x4100, 0x48E0, 0x82C4, 0xEF16, 0xDE32, 0xD526, 0xFE26, 0xFE67, 
  0xFE67, 0xFE67, 0xFE67, 0xFE68, 0xFE67, 0xFE68, 0xFE68, 0xFE68, 
  0xFE68, 0xFE67, 0xFE67, 0xFE67, 0xFE67, 0xFE67, 0xF606, 0xD529, 
  0xE6B5, 0xC5B1, 0x4162, 0x6223, 0xD611, 0xFFBA, 0xE693, 0x5204, 
  0x1880, 0x28C0, 0x3900, 0x4900, 0x82E6, 0xE6D5, 0xF779, 0xCD4E, 
  0xBC44, 0xF5E5, 0xFE05, 0xFDE4, 0xFDE4, 0xF5C4, 0xF5A4, 0xED63, 
  0xE543, 0xDD03, 0xDCE2, 0xDCE3, 0xDCC2, 0xDD03, 0xED64, 0xED63, 
  0xE565, 0xE587, 0xEDC6, 0x0000, 0x0000, 0x0000, 0x0000, 0x0000, 
  0x0000, 0x0000, 0x0000, 0x0000, 0x0000, 0x0000, 0x0000, 0x0000, 
  0x0000, 0x0000, 0x0000, 0x0000, 0x0000, 0x0000, 0x0000, 0x0000, 
  
  0x0000, 0x0000, 0x0000, 0x0000, 0x0000, 0x0000, 0x0000, 0x0000, 
  0x0000, 0x0000, 0x0000, 0x0000, 0x0000, 0x0000, 0x0000, 0x0000, 
  0x0000, 0x0000, 0xBBE0, 0xEDA4, 0xEDA4, 0xF605, 0xF605, 0xEDA4, 
  0xDCE2, 0xD4C2, 0xD4A2, 0xDD03, 0xED63, 0xED83, 0xF5C4, 0xFDE4, 
  0xFE04, 0xFE05, 0xF5E4, 0xCCE5, 0xD5AF, 0xFF99, 0xF799, 0x8B89, 
  0x30C0, 0x3901, 0x8348, 0xB50D, 0x7307, 0x28C1, 0x20A0, 0x20A1, 
  0x3900, 0x6980, 0x71A0, 0xD5D0, 0xF778, 0xE5EC, 0xF5E6, 0xFE67, 
  0xFE67, 0xFE67, 0xFE67, 0xFE68, 0xFE68, 0xFE68, 0xFE68, 0xFE68, 
  0xFE68, 0xFE68, 0xFE67, 0xFE67, 0xFE67, 0xFE47, 0xEDC6, 0xE651, 
  0xF758, 0x93EA, 0x28A0, 0x3900, 0x7B26, 0xB50D, 0x7B26, 0x28E1, 
  0x20A0, 0x20A0, 0x3900, 0x6160, 0x7A21, 0xCD8F, 0xFFBA, 0xF738, 
  0xC4CA, 0xDD64, 0xFE25, 0xFE04, 0xFE04, 0xFDE4, 0xF5C4, 0xED83, 
  0xED63, 0xE523, 0xDD02, 0xDD02, 0xDD02, 0xE543, 0xF5C4, 0xF5A4, 
  0xED84, 0xE586, 0xEDA5, 0x0000, 0x0000, 0x0000, 0x0000, 0x0000, 
  0x0000, 0x0000, 0x0000, 0x0000, 0x0000, 0x0000, 0x0000, 0x0000, 
  0x0000, 0x0000, 0x0000, 0x0000, 0x0000, 0x0000, 0x0000, 0x0000, 
  
  0x0000, 0x0000, 0x0000, 0x0000, 0x0000, 0x0000, 0x0000, 0x0000, 
  0x0000, 0x0000, 0x0000, 0x0000, 0x0000, 0x0000, 0x0000, 0x0000, 
  0x0000, 0x0000, 0xF521, 0xEDA4, 0xED63, 0xF605, 0xFE25, 0xF5C4, 
  0xDCE2, 0xD4A2, 0xD4A2, 0xDD02, 0xED63, 0xEDA4, 0xF5C4, 0xFE04, 
  0xFE04, 0xFE25, 0xED84, 0xCD29, 0xEEF6, 0xFFDB, 0xEF17, 0x6AA6, 
  0x30C0, 0x28C0, 0x20A0, 0x3100, 0x20A0, 0x20A0, 0x20A1, 0x20A1, 
  0x30E0, 0x71E0, 0x79E0, 0xBCA9, 0xFFB9, 0xF6D2, 0xF607, 0xFE67, 
  0xFE67, 0xFE67, 0xFE67, 0xFE68, 0xFE88, 0xFE68, 0xFE68, 0xFE88, 
  0xFE68, 0xFE68, 0xFE67, 0xFE67, 0xFE67, 0xFE47, 0xF629, 0xF757, 
  0xEF17, 0x72C6, 0x28A0, 0x28C0, 0x20C0, 0x3100, 0x20A0, 0x20A0, 
  0x20C1, 0x20A0, 0x30E0, 0x71C0, 0x8240, 0xC4EB, 0xFF98, 0xFFDB, 
  0xE673, 0xCCC4, 0xF604, 0xFE04, 0xFE04, 0xFDE4, 0xF5E4, 0xEDA3, 
  0xED83, 0xE523, 0xDD02, 0xE522, 0xE502, 0xED83, 0xF5E4, 0xF5C4, 
  0xED84, 0xE585, 0xEDA6, 0x0000, 0x0000, 0x0000, 0x0000, 0x0000, 
  0x0000, 0x0000, 0x0000, 0x0000, 0x0000, 0x0000, 0x0000, 0x0000, 
  0x0000, 0x0000, 0x0000, 0x0000, 0x0000, 0x0000, 0x0000, 0x0000, 
  
  0x0000, 0x0000, 0x0000, 0x0000, 0x0000, 0x0000, 0x0000, 0x0000, 
  0x0000, 0x0000, 0x0000, 0x0000, 0x0000, 0x0000, 0x0000, 0x0000, 
  0x0000, 0x0000, 0xFD82, 0xED84, 0xE563, 0xF5E4, 0xFE25, 0xF5E4, 
  0xDCE2, 0xCC62, 0xCC62, 0xDCE2, 0xED63, 0xEDA3, 0xF5C4, 0xFE04, 
  0xFE04, 0xFE04, 0xED84, 0xDDCD, 0xFF99, 0xFFDB, 0xEF16, 0x6A86, 
  0x30C0, 0x28C0, 0x20A0, 0x1880, 0x20A1, 0x20C1, 0x20A1, 0x20A1, 
  0x30C0, 0x8A80, 0x9260, 0xBC68, 0xFFB9, 0xFF56, 0xFE89, 0xFE66, 
  0xFE67, 0xFE67, 0xFE67, 0xFE67, 0xFE68, 0xFE68, 0xFE68, 0xFE88, 
  0xFE68, 0xFE68, 0xFE67, 0xFE67, 0xFE67, 0xFE66, 0xFEAC, 0xFFBA, 
  0xE716, 0x72A6, 0x28A0, 0x28C0, 0x20A1, 0x18A0, 0x20A0, 0x20C1, 
  0x20C1, 0x20A1, 0x30E0, 0x8240, 0x9AC0, 0xC4C9, 0xFF77, 0xFFDB, 
  0xF758, 0xD507, 0xF604, 0xFE04, 0xFE04, 0xFE04, 0xF5E4, 0xF5A3, 
  0xED83, 0xE522, 0xDCE2, 0xDD02, 0xDD02, 0xF5C4, 0xFDE4, 0xF5A3, 
  0xED64, 0xE565, 0xF5A4, 0x0000, 0x0000, 0x0000, 0x0000, 0x0000, 
  0x0000, 0x0000, 0x0000, 0x0000, 0x0000, 0x0000, 0x0000, 0x0000, 
  0x0000, 0x0000, 0x0000, 0x0000, 0x0000, 0x0000, 0x0000, 0x0000, 
  
  0x0000, 0x0000, 0x0000, 0x0000, 0x0000, 0x0000, 0x0000, 0x0000, 
  0x0000, 0x0000, 0x0000, 0x0000, 0x0000, 0x0000, 0x0000, 0x0000, 
  0x0000, 0x0000, 0xFD60, 0xF583, 0xED63, 0xF5C4, 0xFE25, 0xFE04, 
  0xDD02, 0xC441, 0xC421, 0xDCE2, 0xED63, 0xED83, 0xF5C4, 0xFE04, 
  0xFE04, 0xFE04, 0xF5E6, 0xEE91, 0xFFBA, 0xFFBA, 0xF758, 0x7B28, 
  0x38E0, 0x30E0, 0x20A1, 0x20A1, 0x20A1, 0x20A1, 0x20A0, 0x1880, 
  0x4960, 0xB3A1, 0xA320, 0xCD2B, 0xFFDA, 0xFF77, 0xFEAA, 0xFE66, 
  0xFE67, 0xFE67, 0xFE67, 0xFE67, 0xFE68, 0xFE68, 0xFE88, 0xFE88, 
  0xFE67, 0xFE67, 0xFE67, 0xFE67, 0xFE67, 0xFE66, 0xFEEE, 0xFFBA, 
  0xEF38, 0x8348, 0x30A0, 0x30E0, 0x20C0, 0x20A1, 0x20A1, 0x20A1, 
  0x20A0, 0x20A0, 0x4140, 0xAB81, 0xB3A1, 0xD54C, 0xFF98, 0xFFBA, 
  0xFF9A, 0xE5CB, 0xFE04, 0xFE04, 0xFE04, 0xFE04, 0xF5E4, 0xEDA3, 
  0xED83, 0xDD02, 0xD4A2, 0xD4C2, 0xDCE2, 0xF5E4, 0xFDE4, 0xEDA3, 
  0xED63, 0xED84, 0xF5A3, 0x0000, 0x0000, 0x0000, 0x0000, 0x0000, 
  0x0000, 0x0000, 0x0000, 0x0000, 0x0000, 0x0000, 0x0000, 0x0000, 
  0x0000, 0x0000, 0x0000, 0x0000, 0x0000, 0x0000, 0x0000, 0x0000, 
  
  0x0000, 0x0000, 0x0000, 0x0000, 0x0000, 0x0000, 0x0000, 0x0000, 
  0x0000, 0x0000, 0x0000, 0x0000, 0x0000, 0x0000, 0x0000, 0x0000, 
  0x0000, 0x0000, 0xFD80, 0xF5C3, 0xED83, 0xF5A3, 0xFE24, 0xFE04, 
  0xDD02, 0xC401, 0xC401, 0xD4C2, 0xED63, 0xED83, 0xF5C4, 0xFDE4, 
  0xFE04, 0xFE04, 0xFE26, 0xFEF2, 0xFFBA, 0xFFBA, 0xFFBA, 0xA46B, 
  0x4101, 0x4920, 0x3900, 0x20A0, 0x18A1, 0x18A1, 0x1880, 0x28E0, 
  0x9B41, 0xDCE2, 0xB3A1, 0xE672, 0xFFDB, 0xFF77, 0xFEAB, 0xFE66, 
  0xFE67, 0xFE67, 0xFE67, 0xFE67, 0xFE67, 0xFE88, 0xFE88, 0xFE88, 
  0xFE67, 0xFE67, 0xFE67, 0xFE67, 0xFE67, 0xFE66, 0xFEEE, 0xFFBA, 
  0xF799, 0xACAD, 0x4100, 0x4900, 0x3900, 0x20A0, 0x18A1, 0x18A1, 
  0x1880, 0x28E0, 0x9321, 0xDCE2, 0xC443, 0xE630, 0xFFBA, 0xFFBA, 
  0xFFBA, 0xF68C, 0xFE04, 0xFE04, 0xFE04, 0xFE04, 0xF5C4, 0xED83, 
  0xED63, 0xDCC2, 0xCC61, 0xCC61, 0xDCE2, 0xFDE4, 0xF5C3, 0xED83, 
  0xED63, 0xEDA4, 0xFDE3, 0x0000, 0x0000, 0x0000, 0x0000, 0x0000, 
  0x0000, 0x0000, 0x0000, 0x0000, 0x0000, 0x0000, 0x0000, 0x0000, 
  0x0000, 0x0000, 0x0000, 0x0000, 0x0000, 0x0000, 0x0000, 0x0000, 
  
  0x0000, 0x0000, 0x0000, 0x0000, 0x0000, 0x0000, 0x0000, 0x0000, 
  0x0000, 0x0000, 0x0000, 0x0000, 0x0000, 0x0000, 0x0000, 0x0000, 
  0x0000, 0x0000, 0xF8A0, 0xF5C4, 0xEDA4, 0xED83, 0xFE04, 0xFE04, 
  0xDD03, 0xBBC1, 0xBBC1, 0xD482, 0xED63, 0xED83, 0xF5C3, 0xFDE4, 
  0xFE04, 0xFE04, 0xFE46, 0xFF11, 0xFFBA, 0xFFBA, 0xFFDB, 0xDE73, 
  0x6203, 0x5960, 0x71E0, 0x59A0, 0x3900, 0x30E0, 0x51A1, 0xA3C3, 
  0xE5E4, 0xD4A2, 0xC4A7, 0xF778, 0xFFBA, 0xFF77, 0xFECB, 0xFE66, 
  0xFE67, 0xFE67, 0xFE67, 0xFE67, 0xFE67, 0xFE88, 0xFE88, 0xFE88, 
  0xFE68, 0xFE67, 0xFE67, 0xFE67, 0xFE67, 0xFE66, 0xFEEF, 0xFFBA, 
  0xFFBA, 0xD654, 0x6A44, 0x5920, 0x71E0, 0x59A0, 0x3900, 0x30E0, 
  0x4981, 0x9BA3, 0xE5C4, 0xDCE2, 0xC4C8, 0xF737, 0xFFBA, 0xFFBA, 
  0xFFB9, 0xFEAB, 0xFE04, 0xFE04, 0xFE04, 0xFE04, 0xF5C3, 0xED83, 
  0xED63, 0xD482, 0xC401, 0xBBE1, 0xDCE2, 0xFDE4, 0xF5A3, 0xED63, 
  0xED63, 0xF5C4, 0xFE22, 0x0000, 0x0000, 0x0000, 0x0000, 0x0000, 
  0x0000, 0x0000, 0x0000, 0x0000, 0x0000, 0x0000, 0x0000, 0x0000, 
  0x0000, 0x0000, 0x0000, 0x0000, 0x0000, 0x0000, 0x0000, 0x0000, 
  
  0x0000, 0x0000, 0x0000, 0x0000, 0x0000, 0x0000, 0x0000, 0x0000, 
  0x0000, 0x0000, 0x0000, 0x0000, 0x0000, 0x0000, 0x0000, 0x0000, 
  0x0000, 0x0000, 0x0000, 0xEDA4, 0xEDA4, 0xED63, 0xF5C4, 0xFE04, 
  0xE543, 0xB3C1, 0xAB61, 0xCC62, 0xE543, 0xED83, 0xF5A3, 0xF5E4, 
  0xFE04, 0xFE04, 0xFE04, 0xFE8A, 0xFF75, 0xFFBA, 0xFFBA, 0xFFBA, 
  0xBD2D, 0x71E1, 0x8220, 0xA320, 0xAB81, 0xBC01, 0xDD44, 0xF667, 
  0xDD44, 0xBC25, 0xEEB4, 0xFFBA, 0xFFBA, 0xFF55, 0xFE89, 0xFE66, 
  0xFE67, 0xFE67, 0xFE67, 0xFE67, 0xFE67, 0xFE88, 0xFE88, 0xFE88, 
  0xFE68, 0xFE67, 0xFE67, 0xFE67, 0xFE67, 0xFE66, 0xFECC, 0xFF99, 
  0xFFBA, 0xFF99, 0xBD2D, 0x7202, 0x7A00, 0xA300, 0xAB81, 0xBBE1, 
  0xDD23, 0xEE46, 0xDD65, 0xBC26, 0xE673, 0xFFBA, 0xFFBA, 0xFFBA, 
  0xFF33, 0xFE46, 0xFE04, 0xFE04, 0xFE04, 0xFDE4, 0xF5C3, 0xED83, 
  0xE542, 0xC421, 0xB381, 0xB381, 0xE523, 0xF5C3, 0xED83, 0xED43, 
  0xED63, 0xF5E5, 0x0000, 0x0000, 0x0000, 0x0000, 0x0000, 0x0000, 
  0x0000, 0x0000, 0x0000, 0x0000, 0x0000, 0x0000, 0x0000, 0x0000, 
  0x0000, 0x0000, 0x0000, 0x0000, 0x0000, 0x0000, 0x0000, 0x0000, 
  
  0x0000, 0x0000, 0x0000, 0x0000, 0x0000, 0x0000, 0x0000, 0x0000, 
  0x0000, 0x0000, 0x0000, 0x0000, 0x0000, 0x0000, 0x0000, 0x0000, 
  0x0000, 0x0000, 0x0000, 0xEDC3, 0xEDA4, 0xED63, 0xF5A3, 0xF5C3, 
  0xED83, 0xC421, 0xA320, 0xBC01, 0xE522, 0xED63, 0xF5A3, 0xF5E4, 
  0xFE04, 0xFE04, 0xFE04, 0xFE24, 0xFE68, 0xFF11, 0xFF77, 0xFFB9, 
  0xFF99, 0xD5CF, 0x9B44, 0x92C1, 0xAB61, 0xC422, 0xCCA2, 0xC484, 
  0xC4A8, 0xEED5, 0xFFBA, 0xFF99, 0xFF55, 0xFECC, 0xFE66, 0xFE66, 
  0xFE66, 0xFE67, 0xFE67, 0xFE67, 0xFE67, 0xFE89, 0xFE89, 0xFE88, 
  0xFE67, 0xFE67, 0xFE67, 0xFE67, 0xFE66, 0xFE66, 0xFE67, 0xFEEF, 
  0xFF77, 0xFFBA, 0xFF99, 0xD5B0, 0x9B45, 0x92C1, 0xAB61, 0xC421, 
  0xCCA2, 0xC484, 0xC4C9, 0xE694, 0xFFBA, 0xFF99, 0xFF75, 0xFECE, 
  0xFE46, 0xFE04, 0xFE04, 0xFE04, 0xFE04, 0xFDE4, 0xF5A3, 0xED83, 
  0xE522, 0xBBE1, 0xA320, 0xBC01, 0xED63, 0xED83, 0xED63, 0xE543, 
  0xED63, 0xFE24, 0x0000, 0x0000, 0x0000, 0x0000, 0x0000, 0x0000, 
  0x0000, 0x0000, 0x0000, 0x0000, 0x0000, 0x0000, 0x0000, 0x0000, 
  0x0000, 0x0000, 0x0000, 0x0000, 0x0000, 0x0000, 0x0000, 0x0000, 
  
  0x0000, 0x0000, 0x0000, 0x0000, 0x0000, 0x0000, 0x0000, 0x0000, 
  0x0000, 0x0000, 0x0000, 0x0000, 0x0000, 0x0000, 0x0000, 0x0000, 
  0x0000, 0x0000, 0x0000, 0xE582, 0xEDA4, 0xED63, 0xED83, 0xF5A3, 
  0xEDA3, 0xDD02, 0xBBC1, 0xC401, 0xDD22, 0xED63, 0xEDA3, 0xF5E4, 
  0xFE04, 0xFE04, 0xFE04, 0xFE24, 0xFE24, 0xFE25, 0xFE89, 0xFEEE, 
  0xFF32, 0xFF75, 0xF6F3, 0xD58C, 0xB448, 0xABE8, 0xBCA9, 0xDE0F, 
  0xF757, 0xFF98, 0xFF54, 0xFEEF, 0xFE89, 0xFE66, 0xFE66, 0xFE66, 
  0xFE66, 0xFE67, 0xFE67, 0xFE67, 0xFE67, 0xFE89, 0xFE89, 0xFE88, 
  0xFE67, 0xFE67, 0xFE67, 0xFE67, 0xFE66, 0xFE66, 0xFE66, 0xFE66, 
  0xFEAB, 0xFF11, 0xFF76, 0xFF98, 0xEEF5, 0xD58D, 0xB428, 0xABE8, 
  0xC4C9, 0xDE0E, 0xF735, 0xFF75, 0xFF11, 0xFECC, 0xFE67, 0xFE24, 
  0xFE24, 0xFE04, 0xFE04, 0xFE04, 0xFE04, 0xF5E4, 0xF5A3, 0xED63, 
  0xE542, 0xDCC2, 0xCC61, 0xDD02, 0xED83, 0xED83, 0xE542, 0xE543, 
  0xED83, 0xFE60, 0x0000, 0x0000, 0x0000, 0x0000, 0x0000, 0x0000, 
  0x0000, 0x0000, 0x0000, 0x0000, 0x0000, 0x0000, 0x0000, 0x0000, 
  0x0000, 0x0000, 0x0000, 0x0000, 0x0000, 0x0000, 0x0000, 0x0000, 
  
  0x0000, 0x0000, 0x0000, 0x0000, 0x0000, 0x0000, 0x0000, 0x0000, 
  0x0000, 0x0000, 0x0000, 0x0000, 0x0000, 0x0000, 0x0000, 0x0000, 
  0x0000, 0x0000, 0x0000, 0x9B00, 0xED83, 0xE563, 0xED63, 0xED83, 
  0xED83, 0xE542, 0xDCE2, 0xDCE2, 0xE522, 0xED63, 0xED83, 0xF5C3, 
  0xFE04, 0xFE04, 0xFE04, 0xFE24, 0xFE24, 0xFE24, 0xFE24, 0xFE24, 
  0xFE45, 0xFE67, 0xFECB, 0xFEED, 0xFEED, 0xFEEE, 0xFEEE, 0xFF0E, 
  0xFECD, 0xFEAA, 0xFE67, 0xFE66, 0xFE46, 0xFE66, 0xFE66, 0xFE66, 
  0xFE66, 0xFE67, 0xFE67, 0xFE67, 0xFE67, 0xFE89, 0xFEAA, 0xFE89, 
  0xFE88, 0xFE67, 0xFE67, 0xFE67, 0xFE66, 0xFE66, 0xFE66, 0xFE66, 
  0xFE46, 0xFE66, 0xFE88, 0xFEAB, 0xFEED, 0xFF0E, 0xFEEE, 0xFEEE, 
  0xFEED, 0xFEEC, 0xFEAA, 0xFE66, 0xFE25, 0xFE24, 0xFE24, 0xFE24, 
  0xFE24, 0xFE04, 0xFE04, 0xFE04, 0xFE04, 0xF5C4, 0xEDA3, 0xED63, 
  0xE522, 0xDCE2, 0xD4A2, 0xE522, 0xED63, 0xED63, 0xE542, 0xE543, 
  0xEDA5, 0xF5C4, 0x0000, 0x0000, 0x0000, 0x0000, 0x0000, 0x0000, 
  0x0000, 0x0000, 0x0000, 0x0000, 0x0000, 0x0000, 0x0000, 0x0000, 
  0x0000, 0x0000, 0x0000, 0x0000, 0x0000, 0x0000, 0x0000, 0x0000, 
  
  0x0000, 0x0000, 0x0000, 0x0000, 0x0000, 0x0000, 0x0000, 0x0000, 
  0x0000, 0x0000, 0x0000, 0x0000, 0x0000, 0x0000, 0x0000, 0x0000, 
  0x0000, 0x0000, 0x0000, 0x0000, 0xE583, 0xE563, 0xED63, 0xED83, 
  0xED83, 0xE542, 0xD4C2, 0xDCC2, 0xE522, 0xE543, 0xED83, 0xF5C3, 
  0xFDE4, 0xFE04, 0xFE04, 0xFE24, 0xFE24, 0xFE24, 0xFE45, 0xFE45, 
  0xFE25, 0xFE44, 0xFE44, 0xFE44, 0xFE45, 0xFE45, 0xFE45, 0xFE45, 
  0xFE45, 0xFE45, 0xFE45, 0xFE66, 0xFE66, 0xFE66, 0xFE66, 0xFE66, 
  0xFE66, 0xFE67, 0xFE67, 0xFE67, 0xFE67, 0xFE89, 0xFE89, 0xFE88, 
  0xFE68, 0xFE67, 0xFE67, 0xFE67, 0xFE66, 0xFE66, 0xFE66, 0xFE66, 
  0xFE66, 0xFE66, 0xFE45, 0xFE45, 0xFE45, 0xFE45, 0xFE45, 0xFE45, 
  0xFE45, 0xFE44, 0xFE44, 0xFE44, 0xFE25, 0xFE45, 0xFE25, 0xFE24, 
  0xFE24, 0xFE04, 0xFE04, 0xFE04, 0xFE04, 0xF5C3, 0xED83, 0xED63, 
  0xE522, 0xDCC2, 0xD4A2, 0xE522, 0xED63, 0xED43, 0xE542, 0xE543, 
  0xEDA5, 0xFD84, 0x0000, 0x0000, 0x0000, 0x0000, 0x0000, 0x0000, 
  0x0000, 0x0000, 0x0000, 0x0000, 0x0000, 0x0000, 0x0000, 0x0000, 
  0x0000, 0x0000, 0x0000, 0x0000, 0x0000, 0x0000, 0x0000, 0x0000, 
  
  0x0000, 0x0000, 0x0000, 0x0000, 0x0000, 0x0000, 0x0000, 0x0000, 
  0x0000, 0x0000, 0x0000, 0x0000, 0x0000, 0x0000, 0x0000, 0x0000, 
  0x0000, 0x0000, 0x0000, 0x0000, 0xED62, 0xED63, 0xE543, 0xED63, 
  0xED63, 0xE542, 0xD4C2, 0xD4C2, 0xE502, 0xE543, 0xED83, 0xF5C3, 
  0xFDE4, 0xFE04, 0xFE04, 0xFE24, 0xFE24, 0xFE24, 0xFE25, 0xFE45, 
  0xFE45, 0xFE45, 0xFE45, 0xFE45, 0xFE45, 0xFE45, 0xFE45, 0xFE45, 
  0xFE46, 0xFE66, 0xFE66, 0xFE66, 0xFE66, 0xFE66, 0xFE66, 0xFE66, 
  0xFE66, 0xFE66, 0xFE66, 0xFE66, 0xFE66, 0xFE66, 0xFE67, 0xFE67, 
  0xFE66, 0xFE66, 0xFE66, 0xFE66, 0xFE66, 0xFE66, 0xFE66, 0xFE66, 
  0xFE66, 0xFE66, 0xFE66, 0xFE46, 0xFE46, 0xFE45, 0xFE45, 0xFE45, 
  0xFE45, 0xFE45, 0xFE45, 0xFE45, 0xFE45, 0xFE45, 0xFE24, 0xFE24, 
  0xFE24, 0xFE04, 0xFE04, 0xFE04, 0xFDE4, 0xF5C3, 0xED83, 0xE543, 
  0xDD02, 0xD4C2, 0xD4A2, 0xE522, 0xED63, 0xE543, 0xE542, 0xE563, 
  0xF5A4, 0xFD00, 0x0000, 0x0000, 0x0000, 0x0000, 0x0000, 0x0000, 
  0x0000, 0x0000, 0x0000, 0x0000, 0x0000, 0x0000, 0x0000, 0x0000, 
  0x0000, 0x0000, 0x0000, 0x0000, 0x0000, 0x0000, 0x0000, 0x0000, 
  
  0x0000, 0x0000, 0x0000, 0x0000, 0x0000, 0x0000, 0x0000, 0x0000, 
  0x0000, 0x0000, 0x0000, 0x0000, 0x0000, 0x0000, 0x0000, 0x0000, 
  0x0000, 0x0000, 0x0000, 0x0000, 0xED83, 0xE563, 0xE543, 0xED63, 
  0xED63, 0xE543, 0xDCC2, 0xD4C2, 0xDD02, 0xE543, 0xED63, 0xF5A3, 
  0xFDE4, 0xFE04, 0xFE04, 0xFE24, 0xFE24, 0xFE24, 0xFE25, 0xFE45, 
  0xFE45, 0xFE45, 0xFE45, 0xFE45, 0xFE45, 0xFE45, 0xFE45, 0xFE45, 
  0xFE66, 0xFE66, 0xFE66, 0xFE66, 0xFE66, 0xFE66, 0xFE66, 0xFE66, 
  0xFE66, 0xFE66, 0xFE66, 0xFE46, 0xFE66, 0xFE66, 0xFE66, 0xFE66, 
  0xFE66, 0xFE46, 0xFE66, 0xFE66, 0xFE66, 0xFE66, 0xFE66, 0xFE66, 
  0xFE66, 0xFE66, 0xFE66, 0xFE66, 0xFE46, 0xFE45, 0xFE45, 0xFE45, 
  0xFE45, 0xFE45, 0xFE45, 0xFE45, 0xFE45, 0xFE45, 0xFE24, 0xFE24, 
  0xFE24, 0xFE04, 0xFE04, 0xFE04, 0xFDE4, 0xF5A3, 0xED83, 0xE543, 
  0xDD02, 0xD4A2, 0xD4A2, 0xE522, 0xE543, 0xE542, 0xE543, 0xED63, 
  0xF584, 0x0000, 0x0000, 0x0000, 0x0000, 0x0000, 0x0000, 0x0000, 
  0x0000, 0x0000, 0x0000, 0x0000, 0x0000, 0x0000, 0x0000, 0x0000, 
  0x0000, 0x0000, 0x0000, 0x0000, 0x0000, 0x0000, 0x0000, 0x0000, 
  
  0x0000, 0x0000, 0x0000, 0x0000, 0x0000, 0x0000, 0x0000, 0x0000, 
  0x0000, 0x0000, 0x0000, 0x0000, 0x0000, 0x0000, 0x0000, 0x0000, 
  0x0000, 0x0000, 0x0000, 0x0000, 0xF501, 0xE563, 0xE543, 0xE543, 
  0xED63, 0xE543, 0xDCE2, 0xD4A2, 0xDD02, 0xE543, 0xED63, 0xF5A3, 
  0xF5E4, 0xFE04, 0xFE04, 0xFE24, 0xFE24, 0xFE24, 0xFE24, 0xFE45, 
  0xFE45, 0xFE45, 0xFE45, 0xFE45, 0xFE45, 0xFE45, 0xFE45, 0xFE45, 
  0xFE66, 0xFE66, 0xFE66, 0xFE66, 0xFE66, 0xFE66, 0xFE66, 0xFE66, 
  0xFE66, 0xFE45, 0xFE45, 0xFE45, 0xFE66, 0xFE88, 0xFE89, 0xFE88, 
  0xFE67, 0xFE46, 0xFE45, 0xFE45, 0xFE66, 0xFE66, 0xFE66, 0xFE66, 
  0xFE66, 0xFE66, 0xFE66, 0xFE66, 0xFE65, 0xFE45, 0xFE45, 0xFE45, 
  0xFE45, 0xFE45, 0xFE45, 0xFE45, 0xFE45, 0xFE45, 0xFE24, 0xFE24, 
  0xFE24, 0xFE04, 0xFE04, 0xFE04, 0xF5E4, 0xF5A3, 0xED63, 0xE543, 
  0xDCE2, 0xD4A2, 0xD4C2, 0xE542, 0xE543, 0xE542, 0xE543, 0xED84, 
  0xFDA3, 0x0000, 0x0000, 0x0000, 0x0000, 0x0000, 0x0000, 0x0000, 
  0x0000, 0x0000, 0x0000, 0x0000, 0x0000, 0x0000, 0x0000, 0x0000, 
  0x0000, 0x0000, 0x0000, 0x0000, 0x0000, 0x0000, 0x0000, 0x0000, 
  
  0x0000, 0x0000, 0x0000, 0x0000, 0x0000, 0x0000, 0x0000, 0x0000, 
  0x0000, 0x0000, 0x0000, 0x0000, 0x0000, 0x0000, 0x0000, 0x0000, 
  0x0000, 0x0000, 0x0000, 0x0000, 0x0000, 0xE542, 0xE543, 0xE542, 
  0xE542, 0xE542, 0xDCE2, 0xD4A2, 0xDCE2, 0xE522, 0xED63, 0xED83, 
  0xF5C4, 0xFE04, 0xFE04, 0xFE04, 0xFE24, 0xFE24, 0xFE24, 0xFE25, 
  0xFE45, 0xFE45, 0xFE45, 0xFE45, 0xFE45, 0xFE45, 0xFE45, 0xFE45, 
  0xFE45, 0xFE66, 0xFE66, 0xFE66, 0xFE66, 0xFE66, 0xFE66, 0xFE66, 
  0xFE45, 0xFE45, 0xFE45, 0xFE66, 0xFE88, 0xFECC, 0xFEED, 0xFECC, 
  0xFE89, 0xFE66, 0xFE45, 0xFE45, 0xFE45, 0xFE46, 0xFE66, 0xFE66, 
  0xFE66, 0xFE66, 0xFE66, 0xFE66, 0xFE45, 0xFE45, 0xFE45, 0xFE45, 
  0xFE45, 0xFE45, 0xFE45, 0xFE45, 0xFE45, 0xFE45, 0xFE24, 0xFE24, 
  0xFE24, 0xFE04, 0xFE04, 0xFE04, 0xF5E4, 0xF5A3, 0xED63, 0xE542, 
  0xDCE2, 0xD482, 0xDCC2, 0xE542, 0xE542, 0xE542, 0xE543, 0xED84, 
  0xDD60, 0x0000, 0x0000, 0x0000, 0x0000, 0x0000, 0x0000, 0x0000, 
  0x0000, 0x0000, 0x0000, 0x0000, 0x0000, 0x0000, 0x0000, 0x0000, 
  0x0000, 0x0000, 0x0000, 0x0000, 0x0000, 0x0000, 0x0000, 0x0000, 
  
  0x0000, 0x0000, 0x0000, 0x0000, 0x0000, 0x0000, 0x0000, 0x0000, 
  0x0000, 0x0000, 0x0000, 0x0000, 0x0000, 0x0000, 0x0000, 0x0000, 
  0x0000, 0x0000, 0x0000, 0x0000, 0x0000, 0xE542, 0xE543, 0xE542, 
  0xE542, 0xE542, 0xDCE2, 0xD482, 0xDCC2, 0xE522, 0xED63, 0xED83, 
  0xF5C3, 0xFE04, 0xFE04, 0xFE04, 0xFE24, 0xFE24, 0xFE24, 0xFE25, 
  0xFE45, 0xFE45, 0xFE45, 0xFE45, 0xFE45, 0xFE45, 0xFE45, 0xFE45, 
  0xFE45, 0xFE65, 0xFE66, 0xFE66, 0xFE66, 0xFE66, 0xFE46, 0xFE45, 
  0xFE25, 0xFE45, 0xFE45, 0xFE66, 0xFEAA, 0xFEED, 0xFF10, 0xFEEE, 
  0xFEAA, 0xFE67, 0xFE45, 0xFE45, 0xFE24, 0xFE45, 0xFE66, 0xFE66, 
  0xFE66, 0xFE66, 0xFE66, 0xFE65, 0xFE45, 0xFE45, 0xFE45, 0xFE45, 
  0xFE45, 0xFE45, 0xFE45, 0xFE45, 0xFE45, 0xFE25, 0xFE24, 0xFE24, 
  0xFE24, 0xFE04, 0xFE04, 0xFE04, 0xF5C3, 0xED83, 0xED63, 0xE522, 
  0xDCE2, 0xD482, 0xDCC2, 0xE522, 0xE542, 0xE542, 0xE543, 0xE563, 
  0xFA60, 0x0000, 0x0000, 0x0000, 0x0000, 0x0000, 0x0000, 0x0000, 
  0x0000, 0x0000, 0x0000, 0x0000, 0x0000, 0x0000, 0x0000, 0x0000, 
  0x0000, 0x0000, 0x0000, 0x0000, 0x0000, 0x0000, 0x0000, 0x0000, 
  
  0x0000, 0x0000, 0x0000, 0x0000, 0x0000, 0x0000, 0x0000, 0x0000, 
  0x0000, 0x0000, 0x0000, 0x0000, 0x0000, 0x0000, 0x0000, 0x0000, 
  0x0000, 0x0000, 0x0000, 0x0000, 0x0000, 0xDCA1, 0xE543, 0xE543, 
  0xE522, 0xE522, 0xDCE2, 0xD482, 0xD4C2, 0xE522, 0xED43, 0xED83, 
  0xF5C3, 0xFE04, 0xFE04, 0xFE04, 0xFE04, 0xFE24, 0xFE24, 0xFE24, 
  0xFE45, 0xFE45, 0xFE45, 0xFE45, 0xFE45, 0xFE45, 0xFE45, 0xFE45, 
  0xFE45, 0xFE45, 0xFE66, 0xFE66, 0xFE66, 0xFE66, 0xFE45, 0xFE25, 
  0xFDE4, 0xFE25, 0xFE45, 0xFE66, 0xFE88, 0xFEAB, 0xFECC, 0xFECB, 
  0xFE89, 0xFE66, 0xFE45, 0xFE25, 0xF5C4, 0xFDE4, 0xFE45, 0xFE66, 
  0xFE66, 0xFE66, 0xFE66, 0xFE45, 0xFE45, 0xFE45, 0xFE45, 0xFE45, 
  0xFE45, 0xFE45, 0xFE45, 0xFE45, 0xFE45, 0xFE24, 0xFE24, 0xFE24, 
  0xFE04, 0xFE04, 0xFE04, 0xFDE4, 0xF5C3, 0xED83, 0xED63, 0xE522, 
  0xDCC2, 0xD482, 0xDCC2, 0xE502, 0xE522, 0xE523, 0xE543, 0xDD22, 
  0x0000, 0x0000, 0x0000, 0x0000, 0x0000, 0x0000, 0x0000, 0x0000, 
  0x0000, 0x0000, 0x0000, 0x0000, 0x0000, 0x0000, 0x0000, 0x0000, 
  0x0000, 0x0000, 0x0000, 0x0000, 0x0000, 0x0000, 0x0000, 0x0000, 
  
  0x0000, 0x0000, 0x0000, 0x0000, 0x0000, 0x0000, 0x0000, 0x0000, 
  0x0000, 0x0000, 0x0000, 0x0000, 0x0000, 0x0000, 0x0000, 0x0000, 
  0x0000, 0x0000, 0x0000, 0x0000, 0x0000, 0xF800, 0xE543, 0xE543, 
  0xE522, 0xDD02, 0xD4C2, 0xCC82, 0xD4A2, 0xDD02, 0xE543, 0xED83, 
  0xF5A3, 0xFDE4, 0xFE04, 0xFE04, 0xFE04, 0xFE24, 0xFE24, 0xFE24, 
  0xFE25, 0xFE45, 0xFE45, 0xFE45, 0xFE45, 0xFE45, 0xFE45, 0xFE45, 
  0xFE45, 0xFE45, 0xFE45, 0xFE66, 0xFE66, 0xFE66, 0xFE45, 0xF5E4, 
  0xF5A3, 0xFE04, 0xFE45, 0xFE45, 0xFE46, 0xFE66, 0xFE67, 0xFE67, 
  0xFE66, 0xFE45, 0xFE45, 0xFE24, 0xED83, 0xED83, 0xFE25, 0xFE46, 
  0xFE66, 0xFE66, 0xFE66, 0xFE45, 0xFE45, 0xFE45, 0xFE45, 0xFE45, 
  0xFE45, 0xFE45, 0xFE45, 0xFE45, 0xFE45, 0xFE25, 0xFE24, 0xFE24, 
  0xFE04, 0xFE04, 0xFE04, 0xFDE4, 0xF5C3, 0xED83, 0xE543, 0xE522, 
  0xDCC2, 0xD482, 0xD4A2, 0xDD02, 0xE522, 0xE523, 0xE543, 0xF4E2, 
  0x0000, 0x0000, 0x0000, 0x0000, 0x0000, 0x0000, 0x0000, 0x0000, 
  0x0000, 0x0000, 0x0000, 0x0000, 0x0000, 0x0000, 0x0000, 0x0000, 
  0x0000, 0x0000, 0x0000, 0x0000, 0x0000, 0x0000, 0x0000, 0x0000, 
  
  0x0000, 0x0000, 0x0000, 0x0000, 0x0000, 0x0000, 0x0000, 0x0000, 
  0x0000, 0x0000, 0x0000, 0x0000, 0x0000, 0x0000, 0x0000, 0x0000, 
  0x0000, 0x0000, 0x0000, 0x0000, 0x0000, 0x0000, 0xF4E0, 0xE523, 
  0xDD02, 0xDCC2, 0xCC82, 0xCC61, 0xD4A2, 0xDD02, 0xE543, 0xED63, 
  0xF5A3, 0xF5E4, 0xFDE4, 0xFE04, 0xFE04, 0xFE24, 0xFE24, 0xFE24, 
  0xFE25, 0xFE25, 0xFE45, 0xFE45, 0xFE45, 0xFE45, 0xFE45, 0xFE45, 
  0xFE45, 0xFE45, 0xFE45, 0xFE46, 0xFE65, 0xFE45, 0xFE24, 0xF5A3, 
  0xED83, 0xFDE4, 0xFE24, 0xFE24, 0xFE25, 0xFE45, 0xFE45, 0xFE45, 
  0xFE25, 0xFE25, 0xFE24, 0xFDE4, 0xED63, 0xED63, 0xFE04, 0xFE45, 
  0xFE45, 0xFE66, 0xFE66, 0xFE45, 0xFE45, 0xFE45, 0xFE45, 0xFE45, 
  0xFE45, 0xFE45, 0xFE45, 0xFE45, 0xFE45, 0xFE24, 0xFE24, 0xFE24, 
  0xFE04, 0xFE04, 0xFE04, 0xF5E4, 0xF5A3, 0xED63, 0xE543, 0xE502, 
  0xD4C2, 0xD482, 0xD4A2, 0xDCE2, 0xDD02, 0xE523, 0xE541, 0xF800, 
  0x0000, 0x0000, 0x0000, 0x0000, 0x0000, 0x0000, 0x0000, 0x0000, 
  0x0000, 0x0000, 0x0000, 0x0000, 0x0000, 0x0000, 0x0000, 0x0000, 
  0x0000, 0x0000, 0x0000, 0x0000, 0x0000, 0x0000, 0x0000, 0x0000, 
  
  0x0000, 0x0000, 0x0000, 0x0000, 0x0000, 0x0000, 0x0000, 0x0000, 
  0x0000, 0x0000, 0x0000, 0x0000, 0x0000, 0xD6BA, 0xDEFB, 0xDF1C, 
  0xDF5D, 0xDF5D, 0xDF5D, 0xDF5D, 0xD73C, 0xDEDB, 0xE71C, 0xE60E, 
  0xDD04, 0xD4A2, 0xD482, 0xCC82, 0xD4A2, 0xDCE2, 0xE522, 0xED63, 
  0xED83, 0xF5C3, 0xFDE4, 0xFE04, 0xFE04, 0xFE24, 0xFE24, 0xFE24, 
  0xFE24, 0xFE25, 0xFE45, 0xFE45, 0xFE45, 0xFE45, 0xFE45, 0xFE45, 
  0xFE45, 0xFE45, 0xFE45, 0xFE45, 0xFE45, 0xFE45, 0xFE04, 0xED83, 
  0xE543, 0xED83, 0xF5C3, 0xF5E4, 0xFE04, 0xFE04, 0xFE04, 0xFE04, 
  0xFE04, 0xF5E4, 0xF5C3, 0xED83, 0xE543, 0xED63, 0xFE04, 0xFE45, 
  0xFE45, 0xFE65, 0xFE45, 0xFE45, 0xFE45, 0xFE45, 0xFE45, 0xFE45, 
  0xFE45, 0xFE45, 0xFE45, 0xFE45, 0xFE25, 0xFE24, 0xFE24, 0xFE24, 
  0xFE04, 0xFE04, 0xFE04, 0xF5E4, 0xF5A3, 0xED63, 0xE543, 0xDD02, 
  0xD4C2, 0xCCA2, 0xD4A2, 0xD4A2, 0xDCE2, 0xE568, 0xDEFB, 0xDEFB, 
  0xDF5D, 0xDF5D, 0xDF5D, 0xDF1C, 0xE71C, 0xDF1C, 0xDEFB, 0xDEFB, 
  0xDEFB, 0xBDF7, 0x0000, 0x0000, 0x0000, 0x0000, 0x0000, 0x0000, 
  0x0000, 0x0000, 0x0000, 0x0000, 0x0000, 0x0000, 0x0000, 0x0000, 
  
  0x0000, 0x0000, 0x0000, 0x0000, 0x0000, 0x0000, 0x0000, 0x0000, 
  0x0000, 0x0000, 0x0000, 0xCE79, 0xD6BA, 0xDEDB, 0xDEFB, 0xDEFB, 
  0xDEFB, 0xDEFB, 0xDEFB, 0xDEFC, 0xDEFB, 0xDEFB, 0xDEFB, 0xDEFB, 
  0xDEFB, 0xDEDA, 0xDED9, 0xCD8E, 0xD4C5, 0xDCE3, 0xE544, 0xE564, 
  0xEDA4, 0xF5C5, 0xF5E5, 0xFE05, 0xFE05, 0xFE25, 0xFE25, 0xFE25, 
  0xFE26, 0xFE26, 0xFE46, 0xFE46, 0xFE46, 0xFE46, 0xFE46, 0xFE46, 
  0xFE46, 0xFE66, 0xFE66, 0xFE66, 0xFE67, 0xFE46, 0xFE25, 0xEDA4, 
  0xE544, 0xDD03, 0xDD24, 0xE544, 0xE564, 0xED84, 0xED84, 0xED84, 
  0xE564, 0xE544, 0xE524, 0xDD03, 0xDD23, 0xED84, 0xF605, 0xFE46, 
  0xFE67, 0xFE67, 0xFE66, 0xFE66, 0xFE46, 0xFE46, 0xFE46, 0xFE46, 
  0xFE46, 0xFE46, 0xFE46, 0xFE46, 0xFE26, 0xFE26, 0xFE25, 0xFE25, 
  0xFE25, 0xFE05, 0xF605, 0xF5E5, 0xEDA4, 0xED64, 0xE544, 0xDD03, 
  0xD4C4, 0xD54A, 0xD677, 0xDEB9, 0xDEFB, 0xDEFB, 0xDEFB, 0xDEFB, 
  0xDEFC, 0xDEFC, 0xDEFC, 0xDEFC, 0xDEFB, 0xDEFB, 0xDEFC, 0xDEFB, 
  0xDEFB, 0xDEDB, 0xD69A, 0xD6BA, 0x0000, 0x0000, 0x0000, 0x0000, 
  0x0000, 0x0000, 0x0000, 0x0000, 0x0000, 0x0000, 0x0000, 0x0000, 
  
  0x0000, 0x0000, 0x0000, 0x0000, 0x0000, 0x0000, 0x0000, 0x0000, 
  0x0000, 0x0000, 0xA534, 0xC638, 0xC659, 0xCE79, 0xCE7A, 0xCE9A, 
  0xCE9A, 0xCE9A, 0xD69A, 0xCE9A, 0xCE9A, 0xCE9A, 0xD69A, 0xCE9A, 
  0xCE9A, 0xD69A, 0xD69A, 0xD69A, 0xCE58, 0xD657, 0xD657, 0xD677, 
  0xD677, 0xD677, 0xD677, 0xD678, 0xD698, 0xD698, 0xD698, 0xD698, 
  0xD698, 0xD698, 0xD698, 0xD698, 0xD698, 0xD698, 0xD698, 0xD698, 
  0xD698, 0xD698, 0xD698, 0xD698, 0xD698, 0xD698, 0xD698, 0xD698, 
  0xD677, 0xD657, 0xCE37, 0xCE37, 0xCE37, 0xCE37, 0xCE37, 0xCE37, 
  0xCE37, 0xCE37, 0xCE37, 0xCE37, 0xCE57, 0xD677, 0xD698, 0xD698, 
  0xD698, 0xD698, 0xD698, 0xD698, 0xD698, 0xD698, 0xD698, 0xD698, 
  0xD698, 0xD698, 0xD698, 0xD698, 0xD698, 0xD678, 0xD698, 0xD698, 
  0xD677, 0xD677, 0xD677, 0xD677, 0xD677, 0xD677, 0xD677, 0xD657, 
  0xCE57, 0xCE79, 0xCE9A, 0xD69A, 0xD69A, 0xCE9A, 0xCE9A, 0xCE9A, 
  0xCE9A, 0xCE9A, 0xCE9A, 0xCE9A, 0xCE9A, 0xCE9A, 0xCE9A, 0xCE7A, 
  0xCE79, 0xCE59, 0xCE59, 0xCE59, 0x7BEF, 0x0000, 0x0000, 0x0000, 
  0x0000, 0x0000, 0x0000, 0x0000, 0x0000, 0x0000, 0x0000, 0x0000, 
  
  0x0000, 0x0000, 0x0000, 0x0000, 0x0000, 0x0000, 0x0000, 0x0000, 
  0x0000, 0x0000, 0xB5B6, 0xB596, 0xAD75, 0xAD75, 0xAD96, 0xB596, 
  0xB596, 0xB596, 0xB596, 0xB596, 0xB596, 0xB5B6, 0xB5B6, 0xB5B6, 
  0xB5B6, 0xB5B6, 0xB5B6, 0xB5B6, 0xB5B7, 0xB5B7, 0xB5B7, 0xB5B7, 
  0xB5B7, 0xB5D7, 0xB5B7, 0xB5D7, 0xB5D7, 0xB5D7, 0xB5D7, 0xB5D7, 
  0xB5D7, 0xBDD7, 0xB5D7, 0xB5D7, 0xB5D7, 0xBDD7, 0xBDD7, 0xBDD7, 
  0xBDD7, 0xBDD7, 0xBDD7, 0xBDD7, 0xBDD7, 0xBDD7, 0xBDD7, 0xBDD7, 
  0xBDD7, 0xBDD7, 0xBDF7, 0xBDF7, 0xBDF7, 0xBDD7, 0xBDF7, 0xBDF7, 
  0xBDF7, 0xBDD7, 0xBDF7, 0xBDF7, 0xBDD7, 0xBDD7, 0xBDD7, 0xBDD7, 
  0xB5D7, 0xBDD7, 0xBDD7, 0xB5D7, 0xB5D7, 0xB5D7, 0xB5D7, 0xB5D7, 
  0xB5D7, 0xB5D7, 0xB5B7, 0xB5B7, 0xB5B7, 0xB5B7, 0xB5B7, 0xB5B7, 
  0xB5B7, 0xB5B7, 0xB5B7, 0xB5B7, 0xB5B7, 0xB5B7, 0xB5B6, 0xB5B6, 
  0xB5B6, 0xB5B6, 0xB596, 0xB596, 0xB596, 0xB596, 0xB596, 0xB596, 
  0xB596, 0xB596, 0xAD96, 0xAD96, 0xAD96, 0xAD76, 0xAD76, 0xAD75, 
  0xAD75, 0xAD75, 0xB5B7, 0xBDD7, 0xBDF7, 0x0000, 0x0000, 0x0000, 
  0x0000, 0x0000, 0x0000, 0x0000, 0x0000, 0x0000, 0x0000, 0x0000, 
  
  0x0000, 0x0000, 0x0000, 0x0000, 0x0000, 0x0000, 0x0000, 0x0000, 
  0x0000, 0x0000, 0x9D14, 0x94B3, 0x8C92, 0x9492, 0x94B3, 0x94D3, 
  0x9CD3, 0x9CD3, 0x9CF3, 0x9CF3, 0x9CF3, 0x9CF3, 0x9CF3, 0x9CF3, 
  0x9CF3, 0x9CF4, 0x9CF4, 0x9CF4, 0x9D14, 0x9D14, 0xA514, 0xA514, 
  0xA514, 0xA514, 0xA514, 0xA514, 0xA534, 0xA534, 0xA534, 0xA534, 
  0xA534, 0xA535, 0xA534, 0xA534, 0xA534, 0xA534, 0xA535, 0xA535, 
  0xA535, 0xA535, 0xA535, 0xA535, 0xA535, 0xA535, 0xA535, 0xA535, 
  0xA535, 0xA535, 0xA535, 0xA535, 0xA535, 0xA535, 0xA535, 0xA535, 
  0xA535, 0xA535, 0xA535, 0xA535, 0xA535, 0xA534, 0xA534, 0xA534, 
  0xA534, 0xA534, 0xA534, 0xA534, 0xA534, 0xA534, 0xA514, 0xA514, 
  0xA534, 0xA514, 0xA514, 0xA514, 0xA514, 0xA514, 0x9D14, 0x9D14, 
  0x9D14, 0x9CF4, 0x9D14, 0x9CF4, 0x9CF4, 0x9CF4, 0x9CF3, 0x9CF3, 
  0x9CF3, 0x9CF3, 0x9CD3, 0x9CD3, 0x94D3, 0x94D3, 0x9CD3, 0x94D3, 
  0x94D3, 0x94D3, 0x94B3, 0x94B3, 0x94B3, 0x94B2, 0x94B2, 0x9492, 
  0x9492, 0x8C92, 0x94D3, 0xA555, 0xA555, 0x0000, 0x0000, 0x0000, 
  0x0000, 0x0000, 0x0000, 0x0000, 0x0000, 0x0000, 0x0000, 0x0000, 
  
  0x0000, 0x0000, 0x0000, 0x0000, 0x0000, 0x0000, 0x0000, 0x0000, 
  0x0000, 0x8430, 0x8C71, 0x8430, 0x8410, 0x8451, 0x8C51, 0x8C71, 
  0x8C71, 0x8C71, 0x8C72, 0x8C92, 0x8C92, 0x8C92, 0x9492, 0x9492, 
  0x9492, 0x9492, 0x9492, 0x9492, 0x94B2, 0x94B2, 0x94B2, 0x94B3, 
  0x94B3, 0x94B3, 0x94B3, 0x94B3, 0x94D3, 0x94D3, 0x94D3, 0x9CD3, 
  0x9CD3, 0x9CD3, 0x9CD3, 0x9CD3, 0x9CD3, 0x9CD3, 0x94D3, 0x9CD3, 
  0x9CD3, 0x9CD3, 0x9CF3, 0x9CF3, 0x9CF3, 0x9CF3, 0x9CF3, 0x9CF3, 
  0x9CF3, 0x9CF3, 0x9CF3, 0x9CF3, 0x9CF3, 0x9CF3, 0x9CF3, 0x9CF3, 
  0x9CD3, 0x9CF3, 0x9CF3, 0x9CF3, 0x9CD3, 0x9CD3, 0x9CD3, 0x9CD3, 
  0x9CD3, 0x94D3, 0x94D3, 0x9CD3, 0x9CD3, 0x9CD3, 0x94D3, 0x94D3, 
  0x94D3, 0x94D3, 0x94B3, 0x94B3, 0x94B3, 0x94B3, 0x94B3, 0x94B2, 
  0x94B2, 0x94B2, 0x94B2, 0x9492, 0x9492, 0x9492, 0x9492, 0x8C92, 
  0x8C92, 0x8C72, 0x8C72, 0x8C72, 0x8C71, 0x8C71, 0x8C71, 0x8C71, 
  0x8C51, 0x8C51, 0x8C51, 0x8451, 0x8451, 0x8451, 0x8431, 0x8431, 
  0x8430, 0x8410, 0x8410, 0x8C92, 0x9492, 0x7BEF, 0x0000, 0x0000, 
  0x0000, 0x0000, 0x0000, 0x0000, 0x0000, 0x0000, 0x0000, 0x0000, 
  
  0x0000, 0x0000, 0x0000, 0x0000, 0x0000, 0x0000, 0x0000, 0x0000, 
  0x0000, 0x73AE, 0x7C10, 0x7BF0, 0x7BF0, 0x8430, 0x8430, 0x8431, 
  0x8431, 0x8451, 0x8451, 0x8C51, 0x8C51, 0x8C51, 0x8C71, 0x8C71, 
  0x8C71, 0x8C72, 0x8C72, 0x8C72, 0x8C72, 0x8C72, 0x8C92, 0x8C92, 
  0x9492, 0x9492, 0x9492, 0x9492, 0x9492, 0x9492, 0x94B2, 0x94B2, 
  0x94B2, 0x94B2, 0x94B2, 0x94B2, 0x94B3, 0x94B3, 0x94B2, 0x94B3, 
  0x94B3, 0x94B3, 0x94B3, 0x94B3, 0x94B3, 0x94B3, 0x94B3, 0x94D3, 
  0x94D3, 0x94B3, 0x94B3, 0x94B3, 0x94B3, 0x94D3, 0x94D3, 0x94D3, 
  0x94D3, 0x94B3, 0x94B3, 0x94B3, 0x94B3, 0x94B3, 0x94B3, 0x94B3, 
  0x94B3, 0x94B2, 0x94B2, 0x94B3, 0x94B2, 0x94B2, 0x94B2, 0x9492, 
  0x9492, 0x9492, 0x9492, 0x9492, 0x8C92, 0x8C92, 0x8C92, 0x8C92, 
  0x8C72, 0x8C72, 0x8C72, 0x8C72, 0x8C72, 0x8C71, 0x8C71, 0x8C71, 
  0x8C51, 0x8C51, 0x8451, 0x8451, 0x8451, 0x8431, 0x8431, 0x8431, 
  0x8431, 0x8431, 0x8430, 0x8430, 0x8430, 0x8410, 0x8410, 0x7C10, 
  0x7C10, 0x7BF0, 0x7BEF, 0x8430, 0x8431, 0x8410, 0x0000, 0x0000, 
  0x0000, 0x0000, 0x0000, 0x0000, 0x0000, 0x0000, 0x0000, 0x0000, 
  
  0x0000, 0x0000, 0x0000, 0x0000, 0x0000, 0x0000, 0x0000, 0x0000, 
  0x0000, 0x6B4F, 0x7BD0, 0x7BF0, 0x7BF0, 0x8410, 0x8430, 0x8431, 
  0x8431, 0x8451, 0x8451, 0x8451, 0x8451, 0x8C51, 0x8C51, 0x8C71, 
  0x8C71, 0x8C71, 0x8C72, 0x8C72, 0x8C72, 0x8C72, 0x8C72, 0x8C92, 
  0x8C92, 0x8C92, 0x8C92, 0x9492, 0x9492, 0x9492, 0x9492, 0x9492, 
  0x94B2, 0x94B2, 0x94B2, 0x94B2, 0x94B2, 0x94B2, 0x94B2, 0x94B3, 
  0x94B3, 0x94B3, 0x94B3, 0x94B3, 0x94B3, 0x94B3, 0x94B3, 0x94B3, 
  0x94B3, 0x94B3, 0x94B3, 0x94B3, 0x94B3, 0x94B3, 0x94B3, 0x94B3, 
  0x94B3, 0x94B3, 0x94B3, 0x94B3, 0x94B2, 0x94B2, 0x94B3, 0x94B2, 
  0x94B2, 0x94B2, 0x94B2, 0x94B2, 0x94B2, 0x9492, 0x9492, 0x9492, 
  0x9492, 0x9492, 0x9492, 0x8C92, 0x8C92, 0x8C92, 0x8C72, 0x8C72, 
  0x8C72, 0x8C72, 0x8C71, 0x8C71, 0x8C71, 0x8C71, 0x8C71, 0x8C51, 
  0x8C51, 0x8451, 0x8451, 0x8451, 0x8451, 0x8431, 0x8431, 0x8431, 
  0x8410, 0x8430, 0x8430, 0x8410, 0x8410, 0x7C10, 0x7C10, 0x7C10, 
  0x7C10, 0x7BF0, 0x7BCF, 0x7C10, 0x8431, 0x7C30, 0x0000, 0x0000, 
  0x0000, 0x0000, 0x0000, 0x0000, 0x0000, 0x0000, 0x0000, 0x0000, 
  
  0x0000, 0x0000, 0x0000, 0x0000, 0x0000, 0x0000, 0x0000, 0x0000, 
  0x0000, 0x73AE, 0x7BEF, 0x7BF0, 0x7C10, 0x8410, 0x8430, 0x8431, 
  0x8431, 0x8431, 0x8451, 0x8451, 0x8451, 0x8451, 0x8C51, 0x8C71, 
  0x8C71, 0x8C71, 0x8C72, 0x8C72, 0x8C72, 0x8C72, 0x8C72, 0x8C92, 
  0x8C92, 0x8C92, 0x8C92, 0x8C92, 0x9492, 0x9492, 0x9492, 0x94B2, 
  0x94B2, 0x94B2, 0x94B2, 0x94B2, 0x94B2, 0x94B2, 0x94B2, 0x94B2, 
  0x94B3, 0x94B3, 0x94B2, 0x94B3, 0x94B3, 0x94B2, 0x94B3, 0x94B2, 
  0x94B2, 0x94B3, 0x94B3, 0x94B3, 0x94B3, 0x94B3, 0x94B3, 0x94B3, 
  0x94B3, 0x94B3, 0x94B3, 0x94B2, 0x94B2, 0x94B2, 0x94B2, 0x94B2, 
  0x94B2, 0x94B2, 0x94B2, 0x9492, 0x9492, 0x9492, 0x9492, 0x9492, 
  0x9492, 0x9492, 0x8C92, 0x8C92, 0x8C92, 0x8C92, 0x8C92, 0x8C72, 
  0x8C72, 0x8C71, 0x8C71, 0x8C71, 0x8C71, 0x8C71, 0x8C71, 0x8C51, 
  0x8451, 0x8451, 0x8451, 0x8451, 0x8451, 0x8431, 0x8431, 0x8431, 
  0x8430, 0x8430, 0x8410, 0x8410, 0x8410, 0x8410, 0x7C10, 0x7C10, 
  0x7C10, 0x7BF0, 0x7BEF, 0x7C10, 0x8430, 0x8410, 0x0000, 0x0000, 
  0x0000, 0x0000, 0x0000, 0x0000, 0x0000, 0x0000, 0x0000, 0x0000, 
  
  0x0000, 0x0000, 0x0000, 0x0000, 0x0000, 0x0000, 0x0000, 0x0000, 
  0x0000, 0x73CF, 0x7BF0, 0x7BF0, 0x7C10, 0x8430, 0x8430, 0x8431, 
  0x8431, 0x8431, 0x8451, 0x8451, 0x8451, 0x8451, 0x8C51, 0x8C51, 
  0x8C71, 0x8C71, 0x8C71, 0x8C72, 0x8C72, 0x8C72, 0x8C72, 0x8C72, 
  0x8C92, 0x8C92, 0x8C92, 0x8C92, 0x9492, 0x9492, 0x9492, 0x9492, 
  0x9492, 0x94B2, 0x94B2, 0x94B2, 0x94B2, 0x94B2, 0x94B2, 0x94B2, 
  0x94B2, 0x94B2, 0x94B2, 0x94B2, 0x94B3, 0x94B2, 0x94B3, 0x94B2, 
  0x94B2, 0x94B3, 0x94B3, 0x94B3, 0x94B3, 0x94B3, 0x94B3, 0x94B3, 
  0x94B3, 0x94B3, 0x94B3, 0x94B2, 0x94B2, 0x94B2, 0x94B2, 0x94B2, 
  0x94B2, 0x94B2, 0x9492, 0x9492, 0x94B2, 0x9492, 0x9492, 0x9492, 
  0x8C92, 0x8C92, 0x8C92, 0x8C92, 0x8C92, 0x8C92, 0x8C92, 0x8C72, 
  0x8C72, 0x8C72, 0x8C71, 0x8C71, 0x8C71, 0x8C51, 0x8C51, 0x8C51, 
  0x8C51, 0x8451, 0x8451, 0x8451, 0x8431, 0x8431, 0x8431, 0x8430, 
  0x8430, 0x8430, 0x8410, 0x8410, 0x8410, 0x7C10, 0x7C10, 0x7C10, 
  0x7C10, 0x7BF0, 0x7BEF, 0x7BF0, 0x7BF0, 0x7C10, 0x0000, 0x0000, 
  0x0000, 0x0000, 0x0000, 0x0000, 0x0000, 0x0000, 0x0000, 0x0000, 
  
  0x0000, 0x0000, 0x0000, 0x0000, 0x0000, 0x0000, 0x0000, 0x0000, 
  0x0000, 0x738E, 0x7BEF, 0x7BF0, 0x7C10, 0x8410, 0x8430, 0x8431, 
  0x8431, 0x8431, 0x8431, 0x8451, 0x8C51, 0x8C51, 0x8C51, 0x8C51, 
  0x8C51, 0x8C71, 0x8C71, 0x8C72, 0x8C72, 0x8C72, 0x8C72, 0x8C72, 
  0x8C72, 0x8C92, 0x8C92, 0x8C92, 0x9492, 0x9492, 0x9492, 0x8C92, 
  0x9492, 0x94B2, 0x94B2, 0x94B2, 0x94B2, 0x94B2, 0x94B2, 0x94B2, 
  0x94B2, 0x94B2, 0x94B2, 0x94B2, 0x94B3, 0x94B3, 0x94B2, 0x94B2, 
  0x94B3, 0x94B3, 0x94B2, 0x94B2, 0x94B3, 0x94B3, 0x94B3, 0x94B3, 
  0x94B3, 0x94B3, 0x94B3, 0x94B2, 0x94B2, 0x94B2, 0x94B2, 0x94B2, 
  0x94B2, 0x94B2, 0x9492, 0x9492, 0x9492, 0x9492, 0x9492, 0x8C92, 
  0x8C92, 0x8C92, 0x8C92, 0x8C92, 0x8C92, 0x8C92, 0x8C72, 0x8C72, 
  0x8C72, 0x8C71, 0x8C71, 0x8C71, 0x8C71, 0x8C51, 0x8C51, 0x8451, 
  0x8C51, 0x8451, 0x8451, 0x8451, 0x8431, 0x8431, 0x8431, 0x8430, 
  0x8430, 0x8430, 0x8430, 0x8410, 0x8410, 0x7C10, 0x7C10, 0x7C10, 
  0x7BF0, 0x7BF0, 0x7BEF, 0x7BF0, 0x7BF0, 0x7BD0, 0x0000, 0x0000, 
  0x0000, 0x0000, 0x0000, 0x0000, 0x0000, 0x0000, 0x0000, 0x0000, 
  
  0x0000, 0x0000, 0x0000, 0x0000, 0x0000, 0x0000, 0x0000, 0x0000, 
  0x0000, 0x6B6D, 0x7BEF, 0x7BF0, 0x7C10, 0x8410, 0x8430, 0x8430, 
  0x8431, 0x8431, 0x8431, 0x8451, 0x8451, 0x8451, 0x8C51, 0x8C51, 
  0x8C51, 0x8C71, 0x8C71, 0x8C71, 0x8C72, 0x8C72, 0x8C71, 0x8C72, 
  0x8C72, 0x8C92, 0x8C92, 0x8C92, 0x9492, 0x9492, 0x9492, 0x9492, 
  0x9492, 0x9492, 0x94B2, 0x94B2, 0x94B2, 0x94B2, 0x94B2, 0x94B2, 
  0x94B2, 0x94B2, 0x94B2, 0x94B2, 0x94B2, 0x94B2, 0x94B2, 0x94B2, 
  0x94B2, 0x94B2, 0x94B3, 0x94B2, 0x94B2, 0x94B3, 0x94B2, 0x94B2, 
  0x94B2, 0x94B2, 0x94B2, 0x94B2, 0x94B2, 0x94B2, 0x94B2, 0x94B2, 
  0x94B2, 0x94B2, 0x9492, 0x9492, 0x9492, 0x9492, 0x9492, 0x9492, 
  0x9492, 0x8C92, 0x8C92, 0x8C72, 0x8C72, 0x8C72, 0x8C72, 0x8C72, 
  0x8C72, 0x8C71, 0x8C71, 0x8C71, 0x8C71, 0x8C51, 0x8C51, 0x8451, 
  0x8451, 0x8451, 0x8451, 0x8431, 0x8431, 0x8431, 0x8431, 0x8430, 
  0x8430, 0x8430, 0x8430, 0x8410, 0x7C10, 0x7C10, 0x7C10, 0x7C10, 
  0x7BF0, 0x7BF0, 0x7BF0, 0x7BF0, 0x7BF0, 0x738E, 0x0000, 0x0000, 
  0x0000, 0x0000, 0x0000, 0x0000, 0x0000, 0x0000, 0x0000, 0x0000, 
  
  0x0000, 0x0000, 0x0000, 0x0000, 0x0000, 0x0000, 0x0000, 0x0000, 
  0x0000, 0x6BEF, 0x7BF0, 0x7BF0, 0x7C10, 0x8410, 0x8430, 0x8430, 
  0x8431, 0x8431, 0x8431, 0x8451, 0x8451, 0x8C51, 0x8C51, 0x8C51, 
  0x8C51, 0x8C71, 0x8C71, 0x8C71, 0x8C72, 0x8C72, 0x8C72, 0x8C72, 
  0x8C72, 0x8C92, 0x8C72, 0x8C92, 0x9492, 0x9492, 0x9492, 0x9492, 
  0x9492, 0x9492, 0x94B2, 0x94B2, 0x94B2, 0x94B2, 0x94B2, 0x94B2, 
  0x94B2, 0x94B3, 0x94B2, 0x94B2, 0x94B3, 0x94B2, 0x94B2, 0x94B2, 
  0x94B2, 0x94B2, 0x94B3, 0x94B3, 0x94B2, 0x94B2, 0x94B2, 0x94B2, 
  0x94B2, 0x94B2, 0x94B2, 0x94B2, 0x94B3, 0x94B2, 0x94B2, 0x94B2, 
  0x94B2, 0x94B2, 0x9492, 0x9492, 0x9492, 0x9492, 0x9492, 0x9492, 
  0x9492, 0x8C92, 0x8C92, 0x8C72, 0x8C72, 0x8C92, 0x8C92, 0x8C72, 
  0x8C72, 0x8C71, 0x8C71, 0x8C71, 0x8C71, 0x8C51, 0x8C51, 0x8C51, 
  0x8C51, 0x8451, 0x8451, 0x8431, 0x8431, 0x8431, 0x8431, 0x8430, 
  0x8430, 0x8430, 0x8410, 0x8410, 0x7C10, 0x7C10, 0x7C10, 0x7C10, 
  0x7BF0, 0x7BF0, 0x7BF0, 0x7C10, 0x7C10, 0x7BEF, 0x0000, 0x0000, 
  0x0000, 0x0000, 0x0000, 0x0000, 0x0000, 0x0000, 0x0000, 0x0000, 
  
  0x0000, 0x0000, 0x0000, 0x0000, 0x0000, 0x0000, 0x0000, 0x0000, 
  0x0000, 0x63AE, 0x7C10, 0x7BF0, 0x7C10, 0x8410, 0x8430, 0x8431, 
  0x8431, 0x8431, 0x8451, 0x8451, 0x8451, 0x8C51, 0x8451, 0x8C51, 
  0x8C51, 0x8C71, 0x8C71, 0x8C71, 0x8C71, 0x8C72, 0x8C72, 0x8C72, 
  0x8C92, 0x8C92, 0x8C72, 0x8C92, 0x8C92, 0x8C92, 0x8C92, 0x9492, 
  0x9492, 0x9492, 0x9492, 0x94B2, 0x94B2, 0x9492, 0x94B2, 0x94B2, 
  0x94B2, 0x94B2, 0x94B2, 0x94B2, 0x94B3, 0x94B2, 0x94B2, 0x94B2, 
  0x94B2, 0x94B2, 0x94B2, 0x94B2, 0x94B2, 0x94B2, 0x94B2, 0x94B2, 
  0x94B2, 0x94B2, 0x94B2, 0x94B2, 0x94B2, 0x94B2, 0x94B2, 0x94B2, 
  0x9492, 0x9492, 0x9492, 0x9492, 0x9492, 0x9492, 0x9492, 0x9492, 
  0x8C92, 0x8C92, 0x8C92, 0x8C92, 0x8C92, 0x8C72, 0x8C72, 0x8C72, 
  0x8C72, 0x8C71, 0x8C71, 0x8C71, 0x8C71, 0x8C51, 0x8451, 0x8451, 
  0x8451, 0x8451, 0x8451, 0x8451, 0x8431, 0x8431, 0x8431, 0x8430, 
  0x8430, 0x8430, 0x8410, 0x8410, 0x8410, 0x7C10, 0x7C10, 0x7BF0, 
  0x7BF0, 0x7BF0, 0x7BF0, 0x7C10, 0x8410, 0x738E, 0x0000, 0x0000, 
  0x0000, 0x0000, 0x0000, 0x0000, 0x0000, 0x0000, 0x0000, 0x0000, 
  
  0x0000, 0x0000, 0x0000, 0x0000, 0x0000, 0x0000, 0x0000, 0x0000, 
  0x0000, 0x7BCF, 0x7BF0, 0x7BF0, 0x7BF0, 0x8410, 0x8430, 0x8431, 
  0x8431, 0x8431, 0x8431, 0x8451, 0x8451, 0x8451, 0x8451, 0x8C51, 
  0x8C51, 0x8C71, 0x8C71, 0x8C71, 0x8C72, 0x8C72, 0x8C72, 0x8C72, 
  0x8C72, 0x8C92, 0x8C92, 0x8C92, 0x8C92, 0x8C92, 0x8C92, 0x8C92, 
  0x9492, 0x9492, 0x9492, 0x9492, 0x9492, 0x9492, 0x94B2, 0x94B2, 
  0x94B2, 0x94B2, 0x94B2, 0x94B2, 0x94B2, 0x94B3, 0x94B3, 0x94B2, 
  0x94B2, 0x94B2, 0x94B2, 0x94B2, 0x94B2, 0x94B3, 0x94B2, 0x94B2, 
  0x94B2, 0x94B2, 0x94B2, 0x94B3, 0x94B2, 0x94B2, 0x94B2, 0x94B2, 
  0x94B2, 0x9492, 0x9492, 0x9492, 0x9492, 0x9492, 0x9492, 0x9492, 
  0x8C92, 0x8C92, 0x8C92, 0x8C92, 0x8C92, 0x8C72, 0x8C72, 0x8C72, 
  0x8C72, 0x8C71, 0x8C71, 0x8C71, 0x8C71, 0x8C51, 0x8451, 0x8451, 
  0x8451, 0x8451, 0x8451, 0x8431, 0x8431, 0x8431, 0x8431, 0x8430, 
  0x8430, 0x8430, 0x8430, 0x8410, 0x8410, 0x7C10, 0x7C10, 0x7C10, 
  0x7BF0, 0x7BF0, 0x7BF0, 0x8430, 0x8410, 0x39C7, 0x0000, 0x0000, 
  0x0000, 0x0000, 0x0000, 0x0000, 0x0000, 0x0000, 0x0000, 0x0000, 
  
  0x0000, 0x0000, 0x0000, 0x0000, 0x0000, 0x0000, 0x0000, 0x0000, 
  0x0000, 0x0000, 0x7BF0, 0x7BF0, 0x7C10, 0x8410, 0x8430, 0x8431, 
  0x8431, 0x8431, 0x8451, 0x8451, 0x8451, 0x8451, 0x8C51, 0x8C51, 
  0x8C51, 0x8C71, 0x8C71, 0x8C71, 0x8C71, 0x8C71, 0x8C72, 0x8C72, 
  0x8C72, 0x8C72, 0x8C92, 0x8C92, 0x8C92, 0x9492, 0x8C92, 0x8C92, 
  0x9492, 0x9492, 0x9492, 0x9492, 0x9492, 0x9492, 0x94B2, 0x94B2, 
  0x94B2, 0x94B2, 0x94B2, 0x94B2, 0x94B2, 0x94B2, 0x94B3, 0x94B3, 
  0x94B2, 0x94B2, 0x94B2, 0x94B3, 0x94B2, 0x94B2, 0x94B3, 0x94B2, 
  0x94B2, 0x94B2, 0x94B2, 0x94B2, 0x94B2, 0x94B2, 0x94B2, 0x94B2, 
  0x94B2, 0x94B2, 0x9492, 0x9492, 0x9492, 0x9492, 0x9492, 0x9492, 
  0x8C92, 0x8C92, 0x8C92, 0x8C72, 0x8C92, 0x8C72, 0x8C72, 0x8C72, 
  0x8C72, 0x8C71, 0x8C71, 0x8C71, 0x8C51, 0x8C51, 0x8C51, 0x8C51, 
  0x8451, 0x8451, 0x8451, 0x8431, 0x8431, 0x8431, 0x8430, 0x8430, 
  0x8431, 0x8430, 0x8430, 0x8410, 0x8410, 0x7C10, 0x7C10, 0x7C10, 
  0x7BF0, 0x7BF0, 0x7BEF, 0x7C10, 0x7BF0, 0x0000, 0x0000, 0x0000, 
  0x0000, 0x0000, 0x0000, 0x0000, 0x0000, 0x0000, 0x0000, 0x0000, 
  
  0x0000, 0x0000, 0x0000, 0x0000, 0x0000, 0x0000, 0x0000, 0x0000, 
  0x0000, 0x0000, 0x7C10, 0x7BF0, 0x7C10, 0x8410, 0x8430, 0x8430, 
  0x8430, 0x8431, 0x8431, 0x8451, 0x8451, 0x8451, 0x8451, 0x8C51, 
  0x8C51, 0x8C71, 0x8C71, 0x8C71, 0x8C71, 0x8C72, 0x8C72, 0x8C92, 
  0x8C72, 0x8C72, 0x8C92, 0x8C92, 0x8C92, 0x8C92, 0x8C92, 0x9492, 
  0x9492, 0x9492, 0x94B2, 0x94B2, 0x9492, 0x9492, 0x9492, 0x94B2, 
  0x94B2, 0x94B2, 0x94B2, 0x94B2, 0x94B2, 0x94B2, 0x94B2, 0x94B2, 
  0x94B2, 0x94B2, 0x94B2, 0x94B2, 0x94B2, 0x94B2, 0x94B2, 0x94B2, 
  0x94B3, 0x94B2, 0x94B2, 0x94B2, 0x94B2, 0x94B2, 0x94B2, 0x9492, 
  0x94B2, 0x9492, 0x9492, 0x9492, 0x9492, 0x8C92, 0x8C92, 0x9492, 
  0x8C92, 0x8C92, 0x8C92, 0x8C72, 0x8C92, 0x8C72, 0x8C72, 0x8C72, 
  0x8C71, 0x8C71, 0x8C71, 0x8C51, 0x8C51, 0x8C51, 0x8C51, 0x8451, 
  0x8451, 0x8451, 0x8451, 0x8451, 0x8431, 0x8431, 0x8430, 0x8430, 
  0x8430, 0x8410, 0x8410, 0x8410, 0x8410, 0x8410, 0x7C10, 0x7C10, 
  0x7BF0, 0x7BF0, 0x7BF0, 0x7C10, 0x7C10, 0x0000, 0x0000, 0x0000, 
  0x0000, 0x0000, 0x0000, 0x0000, 0x0000, 0x0000, 0x0000, 0x0000, 
  
  0x0000, 0x0000, 0x0000, 0x0000, 0x0000, 0x0000, 0x0000, 0x0000, 
  0x0000, 0x0000, 0x7C10, 0x7C10, 0x7BF0, 0x8410, 0x8410, 0x8430, 
  0x8431, 0x8431, 0x8431, 0x8451, 0x8451, 0x8451, 0x8451, 0x8C51, 
  0x8C51, 0x8C51, 0x8C71, 0x8C71, 0x8C71, 0x8C71, 0x8C72, 0x8C72, 
  0x8C72, 0x8C72, 0x8C92, 0x8C92, 0x8C92, 0x8C92, 0x8C92, 0x8C92, 
  0x8C92, 0x9492, 0x9492, 0x9492, 0x9492, 0x9492, 0x9492, 0x9492, 
  0x94B2, 0x9492, 0x94B2, 0x94B2, 0x94B2, 0x94B2, 0x94B2, 0x94B2, 
  0x94B2, 0x94B2, 0x94B2, 0x94B2, 0x94B2, 0x94B2, 0x94B2, 0x94B2, 
  0x94B2, 0x9492, 0x9492, 0x94B2, 0x94B2, 0x94B2, 0x9492, 0x9492, 
  0x9492, 0x9492, 0x9492, 0x9492, 0x9492, 0x8C92, 0x8C92, 0x8C92, 
  0x8C92, 0x8C92, 0x8C92, 0x8C92, 0x8C72, 0x8C72, 0x8C72, 0x8C72, 
  0x8C72, 0x8C71, 0x8C71, 0x8C51, 0x8C51, 0x8C51, 0x8C51, 0x8451, 
  0x8451, 0x8451, 0x8451, 0x8451, 0x8431, 0x8431, 0x8430, 0x8430, 
  0x8430, 0x8410, 0x8410, 0x8410, 0x7C10, 0x7C10, 0x7C10, 0x7C10, 
  0x7C10, 0x7BF0, 0x7BF0, 0x8431, 0x8430, 0x0000, 0x0000, 0x0000, 
  0x0000, 0x0000, 0x0000, 0x0000, 0x0000, 0x0000, 0x0000, 0x0000, 
  
  0x0000, 0x0000, 0x0000, 0x0000, 0x0000, 0x0000, 0x0000, 0x0000, 
  0x0000, 0x0000, 0x7C10, 0x7BF0, 0x7BF0, 0x7C10, 0x8410, 0x8430, 
  0x8431, 0x8431, 0x8431, 0x8451, 0x8451, 0x8451, 0x8C51, 0x8C51, 
  0x8C51, 0x8C71, 0x8C71, 0x8C71, 0x8C71, 0x8C71, 0x8C72, 0x8C72, 
  0x8C72, 0x8C72, 0x8C92, 0x8C92, 0x8C92, 0x8C92, 0x8C92, 0x8C92, 
  0x8C92, 0x8C92, 0x9492, 0x9492, 0x9492, 0x94B2, 0x94B2, 0x94B2, 
  0x9492, 0x9492, 0x94B2, 0x94B2, 0x94B2, 0x94B2, 0x94B2, 0x94B2, 
  0x94B2, 0x94B2, 0x94B2, 0x94B2, 0x94B2, 0x94B2, 0x94B2, 0x94B2, 
  0x94B2, 0x9492, 0x9492, 0x94B2, 0x94B2, 0x9492, 0x9492, 0x9492, 
  0x9492, 0x9492, 0x9492, 0x9492, 0x8C92, 0x8C92, 0x8C92, 0x8C92, 
  0x8C92, 0x8C92, 0x8C92, 0x8C92, 0x8C72, 0x8C72, 0x8C72, 0x8C72, 
  0x8C72, 0x8C71, 0x8C71, 0x8C71, 0x8C71, 0x8C51, 0x8451, 0x8451, 
  0x8451, 0x8451, 0x8451, 0x8451, 0x8431, 0x8431, 0x8431, 0x8430, 
  0x8430, 0x8410, 0x8410, 0x8410, 0x7C10, 0x7C10, 0x7C10, 0x7C10, 
  0x7BF0, 0x7BF0, 0x7BF0, 0x8431, 0x8430, 0x0000, 0x0000, 0x0000, 
  0x0000, 0x0000, 0x0000, 0x0000, 0x0000, 0x0000, 0x0000, 0x0000, 
  
  0x0000, 0x0000, 0x0000, 0x0000, 0x0000, 0x0000, 0x0000, 0x0000, 
  0x0000, 0x0000, 0x7BF0, 0x7BF0, 0x7BF0, 0x7C10, 0x8430, 0x8430, 
  0x8431, 0x8431, 0x8431, 0x8451, 0x8451, 0x8451, 0x8451, 0x8C51, 
  0x8C51, 0x8C51, 0x8C71, 0x8C71, 0x8C72, 0x8C71, 0x8C72, 0x8C72, 
  0x8C72, 0x8C92, 0x8C92, 0x8C92, 0x8C92, 0x8C92, 0x8C92, 0x8C92, 
  0x8C92, 0x8C92, 0x9492, 0x9492, 0x9492, 0x94B2, 0x94B2, 0x94B2, 
  0x9492, 0x94B2, 0x94B2, 0x94B2, 0x94B2, 0x94B2, 0x94B2, 0x94B3, 
  0x94B2, 0x94B2, 0x94B2, 0x94B2, 0x94B2, 0x94B2, 0x94B2, 0x94B2, 
  0x94B2, 0x94B2, 0x94B2, 0x94B2, 0x94B2, 0x9492, 0x9492, 0x94B2, 
  0x9492, 0x9492, 0x9492, 0x9492, 0x9492, 0x9492, 0x9492, 0x8C92, 
  0x8C92, 0x8C92, 0x8C92, 0x8C92, 0x8C72, 0x8C72, 0x8C72, 0x8C72, 
  0x8C72, 0x8C71, 0x8C71, 0x8C71, 0x8C51, 0x8C51, 0x8451, 0x8451, 
  0x8451, 0x8451, 0x8451, 0x8451, 0x8431, 0x8431, 0x8431, 0x8431, 
  0x8430, 0x8430, 0x8410, 0x8410, 0x7C10, 0x7C10, 0x7C10, 0x7C10, 
  0x7BF0, 0x7BEF, 0x7BF0, 0x8430, 0x7BF0, 0x0000, 0x0000, 0x0000, 
  0x0000, 0x0000, 0x0000, 0x0000, 0x0000, 0x0000, 0x0000, 0x0000, 
  
  0x0000, 0x0000, 0x0000, 0x0000, 0x0000, 0x0000, 0x0000, 0x0000, 
  0x0000, 0x0000, 0x7C10, 0x7BF0, 0x7BF0, 0x7C10, 0x8430, 0x8430, 
  0x8431, 0x8431, 0x8431, 0x8451, 0x8451, 0x8451, 0x8451, 0x8C51, 
  0x8C51, 0x8C51, 0x8C71, 0x8C71, 0x8C71, 0x8C71, 0x8C72, 0x8C72, 
  0x8C72, 0x8C72, 0x8C92, 0x8C92, 0x8C92, 0x8C92, 0x8C92, 0x8C92, 
  0x8C92, 0x9492, 0x9492, 0x9492, 0x9492, 0x9492, 0x94B2, 0x94B2, 
  0x94B2, 0x94B2, 0x9492, 0x9492, 0x94B2, 0x94B2, 0x94B2, 0x94B2, 
  0x94B2, 0x94B2, 0x94B2, 0x94B2, 0x94B2, 0x94B2, 0x94B2, 0x94B2, 
  0x9492, 0x94B2, 0x94B2, 0x94B2, 0x9492, 0x9492, 0x9492, 0x94B2, 
  0x9492, 0x9492, 0x9492, 0x9492, 0x9492, 0x9492, 0x8C92, 0x8C92, 
  0x8C92, 0x8C92, 0x8C92, 0x8C92, 0x8C72, 0x8C72, 0x8C72, 0x8C71, 
  0x8C72, 0x8C71, 0x8C71, 0x8C71, 0x8C51, 0x8C51, 0x8C51, 0x8451, 
  0x8451, 0x8451, 0x8451, 0x8431, 0x8431, 0x8431, 0x8430, 0x8430, 
  0x8430, 0x8430, 0x8430, 0x8410, 0x7C10, 0x7C10, 0x7C10, 0x7BF0, 
  0x7BF0, 0x7BEF, 0x7BF0, 0x7C10, 0x7C10, 0x0000, 0x0000, 0x0000, 
  0x0000, 0x0000, 0x0000, 0x0000, 0x0000, 0x0000, 0x0000, 0x0000, 
  
  0x0000, 0x0000, 0x0000, 0x0000, 0x0000, 0x0000, 0x0000, 0x0000, 
  0x0000, 0x0000, 0x7C10, 0x7BF0, 0x7BF0, 0x7C10, 0x8430, 0x8430, 
  0x8431, 0x8431, 0x8431, 0x8451, 0x8451, 0x8451, 0x8451, 0x8451, 
  0x8C51, 0x8C51, 0x8C71, 0x8C71, 0x8C71, 0x8C71, 0x8C72, 0x8C72, 
  0x8C72, 0x8C72, 0x8C72, 0x8C92, 0x8C92, 0x8C92, 0x8C92, 0x8C92, 
  0x8C92, 0x9492, 0x9492, 0x9492, 0x9492, 0x9492, 0x9492, 0x9492, 
  0x9492, 0x9492, 0x9492, 0x94B2, 0x94B2, 0x94B2, 0x9492, 0x94B2, 
  0x94B2, 0x94B2, 0x94B2, 0x94B2, 0x94B2, 0x94B2, 0x94B2, 0x9492, 
  0x9492, 0x94B2, 0x94B2, 0x9492, 0x9492, 0x9492, 0x9492, 0x9492, 
  0x9492, 0x9492, 0x9492, 0x9492, 0x9492, 0x8C92, 0x8C92, 0x8C92, 
  0x8C92, 0x8C92, 0x8C92, 0x8C92, 0x8C72, 0x8C72, 0x8C72, 0x8C72, 
  0x8C71, 0x8C71, 0x8C71, 0x8C71, 0x8C51, 0x8C51, 0x8C51, 0x8451, 
  0x8451, 0x8451, 0x8451, 0x8431, 0x8431, 0x8431, 0x8430, 0x8430, 
  0x8430, 0x8410, 0x8410, 0x8410, 0x7C10, 0x7C10, 0x7C10, 0x7C10, 
  0x7BF0, 0x7BEF, 0x7BF0, 0x8431, 0x7C30, 0x0000, 0x0000, 0x0000, 
  0x0000, 0x0000, 0x0000, 0x0000, 0x0000, 0x0000, 0x0000, 0x0000, 
  
  0x0000, 0x0000, 0x0000, 0x0000, 0x0000, 0x0000, 0x0000, 0x0000, 
  0x0000, 0x0000, 0x8410, 0x7BF0, 0x7BF0, 0x7C10, 0x8410, 0x8430, 
  0x8430, 0x8431, 0x8431, 0x8451, 0x8451, 0x8451, 0x8451, 0x8451, 
  0x8C51, 0x8C51, 0x8C71, 0x8C71, 0x8C71, 0x8C71, 0x8C72, 0x8C72, 
  0x8C72, 0x8C72, 0x8C92, 0x8C92, 0x8C92, 0x8C92, 0x8C92, 0x8C92, 
  0x8C92, 0x9492, 0x9492, 0x9492, 0x9492, 0x9492, 0x9492, 0x9492, 
  0x9492, 0x9492, 0x9492, 0x94B2, 0x94B2, 0x94B2, 0x9492, 0x94B2, 
  0x94B2, 0x94B2, 0x94B2, 0x94B2, 0x94B2, 0x94B2, 0x94B2, 0x9492, 
  0x9492, 0x94B2, 0x9492, 0x9492, 0x9492, 0x9492, 0x9492, 0x9492, 
  0x9492, 0x9492, 0x8C92, 0x9492, 0x9492, 0x8C92, 0x8C92, 0x8C92, 
  0x8C92, 0x8C92, 0x8C92, 0x8C72, 0x8C92, 0x8C72, 0x8C71, 0x8C72, 
  0x8C72, 0x8C71, 0x8C71, 0x8C71, 0x8C51, 0x8C51, 0x8C51, 0x8451, 
  0x8451, 0x8451, 0x8451, 0x8451, 0x8431, 0x8431, 0x8431, 0x8430, 
  0x8430, 0x8410, 0x8410, 0x8410, 0x7C10, 0x7C10, 0x7C10, 0x7C10, 
  0x7BF0, 0x7BEF, 0x7BF0, 0x8431, 0x8410, 0x0000, 0x0000, 0x0000, 
  0x0000, 0x0000, 0x0000, 0x0000, 0x0000, 0x0000, 0x0000, 0x0000, 
  
  0x0000, 0x0000, 0x0000, 0x0000, 0x0000, 0x0000, 0x0000, 0x0000, 
  0x0000, 0x0000, 0x7BD0, 0x7BF0, 0x7BF0, 0x7C10, 0x8430, 0x8430, 
  0x8430, 0x8431, 0x8431, 0x8431, 0x8451, 0x8451, 0x8451, 0x8451, 
  0x8C51, 0x8C51, 0x8C71, 0x8C71, 0x8C71, 0x8C72, 0x8C72, 0x8C72, 
  0x8C72, 0x8C72, 0x8C72, 0x8C72, 0x8C92, 0x8C92, 0x8C92, 0x8C92, 
  0x8C92, 0x8C92, 0x8C92, 0x9492, 0x9492, 0x9492, 0x9492, 0x9492, 
  0x9492, 0x9492, 0x9492, 0x9492, 0x9492, 0x9492, 0x94B2, 0x94B2, 
  0x94B2, 0x9492, 0x9492, 0x9492, 0x94B2, 0x94B2, 0x94B2, 0x9492, 
  0x9492, 0x9492, 0x9492, 0x94B2, 0x94B2, 0x9492, 0x9492, 0x9492, 
  0x9492, 0x9492, 0x9492, 0x9492, 0x9492, 0x9492, 0x8C92, 0x8C92, 
  0x8C92, 0x8C92, 0x8C92, 0x8C72, 0x8C72, 0x8C72, 0x8C72, 0x8C72, 
  0x8C72, 0x8C71, 0x8C71, 0x8C71, 0x8C71, 0x8C51, 0x8C51, 0x8451, 
  0x8451, 0x8451, 0x8431, 0x8451, 0x8431, 0x8431, 0x8431, 0x8430, 
  0x8430, 0x8430, 0x8430, 0x8410, 0x7C10, 0x7C10, 0x7C10, 0x7BF0, 
  0x7BF0, 0x7BEF, 0x7C10, 0x8410, 0x7C30, 0x0000, 0x0000, 0x0000, 
  0x0000, 0x0000, 0x0000, 0x0000, 0x0000, 0x0000, 0x0000, 0x0000, 
  
  0x0000, 0x0000, 0x0000, 0x0000, 0x0000, 0x0000, 0x0000, 0x0000, 
  0x0000, 0x0000, 0x73F0, 0x7BF0, 0x7BF0, 0x7C10, 0x8410, 0x8430, 
  0x8430, 0x8431, 0x8431, 0x8451, 0x8451, 0x8451, 0x8451, 0x8451, 
  0x8C51, 0x8C51, 0x8C51, 0x8C51, 0x8C71, 0x8C71, 0x8C72, 0x8C72, 
  0x8C72, 0x8C72, 0x8C72, 0x8C72, 0x8C92, 0x8C92, 0x8C92, 0x8C92, 
  0x8C92, 0x8C92, 0x8C92, 0x9492, 0x9492, 0x9492, 0x9492, 0x9492, 
  0x9492, 0x9492, 0x9492, 0x9492, 0x9492, 0x9492, 0x9492, 0x9492, 
  0x9492, 0x9492, 0x9492, 0x9492, 0x9492, 0x9492, 0x94B2, 0x9492, 
  0x9492, 0x9492, 0x9492, 0x9492, 0x9492, 0x9492, 0x8C92, 0x9492, 
  0x9492, 0x9492, 0x9492, 0x9492, 0x8C92, 0x8C92, 0x8C92, 0x8C92, 
  0x8C92, 0x8C92, 0x8C72, 0x8C72, 0x8C72, 0x8C72, 0x8C71, 0x8C71, 
  0x8C71, 0x8C71, 0x8C71, 0x8C51, 0x8C51, 0x8C51, 0x8451, 0x8451, 
  0x8451, 0x8431, 0x8431, 0x8431, 0x8431, 0x8430, 0x8430, 0x8430, 
  0x8430, 0x8410, 0x8410, 0x7C10, 0x7C10, 0x7C10, 0x7BF0, 0x7BF0, 
  0x7BF0, 0x7BF0, 0x7BF0, 0x7C10, 0x73AF, 0x0000, 0x0000, 0x0000, 
  0x0000, 0x0000, 0x0000, 0x0000, 0x0000, 0x0000, 0x0000, 0x0000, 
  
  0x0000, 0x0000, 0x0000, 0x0000, 0x0000, 0x0000, 0x0000, 0x0000, 
  0x0000, 0x0000, 0x73EF, 0x7C10, 0x7BF0, 0x7C10, 0x8410, 0x8430, 
  0x8431, 0x8431, 0x8431, 0x8451, 0x8451, 0x8451, 0x8451, 0x8451, 
  0x8C51, 0x8C51, 0x8C51, 0x8C51, 0x8C71, 0x8C71, 0x8C72, 0x8C72, 
  0x8C72, 0x8C72, 0x8C72, 0x8C72, 0x8C72, 0x8C92, 0x8C92, 0x8C92, 
  0x8C92, 0x9492, 0x9492, 0x9492, 0x9492, 0x9492, 0x9492, 0x9492, 
  0x9492, 0x9492, 0x9492, 0x9492, 0x9492, 0x9492, 0x9492, 0x9492, 
  0x9492, 0x9492, 0x9492, 0x9492, 0x9492, 0x9492, 0x9492, 0x9492, 
  0x9492, 0x9492, 0x9492, 0x9492, 0x9492, 0x9492, 0x9492, 0x9492, 
  0x9492, 0x8C92, 0x8C92, 0x8C92, 0x8C92, 0x8C92, 0x8C92, 0x8C92, 
  0x8C92, 0x8C72, 0x8C72, 0x8C72, 0x8C72, 0x8C72, 0x8C72, 0x8C71, 
  0x8C71, 0x8C71, 0x8C51, 0x8C51, 0x8C51, 0x8C51, 0x8451, 0x8451, 
  0x8451, 0x8431, 0x8431, 0x8431, 0x8431, 0x8431, 0x8430, 0x8430, 
  0x8430, 0x8410, 0x8410, 0x7C10, 0x7C10, 0x7C10, 0x7BF0, 0x7BF0, 
  0x7BF0, 0x7BF0, 0x7BF0, 0x7C10, 0x7430, 0x0000, 0x0000, 0x0000, 
  0x0000, 0x0000, 0x0000, 0x0000, 0x0000, 0x0000, 0x0000, 0x0000, 
  
  0x0000, 0x0000, 0x0000, 0x0000, 0x0000, 0x0000, 0x0000, 0x0000, 
  0x0000, 0x0000, 0x7BEF, 0x7BF0, 0x7BF0, 0x7C10, 0x8430, 0x8430, 
  0x8431, 0x8431, 0x8431, 0x8451, 0x8451, 0x8451, 0x8451, 0x8451, 
  0x8C51, 0x8C51, 0x8C51, 0x8C71, 0x8C71, 0x8C71, 0x8C72, 0x8C72, 
  0x8C72, 0x8C72, 0x8C72, 0x8C72, 0x8C72, 0x8C92, 0x8C92, 0x8C92, 
  0x8C92, 0x8C92, 0x8C92, 0x8C92, 0x9492, 0x9492, 0x9492, 0x9492, 
  0x9492, 0x9492, 0x9492, 0x9492, 0x9492, 0x9492, 0x9492, 0x9492, 
  0x8C92, 0x8C92, 0x9492, 0x9492, 0x9492, 0x9492, 0x9492, 0x9492, 
  0x9492, 0x8C72, 0x8C72, 0x9492, 0x9492, 0x9492, 0x9492, 0x9492, 
  0x9492, 0x8C92, 0x8C92, 0x8C92, 0x8C92, 0x8C92, 0x8C92, 0x8C92, 
  0x8C72, 0x8C72, 0x8C72, 0x8C72, 0x8C72, 0x8C72, 0x8C72, 0x8C71, 
  0x8C71, 0x8C71, 0x8C51, 0x8C51, 0x8C51, 0x8C51, 0x8451, 0x8451, 
  0x8451, 0x8451, 0x8431, 0x8431, 0x8431, 0x8431, 0x8431, 0x8430, 
  0x8410, 0x8410, 0x8410, 0x7C10, 0x7C10, 0x7C10, 0x7C10, 0x7BF0, 
  0x7BF0, 0x7BF0, 0x7BF0, 0x7C10, 0x63AE, 0x0000, 0x0000, 0x0000, 
  0x0000, 0x0000, 0x0000, 0x0000, 0x0000, 0x0000, 0x0000, 0x0000, 
  
  0x0000, 0x0000, 0x0000, 0x0000, 0x0000, 0x0000, 0x0000, 0x0000, 
  0x0000, 0x0000, 0x5C71, 0x7BF0, 0x7BF0, 0x7C10, 0x8410, 0x8430, 
  0x8431, 0x8431, 0x8431, 0x8431, 0x8451, 0x8451, 0x8451, 0x8451, 
  0x8C51, 0x8C51, 0x8C51, 0x8C51, 0x8C51, 0x8C71, 0x8C71, 0x8C72, 
  0x8C72, 0x8C72, 0x8C72, 0x8C72, 0x8C72, 0x8C92, 0x8C92, 0x8C92, 
  0x8C92, 0x8C92, 0x8C92, 0x8C92, 0x8C92, 0x9492, 0x9492, 0x9492, 
  0x9492, 0x9492, 0x9492, 0x9492, 0x9492, 0x9492, 0x9492, 0x9492, 
  0x8C92, 0x8C92, 0x9492, 0x9492, 0x9492, 0x9492, 0x9492, 0x8C92, 
  0x8C72, 0x9D14, 0x9CF3, 0x8C72, 0x8C92, 0x9492, 0x9492, 0x8C92, 
  0x8C92, 0x8C92, 0x8C92, 0x8C92, 0x8C92, 0x8C92, 0x8C92, 0x8C92, 
  0x8C92, 0x8C72, 0x8C72, 0x8C72, 0x8C72, 0x8C72, 0x8C71, 0x8C71, 
  0x8C71, 0x8C71, 0x8C51, 0x8C51, 0x8C51, 0x8451, 0x8451, 0x8451, 
  0x8451, 0x8431, 0x8431, 0x8431, 0x8431, 0x8431, 0x8431, 0x8430, 
  0x8410, 0x8410, 0x8410, 0x7C10, 0x7C10, 0x7C10, 0x7C10, 0x7BF0, 
  0x7BF0, 0x7BF0, 0x7C10, 0x8410, 0x630C, 0x0000, 0x0000, 0x0000, 
  0x0000, 0x0000, 0x0000, 0x0000, 0x0000, 0x0000, 0x0000, 0x0000, 
  
  0x0000, 0x0000, 0x0000, 0x0000, 0x0000, 0x0000, 0x0000, 0x0000, 
  0x0000, 0x0000, 0x3269, 0x7C10, 0x7BF0, 0x7C10, 0x8410, 0x8410, 
  0x8430, 0x8431, 0x8431, 0x8431, 0x8451, 0x8451, 0x8451, 0x8C51, 
  0x8451, 0x8451, 0x8C51, 0x8C71, 0x8C71, 0x8C71, 0x8C71, 0x8C71, 
  0x8C71, 0x8C72, 0x8C72, 0x8C72, 0x8C72, 0x8C72, 0x8C92, 0x8C92, 
  0x8C92, 0x8C92, 0x8C92, 0x8C92, 0x9492, 0x8C92, 0x8C92, 0x8C92, 
  0x8C92, 0x9492, 0x9492, 0x94B2, 0x9492, 0x8C92, 0x8C92, 0x9492, 
  0x9492, 0x9492, 0x8C92, 0x8C92, 0x9492, 0x9492, 0x8C92, 0x8C72, 
  0xBE18, 0xEF7D, 0xBDF7, 0x8C51, 0x8C92, 0x8C92, 0x8C92, 0x8C92, 
  0x8C92, 0x8C92, 0x8C92, 0x8C92, 0x8C92, 0x8C92, 0x8C92, 0x8C92, 
  0x8C72, 0x8C72, 0x8C72, 0x8C72, 0x8C72, 0x8C72, 0x8C71, 0x8C71, 
  0x8C71, 0x8C71, 0x8C51, 0x8C51, 0x8451, 0x8451, 0x8C51, 0x8451, 
  0x8451, 0x8431, 0x8431, 0x8431, 0x8431, 0x8430, 0x8430, 0x8430, 
  0x8410, 0x8410, 0x8410, 0x7C10, 0x7C10, 0x7C10, 0x7BF0, 0x7BF0, 
  0x7BF0, 0x7BF0, 0x7C10, 0x8430, 0x0000, 0x0000, 0x0000, 0x0000, 
  0x0000, 0x0000, 0x0000, 0x0000, 0x0000, 0x0000, 0x0000, 0x0000, 
  
  0x0000, 0x0000, 0x0000, 0x0000, 0x0000, 0x0000, 0x0000, 0x0000, 
  0x0000, 0x0000, 0x0000, 0x7C10, 0x7BF0, 0x7C10, 0x8410, 0x8430, 
  0x8430, 0x8431, 0x8431, 0x8431, 0x8451, 0x8451, 0x8451, 0x8451, 
  0x8451, 0x8C51, 0x8C51, 0x8C51, 0x8C71, 0x8C71, 0x8C71, 0x8C71, 
  0x8C72, 0x8C72, 0x8C72, 0x8C72, 0x8C72, 0x8C72, 0x8C72, 0x8C72, 
  0x8C92, 0x8C92, 0x8C92, 0x8C92, 0x8C92, 0x8C92, 0x8C92, 0x8C92, 
  0x8C92, 0x9492, 0x9492, 0x9492, 0x9492, 0x8C92, 0x8C92, 0x8C92, 
  0x8C92, 0x8C92, 0x8C92, 0x8C92, 0x8C92, 0x8C92, 0x8C51, 0xB596, 
  0xF79E, 0xEF7D, 0xA534, 0x8C71, 0x8C92, 0x8C92, 0x8C92, 0x8C92, 
  0x8C92, 0x8C92, 0x8C92, 0x8C92, 0x8C92, 0x8C92, 0x8C92, 0x8C72, 
  0x8C72, 0x8C72, 0x8C72, 0x8C72, 0x8C72, 0x8C72, 0x8C72, 0x8C71, 
  0x8C71, 0x8C71, 0x8C51, 0x8C51, 0x8C51, 0x8451, 0x8451, 0x8451, 
  0x8431, 0x8431, 0x8431, 0x8431, 0x8431, 0x8430, 0x8430, 0x8430, 
  0x8410, 0x8410, 0x8410, 0x7C10, 0x7C10, 0x7C10, 0x7C10, 0x7BF0, 
  0x7BF0, 0x7BF0, 0x8430, 0x8430, 0x0000, 0x0000, 0x0000, 0x0000, 
  0x0000, 0x0000, 0x0000, 0x0000, 0x0000, 0x0000, 0x0000, 0x0000, 
  
  0x0000, 0x0000, 0x0000, 0x0000, 0x0000, 0x0000, 0x0000, 0x0000, 
  0x0000, 0x0000, 0x0000, 0x7C10, 0x7BF0, 0x7C10, 0x8410, 0x8430, 
  0x8430, 0x8431, 0x8431, 0x8431, 0x8451, 0x8451, 0x8451, 0x8451, 
  0x8451, 0x8C51, 0x8C51, 0x8C51, 0x8C71, 0x8C51, 0x8C71, 0x8C71, 
  0x8C71, 0x8C72, 0x8C72, 0x8C72, 0x8C72, 0x8C92, 0x8C72, 0x8C92, 
  0x8C92, 0x8C92, 0x8C92, 0x8C92, 0x8C92, 0x8C92, 0x8C92, 0x9492, 
  0x9492, 0x9492, 0x9492, 0x9492, 0x8C92, 0x8C92, 0x8C92, 0x8C92, 
  0x8C92, 0x8C92, 0x8C72, 0x8C72, 0x94B2, 0x8C92, 0x8C71, 0xC638, 
  0xE71C, 0xBDD7, 0x9492, 0x8C92, 0x8C71, 0x8C92, 0x8C92, 0x8C92, 
  0x8C92, 0x8C92, 0x8C92, 0x8C92, 0x8C92, 0x8C92, 0x8C72, 0x8C92, 
  0x8C72, 0x8C72, 0x8C72, 0x8C72, 0x8C72, 0x8C72, 0x8C71, 0x8C72, 
  0x8C71, 0x8C51, 0x8C51, 0x8C51, 0x8C51, 0x8451, 0x8451, 0x8451, 
  0x8451, 0x8451, 0x8431, 0x8431, 0x8431, 0x8431, 0x8430, 0x8410, 
  0x8430, 0x8410, 0x8410, 0x8410, 0x7C10, 0x7C10, 0x7C10, 0x7C10, 
  0x7BF0, 0x7BF0, 0x8410, 0x7C30, 0x0000, 0x0000, 0x0000, 0x0000, 
  0x0000, 0x0000, 0x0000, 0x0000, 0x0000, 0x0000, 0x0000, 0x0000, 
  
  0x0000, 0x0000, 0x0000, 0x0000, 0x0000, 0x0000, 0x0000, 0x0000, 
  0x0000, 0x0000, 0x0000, 0x7BF0, 0x7BF0, 0x7BF0, 0x7C10, 0x8430, 
  0x8430, 0x8431, 0x8431, 0x8431, 0x8431, 0x8451, 0x8451, 0x8451, 
  0x8451, 0x8451, 0x8C51, 0x8C51, 0x8C51, 0x8C51, 0x8C71, 0x8C71, 
  0x8C71, 0x8C72, 0x8C72, 0x8C72, 0x8C72, 0x8C72, 0x8C72, 0x8C92, 
  0x8C92, 0x8C92, 0x8C92, 0x8C92, 0x8C92, 0x8C92, 0x8C92, 0x9492, 
  0x8C92, 0x9492, 0x9492, 0x9492, 0x9492, 0x8C92, 0x8C92, 0x8C92, 
  0x8C92, 0x8C71, 0x9CD3, 0xBDF8, 0xD69A, 0xCE59, 0xB5B6, 0xBDF8, 
  0xCE7A, 0xCE9A, 0xD6BA, 0xC638, 0xA534, 0x8C72, 0x8C72, 0x8C92, 
  0x8C72, 0x8C92, 0x8C92, 0x8C92, 0x8C92, 0x8C92, 0x8C92, 0x8C92, 
  0x8C92, 0x8C72, 0x8C72, 0x8C72, 0x8C72, 0x8C71, 0x8C71, 0x8C71, 
  0x8C71, 0x8C71, 0x8C51, 0x8C51, 0x8C51, 0x8451, 0x8451, 0x8451, 
  0x8451, 0x8451, 0x8431, 0x8431, 0x8431, 0x8431, 0x8430, 0x8410, 
  0x8430, 0x8410, 0x8410, 0x7C10, 0x7C10, 0x7C10, 0x7C10, 0x7C10, 
  0x7BF0, 0x7BF0, 0x7C10, 0x7BF0, 0x0000, 0x0000, 0x0000, 0x0000, 
  0x0000, 0x0000, 0x0000, 0x0000, 0x0000, 0x0000, 0x0000, 0x0000, 
  
  0x0000, 0x0000, 0x0000, 0x0000, 0x0000, 0x0000, 0x0000, 0x0000, 
  0x0000, 0x0000, 0x0000, 0x7C10, 0x7BF0, 0x7C10, 0x7C10, 0x8430, 
  0x8430, 0x8431, 0x8431, 0x8431, 0x8431, 0x8451, 0x8451, 0x8451, 
  0x8451, 0x8C51, 0x8C51, 0x8C51, 0x8C51, 0x8C71, 0x8C71, 0x8C71, 
  0x8C71, 0x8C71, 0x8C72, 0x8C72, 0x8C72, 0x8C72, 0x8C72, 0x8C72, 
  0x8C72, 0x8C92, 0x8C92, 0x8C92, 0x8C92, 0x9492, 0x8C92, 0x8C92, 
  0x8C92, 0x8C92, 0x9492, 0x8C92, 0x8C92, 0x8C92, 0x8C92, 0x8C92, 
  0x8C71, 0x9CD3, 0xD6BA, 0xFFDF, 0xFFFF, 0xFFFF, 0xF79E, 0xEF5D, 
  0xF79E, 0xFFFF, 0xFFFF, 0xFFDF, 0xD6BA, 0x94D3, 0x8C71, 0x8C72, 
  0x8C72, 0x8C92, 0x8C92, 0x8C92, 0x8C92, 0x8C92, 0x8C72, 0x8C72, 
  0x8C92, 0x8C72, 0x8C72, 0x8C72, 0x8C72, 0x8C71, 0x8C71, 0x8C71, 
  0x8C71, 0x8C51, 0x8C51, 0x8451, 0x8C51, 0x8451, 0x8451, 0x8451, 
  0x8451, 0x8431, 0x8431, 0x8431, 0x8431, 0x8430, 0x8430, 0x8430, 
  0x8410, 0x8410, 0x8410, 0x8410, 0x7C10, 0x7C10, 0x7C10, 0x7BF0, 
  0x7BF0, 0x7BF0, 0x8431, 0x8430, 0x0000, 0x0000, 0x0000, 0x0000, 
  0x0000, 0x0000, 0x0000, 0x0000, 0x0000, 0x0000, 0x0000, 0x0000, 
  
  0x0000, 0x0000, 0x0000, 0x0000, 0x0000, 0x0000, 0x0000, 0x0000, 
  0x0000, 0x0000, 0x0000, 0x8410, 0x7BF0, 0x7BF0, 0x7C10, 0x8410, 
  0x8430, 0x8431, 0x8431, 0x8431, 0x8431, 0x8431, 0x8451, 0x8451, 
  0x8451, 0x8C51, 0x8C51, 0x8451, 0x8C51, 0x8C71, 0x8C71, 0x8C71, 
  0x8C71, 0x8C71, 0x8C71, 0x8C72, 0x8C72, 0x8C72, 0x8C72, 0x8C72, 
  0x8C92, 0x8C92, 0x8C92, 0x8C92, 0x8C92, 0x8C92, 0x8C92, 0x8C92, 
  0x8C92, 0x8C92, 0x8C92, 0x8C92, 0x8C92, 0x8C92, 0x8C92, 0x8C72, 
  0x8C72, 0xC659, 0xFFDF, 0xFFFF, 0xFFFF, 0xFFFF, 0xFFFF, 0xFFFF, 
  0xFFFF, 0xFFFF, 0xFFFF, 0xF7BE, 0xBE18, 0x9492, 0x8C72, 0x8C72, 
  0x8C72, 0x8C72, 0x8C92, 0x8C92, 0x8C72, 0x8C72, 0x8C72, 0x8C72, 
  0x8C72, 0x8C72, 0x8C72, 0x8C72, 0x8C72, 0x8C72, 0x8C71, 0x8C71, 
  0x8C71, 0x8C51, 0x8451, 0x8451, 0x8451, 0x8451, 0x8451, 0x8451, 
  0x8451, 0x8431, 0x8431, 0x8431, 0x8431, 0x8430, 0x8430, 0x8430, 
  0x8410, 0x8410, 0x7C10, 0x7C10, 0x7C10, 0x7C10, 0x7C10, 0x7BF0, 
  0x7BF0, 0x7BF0, 0x8431, 0x8451, 0x0000, 0x0000, 0x0000, 0x0000, 
  0x0000, 0x0000, 0x0000, 0x0000, 0x0000, 0x0000, 0x0000, 0x0000, 
  
  0x0000, 0x0000, 0x0000, 0x0000, 0x0000, 0x0000, 0x0000, 0x0000, 
  0x0000, 0x0000, 0x0000, 0x7C10, 0x7BF0, 0x7BF0, 0x7C10, 0x8410, 
  0x8430, 0x8431, 0x8431, 0x8431, 0x8431, 0x8431, 0x8451, 0x8451, 
  0x8451, 0x8451, 0x8451, 0x8451, 0x8C51, 0x8C71, 0x8C71, 0x8C71, 
  0x8C71, 0x8C71, 0x8C71, 0x8C71, 0x8C72, 0x8C92, 0x8C72, 0x8C72, 
  0x8C92, 0x8C92, 0x8C92, 0x8C92, 0x8C92, 0x8C92, 0x8C92, 0x8C92, 
  0x8C92, 0x8C92, 0x8C92, 0x9492, 0x9492, 0x8C92, 0x8C72, 0x8C71, 
  0x94D3, 0xEF5D, 0xFFFF, 0xFFFF, 0xFFFF, 0xFFFF, 0xFFFF, 0xFFFF, 
  0xFFFF, 0xFFFF, 0xFFFF, 0xDEFB, 0x94B2, 0x8C71, 0x8C72, 0x8C72, 
  0x8C72, 0x8C72, 0x8C92, 0x8C72, 0x8C72, 0x8C72, 0x8C72, 0x8C72, 
  0x8C72, 0x8C72, 0x8C72, 0x8C71, 0x8C71, 0x8C71, 0x8C71, 0x8C51, 
  0x8C51, 0x8C51, 0x8C51, 0x8451, 0x8451, 0x8451, 0x8431, 0x8451, 
  0x8431, 0x8431, 0x8431, 0x8431, 0x8431, 0x8431, 0x8430, 0x8430, 
  0x8410, 0x8410, 0x7C10, 0x7C10, 0x7C10, 0x7C10, 0x7C10, 0x7BF0, 
  0x7BEF, 0x7BF0, 0x8410, 0x8410, 0x0000, 0x0000, 0x0000, 0x0000, 
  0x0000, 0x0000, 0x0000, 0x0000, 0x0000, 0x0000, 0x0000, 0x0000, 
  
  0x0000, 0x0000, 0x0000, 0x0000, 0x0000, 0x0000, 0x0000, 0x0000, 
  0x0000, 0x0000, 0x0000, 0x7BF0, 0x7BF0, 0x7BF0, 0x7C10, 0x8410, 
  0x8430, 0x8431, 0x8431, 0x8431, 0x8431, 0x8431, 0x8451, 0x8451, 
  0x8451, 0x8451, 0x8451, 0x8C51, 0x8C51, 0x8C51, 0x8C51, 0x8C51, 
  0x8C71, 0x8C71, 0x8C71, 0x8C71, 0x8C72, 0x8C72, 0x8C72, 0x8C72, 
  0x8C72, 0x8C92, 0x8C92, 0x8C92, 0x8C92, 0x8C92, 0x8C92, 0x8C92, 
  0x8C92, 0x8C92, 0x8C92, 0x9492, 0x8C92, 0x8C92, 0x8C72, 0x8C51, 
  0x9CF4, 0xF79E, 0xFFFF, 0xFFFF, 0xFFFF, 0xFFFF, 0xFFFF, 0xFFFF, 
  0xFFFF, 0xFFFF, 0xFFDF, 0xCE59, 0x8451, 0x8C72, 0x8C72, 0x8C72, 
  0x8C72, 0x8C72, 0x8C92, 0x8C72, 0x8C72, 0x8C72, 0x8C72, 0x8C72, 
  0x8C72, 0x8C72, 0x8C72, 0x8C71, 0x8C71, 0x8C71, 0x8C71, 0x8C51, 
  0x8C51, 0x8C51, 0x8C51, 0x8C51, 0x8451, 0x8451, 0x8451, 0x8431, 
  0x8431, 0x8431, 0x8431, 0x8431, 0x8431, 0x8430, 0x8410, 0x8430, 
  0x8410, 0x8410, 0x7C10, 0x7C10, 0x7C10, 0x7C10, 0x7BF0, 0x7BF0, 
  0x7BEF, 0x7BF0, 0x7C10, 0x7BF0, 0x0000, 0x0000, 0x0000, 0x0000, 
  0x0000, 0x0000, 0x0000, 0x0000, 0x0000, 0x0000, 0x0000, 0x0000, 
  
  0x0000, 0x0000, 0x0000, 0x0000, 0x0000, 0x0000, 0x0000, 0x0000, 
  0x0000, 0x0000, 0x0000, 0x7BF0, 0x7BF0, 0x7BF0, 0x7C10, 0x8410, 
  0x8430, 0x8431, 0x8431, 0x8431, 0x8431, 0x8431, 0x8451, 0x8451, 
  0x8451, 0x8451, 0x8C51, 0x8C51, 0x8C51, 0x8C71, 0x8C71, 0x8C71, 
  0x8C71, 0x8C71, 0x8C71, 0x8C71, 0x8C72, 0x8C72, 0x8C72, 0x8C72, 
  0x8C72, 0x8C92, 0x8C72, 0x8C72, 0x8C92, 0x8C92, 0x8C92, 0x8C92, 
  0x8C92, 0x8C92, 0x8C92, 0x8C92, 0x8C92, 0x8C92, 0x8C92, 0x8C71, 
  0x9CF3, 0xEF7D, 0xFFFF, 0xFFFF, 0xFFFF, 0xFFFF, 0xFFFF, 0xFFFF, 
  0xFFFF, 0xFFFF, 0xFFDF, 0xD6BA, 0x8C51, 0x8C51, 0x8C72, 0x8C72, 
  0x8C72, 0x8C72, 0x8C92, 0x8C72, 0x8C72, 0x8C72, 0x8C72, 0x8C72, 
  0x8C72, 0x8C72, 0x8C72, 0x8C71, 0x8C71, 0x8C71, 0x8C71, 0x8C51, 
  0x8C51, 0x8C51, 0x8C51, 0x8451, 0x8451, 0x8451, 0x8451, 0x8431, 
  0x8431, 0x8431, 0x8431, 0x8431, 0x8430, 0x8430, 0x8430, 0x8430, 
  0x8410, 0x8410, 0x7C10, 0x7C10, 0x7C10, 0x7BF0, 0x7BF0, 0x7BF0, 
  0x7BEF, 0x7BF0, 0x7C10, 0x7BF0, 0x0000, 0x0000, 0x0000, 0x0000, 
  0x0000, 0x0000, 0x0000, 0x0000, 0x0000, 0x0000, 0x0000, 0x0000, 
  
  0x0000, 0x0000, 0x0000, 0x0000, 0x0000, 0x0000, 0x0000, 0x0000, 
  0x0000, 0x0000, 0x0000, 0x6BB1, 0x7BF0, 0x7BF0, 0x7C10, 0x8410, 
  0x8430, 0x8430, 0x8431, 0x8431, 0x8431, 0x8431, 0x8431, 0x8451, 
  0x8451, 0x8451, 0x8451, 0x8C51, 0x8C51, 0x8C51, 0x8C71, 0x8C71, 
  0x8C71, 0x8C71, 0x8C71, 0x8C71, 0x8C71, 0x8C72, 0x8C72, 0x8C72, 
  0x8C72, 0x8C72, 0x8C72, 0x8C92, 0x8C92, 0x8C92, 0x8C92, 0x8C92, 
  0x8C92, 0x8C92, 0x8C92, 0x8C92, 0x8C92, 0x8C92, 0x8C72, 0x8C71, 
  0x94B2, 0xE71C, 0xFFFF, 0xFFFF, 0xFFFF, 0xFFFF, 0xFFFF, 0xFFFF, 
  0xFFFF, 0xFFFF, 0xFFFF, 0xEF7E, 0xAD76, 0x8451, 0x8C71, 0x8C72, 
  0x8C72, 0x8C72, 0x8C72, 0x8C72, 0x8C72, 0x8C72, 0x8C72, 0x8C72, 
  0x8C72, 0x8C72, 0x8C71, 0x8C71, 0x8C71, 0x8C71, 0x8C71, 0x8C51, 
  0x8C51, 0x8C51, 0x8451, 0x8451, 0x8451, 0x8451, 0x8451, 0x8431, 
  0x8431, 0x8431, 0x8431, 0x8430, 0x8430, 0x8430, 0x8430, 0x8410, 
  0x8430, 0x8410, 0x7C10, 0x7C10, 0x7C10, 0x7C10, 0x7C10, 0x7BF0, 
  0x7BF0, 0x7C10, 0x8430, 0x8410, 0x0000, 0x0000, 0x0000, 0x0000, 
  0x0000, 0x0000, 0x0000, 0x0000, 0x0000, 0x0000, 0x0000, 0x0000, 
  
  0x0000, 0x0000, 0x0000, 0x0000, 0x0000, 0x0000, 0x0000, 0x0000, 
  0x0000, 0x0000, 0x31F4, 0x4254, 0x6B71, 0x7BF0, 0x7C10, 0x8410, 
  0x8430, 0x8430, 0x8431, 0x8431, 0x8431, 0x8431, 0x8431, 0x8451, 
  0x8451, 0x8451, 0x8C51, 0x8451, 0x8C51, 0x8C51, 0x8C51, 0x8C71, 
  0x8C71, 0x8C71, 0x8C71, 0x8C71, 0x8C71, 0x8C72, 0x8C72, 0x8C72, 
  0x8C72, 0x8C92, 0x8C92, 0x8C92, 0x8C92, 0x8C92, 0x8C92, 0x8C92, 
  0x8C92, 0x8C92, 0x8C92, 0x8C92, 0x8C92, 0x8C72, 0x8C72, 0x8C72, 
  0x8C71, 0xC639, 0xFFDF, 0xFFFF, 0xFFFF, 0xFFFF, 0xFFFF, 0xFFFF, 
  0xFFFF, 0xFFFF, 0xFFFF, 0xFFFF, 0xEF5D, 0xAD55, 0x8451, 0x8C72, 
  0x8C72, 0x8C72, 0x8C72, 0x8C72, 0x8C72, 0x8C72, 0x8C72, 0x8C72, 
  0x8C72, 0x8C72, 0x8C71, 0x8C71, 0x8C71, 0x8C71, 0x8C51, 0x8C51, 
  0x8C51, 0x8C51, 0x8451, 0x8451, 0x8451, 0x8451, 0x8451, 0x8451, 
  0x8431, 0x8431, 0x8431, 0x8431, 0x8430, 0x8430, 0x8430, 0x8410, 
  0x8410, 0x8410, 0x7C10, 0x7C10, 0x7C10, 0x7C10, 0x7BF0, 0x7BF0, 
  0x7BEF, 0x7C10, 0x73F0, 0x6B91, 0x0000, 0x0000, 0x0000, 0x0000, 
  0x0000, 0x0000, 0x0000, 0x0000, 0x0000, 0x0000, 0x0000, 0x0000, 
  
  0x0000, 0x0000, 0x0000, 0x0000, 0x0000, 0x0000, 0x0000, 0x0000, 
  0x0000, 0x3A14, 0x31F4, 0x31D5, 0x52F2, 0x7BF0, 0x7C10, 0x8410, 
  0x8430, 0x8430, 0x8431, 0x8431, 0x8431, 0x8431, 0x8431, 0x8451, 
  0x8451, 0x8451, 0x8451, 0x8451, 0x8C51, 0x8C51, 0x8C51, 0x8C71, 
  0x8C71, 0x8C71, 0x8C71, 0x8C71, 0x8C71, 0x8C72, 0x8C72, 0x8C72, 
  0x8C72, 0x8C72, 0x8C72, 0x8C72, 0x8C92, 0x8C92, 0x8C92, 0x8C92, 
  0x8C92, 0x8C92, 0x8C92, 0x8C92, 0x8C92, 0x8C72, 0x8C72, 0x8C72, 
  0x8C71, 0xA535, 0xEF7D, 0xFFFF, 0xFFFF, 0xFFFF, 0xFFFF, 0xFFFF, 
  0xFFFF, 0xFFFF, 0xFFFF, 0xFFFF, 0xEF7D, 0xB596, 0x8451, 0x8C71, 
  0x8C72, 0x8C72, 0x8C72, 0x8C72, 0x8C72, 0x8C72, 0x8C72, 0x8C72, 
  0x8C72, 0x8C71, 0x8C71, 0x8C71, 0x8C51, 0x8C51, 0x8C51, 0x8C51, 
  0x8C51, 0x8C51, 0x8451, 0x8451, 0x8451, 0x8451, 0x8451, 0x8431, 
  0x8431, 0x8431, 0x8431, 0x8431, 0x8430, 0x8430, 0x8410, 0x8410, 
  0x8410, 0x7C10, 0x7C10, 0x7C10, 0x7C10, 0x7BF0, 0x7BF0, 0x7BF0, 
  0x7BEF, 0x7BF0, 0x52B2, 0x39F3, 0x18F3, 0x0000, 0x0000, 0x0000, 
  0x0000, 0x0000, 0x0000, 0x0000, 0x0000, 0x0000, 0x0000, 0x0000, 
  
  0x0000, 0x0000, 0x0000, 0x0000, 0x0000, 0x0000, 0x0000, 0x0000, 
  0x31D4, 0x31F4, 0x29B5, 0x29B5, 0x52D3, 0x7BF0, 0x7C10, 0x7C10, 
  0x8430, 0x8430, 0x8430, 0x8430, 0x8431, 0x8431, 0x8431, 0x8431, 
  0x8451, 0x8451, 0x8451, 0x8451, 0x8451, 0x8C51, 0x8C71, 0x8C71, 
  0x8C71, 0x8C71, 0x8C71, 0x8C72, 0x8C72, 0x8C72, 0x8C72, 0x8C72, 
  0x8C72, 0x8C72, 0x8C72, 0x8C72, 0x8C92, 0x8C92, 0x8C92, 0x8C92, 
  0x8C72, 0x8C92, 0x8C92, 0x8C92, 0x8C92, 0x8C72, 0x8C72, 0x8C72, 
  0x8C71, 0x8C72, 0xC618, 0xFFDF, 0xFFFF, 0xFFFF, 0xFFFF, 0xFFFF, 
  0xFFFF, 0xFFFF, 0xFFFF, 0xFFDF, 0xD69A, 0x94B2, 0x8C51, 0x8C71, 
  0x8C71, 0x8C72, 0x8C72, 0x8C72, 0x8C72, 0x8C72, 0x8C72, 0x8C72, 
  0x8C72, 0x8C71, 0x8C71, 0x8C71, 0x8C51, 0x8C51, 0x8C51, 0x8C51, 
  0x8C51, 0x8C51, 0x8451, 0x8451, 0x8451, 0x8451, 0x8451, 0x8431, 
  0x8431, 0x8431, 0x8431, 0x8431, 0x8430, 0x8430, 0x8410, 0x7C10, 
  0x7C10, 0x7C10, 0x7C10, 0x7C10, 0x7C10, 0x7C10, 0x7BF0, 0x7BF0, 
  0x7BEF, 0x73B1, 0x3A13, 0x29B3, 0x31B3, 0x212F, 0x0000, 0x0000, 
  0x0000, 0x0000, 0x0000, 0x0000, 0x0000, 0x0000, 0x0000, 0x0000, 
  
  0x0000, 0x0000, 0x0000, 0x0000, 0x0000, 0x0000, 0x0000, 0x2992, 
  0x31D4, 0x29B4, 0x2995, 0x2996, 0x4AB4, 0x73D0, 0x7C10, 0x8410, 
  0x8410, 0x8430, 0x8430, 0x8431, 0x8431, 0x8431, 0x8431, 0x8451, 
  0x8451, 0x8451, 0x8451, 0x8451, 0x8C51, 0x8C51, 0x8C51, 0x8C51, 
  0x8C51, 0x8C51, 0x8C71, 0x8C71, 0x8C71, 0x8C72, 0x8C72, 0x8C72, 
  0x8C72, 0x8C72, 0x8C72, 0x8C72, 0x8C72, 0x8C92, 0x8C92, 0x8C72, 
  0x8C92, 0x8C92, 0x8C92, 0x8C92, 0x8C72, 0x8C72, 0x8C72, 0x8C71, 
  0x8C71, 0x8C51, 0x94B3, 0xD69A, 0xF79E, 0xF7BE, 0xEF7D, 0xE73C, 
  0xEF5D, 0xF7BE, 0xF7BE, 0xD6BB, 0x9CF4, 0x8451, 0x8C71, 0x8C71, 
  0x8C71, 0x8C72, 0x8C72, 0x8C72, 0x8C72, 0x8C72, 0x8C72, 0x8C72, 
  0x8C71, 0x8C72, 0x8C71, 0x8C71, 0x8C71, 0x8C51, 0x8C71, 0x8C51, 
  0x8C51, 0x8C51, 0x8451, 0x8451, 0x8451, 0x8451, 0x8431, 0x8431, 
  0x8431, 0x8431, 0x8431, 0x8431, 0x8430, 0x8430, 0x8410, 0x8410, 
  0x8410, 0x7C10, 0x7C10, 0x7C10, 0x7C10, 0x7BF0, 0x7BF0, 0x7BF0, 
  0x7BEF, 0x6B91, 0x29D4, 0x2173, 0x2993, 0x29B3, 0x00FB, 0x0000, 
  0x0000, 0x0000, 0x0000, 0x0000, 0x0000, 0x0000, 0x0000, 0x0000, 
  
  0x0000, 0x0000, 0x0000, 0x0000, 0x0000, 0x0000, 0x2173, 0x31D3, 
  0x31B4, 0x2995, 0x2996, 0x29B7, 0x4AB4, 0x73D0, 0x7C10, 0x7C10, 
  0x8410, 0x8430, 0x8430, 0x8430, 0x8431, 0x8431, 0x8451, 0x8431, 
  0x8431, 0x8451, 0x8451, 0x8451, 0x8C51, 0x8C51, 0x8C51, 0x8C51, 
  0x8C51, 0x8C51, 0x8C71, 0x8C71, 0x8C71, 0x8C71, 0x8C71, 0x8C71, 
  0x8C72, 0x8C72, 0x8C72, 0x8C72, 0x8C72, 0x8C72, 0x8C72, 0x8C72, 
  0x8C72, 0x8C92, 0x8C92, 0x8C92, 0x8C72, 0x8C72, 0x8C72, 0x8C72, 
  0x8C72, 0x8C71, 0x8C51, 0x9CD3, 0xBDD7, 0xBDF7, 0xAD75, 0xA514, 
  0xAD55, 0xBDD7, 0xBDD7, 0x9CF4, 0x8C51, 0x8C71, 0x8C71, 0x8C71, 
  0x8C71, 0x8C71, 0x8C72, 0x8C72, 0x8C72, 0x8C72, 0x8C72, 0x8C72, 
  0x8C72, 0x8C71, 0x8C71, 0x8C71, 0x8C71, 0x8C71, 0x8C51, 0x8C51, 
  0x8C51, 0x8451, 0x8451, 0x8451, 0x8451, 0x8451, 0x8431, 0x8431, 
  0x8431, 0x8431, 0x8431, 0x8431, 0x8430, 0x8430, 0x8410, 0x8410, 
  0x8410, 0x7C10, 0x7C10, 0x7C10, 0x7C10, 0x7BF0, 0x7BF0, 0x7BF0, 
  0x7BEF, 0x6B71, 0x29B5, 0x2174, 0x2173, 0x29B2, 0x2151, 0x0000, 
  0x0000, 0x0000, 0x0000, 0x0000, 0x0000, 0x0000, 0x0000, 0x0000, 
  
  0x0000, 0x0000, 0x0000, 0x0000, 0x0000, 0x0000, 0x29B2, 0x31D3, 
  0x2994, 0x2996, 0x2997, 0x29B8, 0x4A95, 0x73D0, 0x7C10, 0x7C10, 
  0x8410, 0x8430, 0x8430, 0x8430, 0x8431, 0x8431, 0x8431, 0x8431, 
  0x8431, 0x8451, 0x8451, 0x8451, 0x8C51, 0x8C51, 0x8C51, 0x8C51, 
  0x8C51, 0x8C51, 0x8C71, 0x8C71, 0x8C71, 0x8C71, 0x8C72, 0x8C71, 
  0x8C72, 0x8C72, 0x8C72, 0x8C72, 0x8C72, 0x8C72, 0x8C72, 0x8C72, 
  0x8C72, 0x8C72, 0x8C92, 0x8C72, 0x8C72, 0x8C72, 0x8C72, 0x8C72, 
  0x8C72, 0x8C71, 0x8C71, 0x8C71, 0x8C72, 0x8C72, 0x8C51, 0x8451, 
  0x8C51, 0x8C72, 0x8C72, 0x8C51, 0x8C51, 0x8C71, 0x8C71, 0x8C71, 
  0x8C71, 0x8C71, 0x8C72, 0x8C72, 0x8C72, 0x8C72, 0x8C72, 0x8C71, 
  0x8C71, 0x8C71, 0x8C71, 0x8C51, 0x8C51, 0x8C51, 0x8C51, 0x8C51, 
  0x8C51, 0x8451, 0x8451, 0x8451, 0x8451, 0x8431, 0x8431, 0x8431, 
  0x8431, 0x8431, 0x8431, 0x8431, 0x8430, 0x8430, 0x8410, 0x8410, 
  0x8410, 0x7C10, 0x7C10, 0x7C10, 0x7C10, 0x7BF0, 0x7BF0, 0x7BF0, 
  0x7BEF, 0x6372, 0x29B6, 0x2175, 0x2174, 0x2992, 0x29B1, 0x108F, 
  0x0000, 0x0000, 0x0000, 0x0000, 0x0000, 0x0000, 0x0000, 0x0000, 
  
  0x0000, 0x0000, 0x0000, 0x0000, 0x0000, 0x2133, 0x31B3, 0x29B3, 
  0x2995, 0x29B6, 0x29B7, 0x29B8, 0x4A96, 0x73D1, 0x7C10, 0x7C10, 
  0x8410, 0x8430, 0x8430, 0x8430, 0x8431, 0x8431, 0x8431, 0x8431, 
  0x8451, 0x8451, 0x8451, 0x8451, 0x8451, 0x8451, 0x8C51, 0x8C51, 
  0x8C51, 0x8C51, 0x8C51, 0x8C51, 0x8C71, 0x8C71, 0x8C71, 0x8C72, 
  0x8C72, 0x8C71, 0x8C72, 0x8C72, 0x8C72, 0x8C72, 0x8C72, 0x8C72, 
  0x8C92, 0x8C92, 0x8C72, 0x8C72, 0x8C72, 0x8C72, 0x8C72, 0x8C72, 
  0x8C72, 0x8C72, 0x8C71, 0x8C71, 0x8C51, 0x8C51, 0x8C71, 0x8C71, 
  0x8C71, 0x8C51, 0x8C51, 0x8C71, 0x8C71, 0x8C71, 0x8C71, 0x8C71, 
  0x8C71, 0x8C72, 0x8C72, 0x8C71, 0x8C72, 0x8C71, 0x8C71, 0x8C71, 
  0x8C71, 0x8C71, 0x8C71, 0x8C51, 0x8C51, 0x8C51, 0x8C51, 0x8C51, 
  0x8451, 0x8451, 0x8451, 0x8451, 0x8431, 0x8451, 0x8431, 0x8431, 
  0x8431, 0x8431, 0x8431, 0x8431, 0x8430, 0x8430, 0x8430, 0x8410, 
  0x8410, 0x8410, 0x7C10, 0x7C10, 0x7C10, 0x7C10, 0x7BF0, 0x7BF0, 
  0x7C0F, 0x6352, 0x29B6, 0x2176, 0x2174, 0x2173, 0x2992, 0x2191, 
  0x0000, 0x0000, 0x0000, 0x0000, 0x0000, 0x0000, 0x0000, 0x0000, 
  
  0x0000, 0x0000, 0x0000, 0x0000, 0x0018, 0x31B3, 0x29B3, 0x2994, 
  0x2996, 0x29B7, 0x29B8, 0x29D9, 0x4A97, 0x73D1, 0x7C10, 0x7C10, 
  0x8410, 0x8430, 0x8430, 0x8430, 0x8431, 0x8431, 0x8431, 0x8431, 
  0x8451, 0x8451, 0x8451, 0x8451, 0x8451, 0x8451, 0x8C51, 0x8C71, 
  0x8C51, 0x8C71, 0x8C71, 0x8C71, 0x8C71, 0x8C71, 0x8C71, 0x8C72, 
  0x8C71, 0x8C71, 0x8C72, 0x8C72, 0x8C72, 0x8C72, 0x8C72, 0x8C72, 
  0x8C72, 0x8C72, 0x8C72, 0x8C72, 0x8C72, 0x8C72, 0x8C72, 0x8C72, 
  0x8C72, 0x8C72, 0x8C71, 0x8C71, 0x8C71, 0x8C71, 0x8C71, 0x8C71, 
  0x8C71, 0x8C71, 0x8C71, 0x8C71, 0x8C71, 0x8C71, 0x8C71, 0x8C71, 
  0x8C72, 0x8C72, 0x8C72, 0x8C71, 0x8C72, 0x8C72, 0x8C71, 0x8C71, 
  0x8C71, 0x8C71, 0x8C51, 0x8C51, 0x8C51, 0x8C51, 0x8451, 0x8C51, 
  0x8451, 0x8451, 0x8451, 0x8451, 0x8431, 0x8431, 0x8431, 0x8431, 
  0x8431, 0x8431, 0x8431, 0x8430, 0x8430, 0x8430, 0x8430, 0x8410, 
  0x8410, 0x7C10, 0x7C10, 0x7C10, 0x7C10, 0x7C10, 0x7C10, 0x7BF0, 
  0x7C0F, 0x6333, 0x29B7, 0x2176, 0x2175, 0x2174, 0x2172, 0x2991, 
  0x0870, 0x0000, 0x0000, 0x0000, 0x0000, 0x0000, 0x0000, 0x0000, 
  
  0x0000, 0x0000, 0x0000, 0x0000, 0x2992, 0x31D2, 0x2993, 0x2995, 
  0x2996, 0x29B7, 0x29D8, 0x29D9, 0x4277, 0x73B1, 0x7C10, 0x7C10, 
  0x8410, 0x8430, 0x8430, 0x8430, 0x8430, 0x8430, 0x8431, 0x8451, 
  0x8451, 0x8451, 0x8451, 0x8451, 0x8451, 0x8C51, 0x8C51, 0x8C51, 
  0x8C51, 0x8C71, 0x8C71, 0x8C71, 0x8C71, 0x8C71, 0x8C72, 0x8C71, 
  0x8C71, 0x8C71, 0x8C71, 0x8C71, 0x8C72, 0x8C72, 0x8C72, 0x8C72, 
  0x8C72, 0x8C72, 0x8C72, 0x8C72, 0x8C72, 0x8C72, 0x8C72, 0x8C72, 
  0x8C72, 0x8C72, 0x8C72, 0x8C72, 0x8C72, 0x8C72, 0x8C71, 0x8C71, 
  0x8C71, 0x8C71, 0x8C71, 0x8C71, 0x8C72, 0x8C72, 0x8C72, 0x8C72, 
  0x8C72, 0x8C72, 0x8C72, 0x8C71, 0x8C71, 0x8C71, 0x8C71, 0x8C71, 
  0x8C71, 0x8C71, 0x8C51, 0x8C51, 0x8C51, 0x8C51, 0x8451, 0x8451, 
  0x8C51, 0x8451, 0x8451, 0x8451, 0x8451, 0x8431, 0x8431, 0x8431, 
  0x8431, 0x8431, 0x8431, 0x8430, 0x8430, 0x8410, 0x8410, 0x8410, 
  0x8410, 0x7C10, 0x7C10, 0x7C10, 0x7C10, 0x7BF0, 0x7BF0, 0x7BF0, 
  0x7C10, 0x5B13, 0x21B7, 0x2176, 0x2175, 0x2174, 0x2173, 0x2171, 
  0x2190, 0x0000, 0x0000, 0x0000, 0x0000, 0x0000, 0x0000, 0x0000
  
};

#endif // BUSY_INTERRUPT_MAYBE_H
