// Auto-generated from busy-no-interrupting.png
// Image dimensions: 128x128
#ifndef BUSY_NO_INTERRUPTING_H
#define BUSY_NO_INTERRUPTING_H

#include <Arduino.h>

#define BUSY_NO_INTERRUPTING_WIDTH 128
#define BUSY_NO_INTERRUPTING_HEIGHT 128

static const uint16_t busy_no_interrupting[] PROGMEM = {
  0x0000, 0x0000, 0x0000, 0x0000, 0x0000, 0x0000, 0x0000, 0x0000, 
  0x0000, 0x0000, 0x0000, 0x0000, 0x0000, 0x0000, 0x0000, 0x0000, 
  0x0000, 0x0000, 0x0000, 0x0000, 0x0000, 0x0000, 0x0000, 0x0000, 
  0x0000, 0x0000, 0x0000, 0x0000, 0x0000, 0x0000, 0x0000, 0x0000, 
  0x0000, 0x0000, 0x0000, 0x0000, 0x0000, 0x0000, 0x0000, 0x0000, 
  0x0000, 0x0000, 0x0000, 0x0000, 0x0000, 0x0000, 0x0000, 0x0000, 
  0x0000, 0x0000, 0x0000, 0x0000, 0x0000, 0x0000, 0x0000, 0x0000, 
  0x0000, 0x0000, 0x0000, 0x0000, 0x0000, 0x0000, 0x0000, 0x0000, 
  0x0000, 0x0000, 0x0000, 0x0000, 0x0000, 0x0000, 0x0000, 0x0000, 
  0x0000, 0x0000, 0x0000, 0x0000, 0x0000, 0x0000, 0x0000, 0x0000, 
  0x0000, 0x0000, 0x0000, 0x0000, 0x0000, 0x0000, 0x0000, 0x0000, 
  0x0000, 0x0000, 0x0000, 0x0000, 0x0000, 0x0000, 0x0000, 0x0000, 
  0x0000, 0x0000, 0x0000, 0x0000, 0x0000, 0x0000, 0x0000, 0x0000, 
  0x0000, 0x0000, 0x0000, 0x0000, 0x0000, 0x0000, 0x0000, 0x0000, 
  0x0000, 0x0000, 0x0000, 0x0000, 0x0000, 0x0000, 0x0000, 0x0000, 
  0x0000, 0x0000, 0x0000, 0x0000, 0x0000, 0x0000, 0x0000, 0x0000, 
  
  0x0000, 0x0000, 0x0000, 0x0000, 0x0000, 0x0000, 0x0000, 0x0000, 
  0x0000, 0x0000, 0x0000, 0x0000, 0x0000, 0x0000, 0x0000, 0x0000, 
  0x0000, 0x0000, 0x0000, 0x0000, 0x0000, 0x0000, 0x0000, 0x0000, 
  0x0000, 0x0000, 0x0000, 0x0000, 0x0000, 0x0000, 0x0000, 0x0000, 
  0x0000, 0x0000, 0x0000, 0x0000, 0x0000, 0x0000, 0x0000, 0x0000, 
  0x0000, 0x0000, 0x0000, 0x0000, 0x0000, 0x0000, 0x0000, 0x0000, 
  0x0000, 0x0000, 0x0000, 0x0000, 0x0000, 0x0000, 0x0000, 0xC020, 
  0xE041, 0xD041, 0xC841, 0xC841, 0xC841, 0xD041, 0xD041, 0xD041, 
  0xD041, 0xC841, 0xC841, 0xC841, 0xD020, 0xC020, 0xC841, 0x0000, 
  0x0000, 0x0000, 0x0000, 0x0000, 0x0000, 0x0000, 0x0000, 0x0000, 
  0x0000, 0x0000, 0x0000, 0x0000, 0x0000, 0x0000, 0x0000, 0x0000, 
  0x0000, 0x0000, 0x0000, 0x0000, 0x0000, 0x0000, 0x0000, 0x0000, 
  0x0000, 0x0000, 0x0000, 0x0000, 0x0000, 0x0000, 0x0000, 0x0000, 
  0x0000, 0x0000, 0x0000, 0x0000, 0x0000, 0x0000, 0x0000, 0x0000, 
  0x0000, 0x0000, 0x0000, 0x0000, 0x0000, 0x0000, 0x0000, 0x0000, 
  0x0000, 0x0000, 0x0000, 0x0000, 0x0000, 0x0000, 0x0000, 0x0000, 
  
  0x0000, 0x0000, 0x0000, 0x0000, 0x0000, 0x0000, 0x0000, 0x0000, 
  0x0000, 0x0000, 0x0000, 0x0000, 0x0000, 0x0000, 0x0000, 0x0000, 
  0x0000, 0x0000, 0x0000, 0x0000, 0x0000, 0x0000, 0x0000, 0x0000, 
  0x0000, 0x0000, 0x0000, 0x0000, 0x0000, 0x0000, 0x0000, 0x0000, 
  0x0000, 0x0000, 0x0000, 0x0000, 0x0000, 0x0000, 0x0000, 0x0000, 
  0x0000, 0x0000, 0x0000, 0x0000, 0x0000, 0x0000, 0x0000, 0x0000, 
  0x0000, 0x0000, 0x0000, 0x0000, 0xC841, 0xD841, 0xE841, 0xE841, 
  0xE041, 0xD841, 0xD841, 0xD841, 0xE041, 0xE841, 0xE841, 0xE841, 
  0xE041, 0xE041, 0xD841, 0xD841, 0xD041, 0xD020, 0xC820, 0xD020, 
  0xC820, 0xB820, 0x0000, 0x0000, 0x0000, 0x0000, 0x0000, 0x0000, 
  0x0000, 0x0000, 0x0000, 0x0000, 0x0000, 0x0000, 0x0000, 0x0000, 
  0x0000, 0x0000, 0x0000, 0x0000, 0x0000, 0x0000, 0x0000, 0x0000, 
  0x0000, 0x0000, 0x0000, 0x0000, 0x0000, 0x0000, 0x0000, 0x0000, 
  0x0000, 0x0000, 0x0000, 0x0000, 0x0000, 0x0000, 0x0000, 0x0000, 
  0x0000, 0x0000, 0x0000, 0x0000, 0x0000, 0x0000, 0x0000, 0x0000, 
  0x0000, 0x0000, 0x0000, 0x0000, 0x0000, 0x0000, 0x0000, 0x0000, 
  
  0x0000, 0x0000, 0x0000, 0x0000, 0x0000, 0x0000, 0x0000, 0x0000, 
  0x0000, 0x0000, 0x0000, 0x0000, 0x0000, 0x0000, 0x0000, 0x0000, 
  0x0000, 0x0000, 0x0000, 0x0000, 0x0000, 0x0000, 0x0000, 0x0000, 
  0x0000, 0x0000, 0x0000, 0x0000, 0x0000, 0x0000, 0x0000, 0x0000, 
  0x0000, 0x0000, 0x0000, 0x0000, 0x0000, 0x0000, 0x0000, 0x0000, 
  0x0000, 0x0000, 0x0000, 0x0000, 0x0000, 0x0000, 0x0000, 0x0000, 
  0x0000, 0x0000, 0xB820, 0xC820, 0xD020, 0xE041, 0xE841, 0xF061, 
  0xF082, 0xF0A2, 0xF0C3, 0xF0E3, 0xF124, 0xF145, 0xF165, 0xF145, 
  0xF124, 0xF104, 0xF0E3, 0xF0A2, 0xF082, 0xF041, 0xE841, 0xD841, 
  0xD020, 0xC820, 0xC820, 0x0000, 0x0000, 0x0000, 0x0000, 0x0000, 
  0x0000, 0x0000, 0x0000, 0x0000, 0x0000, 0x0000, 0x0000, 0x0000, 
  0x0000, 0x0000, 0x0000, 0x0000, 0x0000, 0x0000, 0x0000, 0x0000, 
  0x0000, 0x0000, 0x0000, 0x0000, 0x0000, 0x0000, 0x0000, 0x0000, 
  0x0000, 0x0000, 0x0000, 0x0000, 0x0000, 0x0000, 0x0000, 0x0000, 
  0x0000, 0x0000, 0x0000, 0x0000, 0x0000, 0x0000, 0x0000, 0x0000, 
  0x0000, 0x0000, 0x0000, 0x0000, 0x0000, 0x0000, 0x0000, 0x0000, 
  
  0x0000, 0x0000, 0x0000, 0x0000, 0x0000, 0x0000, 0x0000, 0x0000, 
  0x0000, 0x0000, 0x0000, 0x0000, 0x0000, 0x0000, 0x0000, 0x0000, 
  0x0000, 0x0000, 0x0000, 0x0000, 0x0000, 0x0000, 0x0000, 0x0000, 
  0x0000, 0x0000, 0x0000, 0x0000, 0x0000, 0x0000, 0x0000, 0x0000, 
  0x0000, 0x0000, 0x0000, 0x0000, 0x0000, 0x0000, 0x0000, 0x0000, 
  0x0000, 0x0000, 0x0000, 0x0000, 0x0000, 0x0000, 0x0000, 0x0000, 
  0xB820, 0xC820, 0xC820, 0xD841, 0xE841, 0xF082, 0xF104, 0xF186, 
  0xF9C7, 0xFA08, 0xFA28, 0xFA69, 0xFA8A, 0xFA8A, 0xFAAA, 0xFAAA, 
  0xFA8A, 0xFA69, 0xFA49, 0xFA28, 0xF9E7, 0xF9A6, 0xF165, 0xF0E3, 
  0xF061, 0xE041, 0xD020, 0xC820, 0xC841, 0x0000, 0x0000, 0x0000, 
  0x0000, 0x0000, 0x0000, 0x0000, 0x0000, 0x0000, 0x0000, 0x0000, 
  0x0000, 0x0000, 0x0000, 0x0000, 0x0000, 0x0000, 0x0000, 0x0000, 
  0x0000, 0x0000, 0x0000, 0x0000, 0x0000, 0x0000, 0x0000, 0x0000, 
  0x0000, 0x0000, 0x0000, 0x0000, 0x0000, 0x0000, 0x0000, 0x0000, 
  0x0000, 0x0000, 0x0000, 0x0000, 0x0000, 0x0000, 0x0000, 0x0000, 
  0x0000, 0x0000, 0x0000, 0x0000, 0x0000, 0x0000, 0x0000, 0x0000, 
  
  0x0000, 0x0000, 0x0000, 0x0000, 0x0000, 0x0000, 0x0000, 0x0000, 
  0x0000, 0x0000, 0x0000, 0x0000, 0x0000, 0x0000, 0x0000, 0x0000, 
  0x0000, 0x0000, 0x0000, 0x0000, 0x0000, 0x0000, 0x0000, 0x0000, 
  0x0000, 0x0000, 0x0000, 0x0000, 0x0000, 0x0000, 0x0000, 0x0000, 
  0x0000, 0x0000, 0x0000, 0x0000, 0x0000, 0x0000, 0x0000, 0x0000, 
  0x0000, 0x0000, 0x0000, 0x0000, 0x9820, 0xB820, 0xC020, 0xC820, 
  0xD020, 0xD041, 0xE841, 0xF082, 0xF124, 0xF9C7, 0xFA28, 0xFA8A, 
  0xFAAA, 0xFACB, 0xFAEB, 0xFB0C, 0xFB0C, 0xFB0C, 0xFB0C, 0xFB0C, 
  0xFB0C, 0xFB0C, 0xFAEB, 0xFAEB, 0xFACB, 0xFACB, 0xFA8A, 0xFA28, 
  0xF9A6, 0xF104, 0xF061, 0xE041, 0xD041, 0xD020, 0xC020, 0xC020, 
  0xB020, 0x8820, 0x0000, 0x0000, 0x0000, 0x0000, 0x0000, 0x0000, 
  0x0000, 0x0000, 0x0000, 0x0000, 0x0000, 0x0000, 0x0000, 0x0000, 
  0x0000, 0x0000, 0x0000, 0x0000, 0x0000, 0x0000, 0x0000, 0x0000, 
  0x0000, 0x0000, 0x0000, 0x0000, 0x0000, 0x0000, 0x0000, 0x0000, 
  0x0000, 0x0000, 0x0000, 0x0000, 0x0000, 0x0000, 0x0000, 0x0000, 
  0x0000, 0x0000, 0x0000, 0x0000, 0x0000, 0x0000, 0x0000, 0x0000, 
  
  0x0000, 0x0000, 0x0000, 0x0000, 0x0000, 0x0000, 0x0000, 0x0000, 
  0x0000, 0x0000, 0x0000, 0x0000, 0x0000, 0x0000, 0x0000, 0x0000, 
  0x0000, 0x0000, 0x0000, 0x0000, 0x0000, 0x0000, 0x0000, 0x0000, 
  0x0000, 0x0000, 0x0000, 0x0000, 0x0000, 0x0000, 0x0000, 0x0000, 
  0x0000, 0x0000, 0x0000, 0x0000, 0x0000, 0x0000, 0x0000, 0x0000, 
  0x0000, 0x0000, 0x0000, 0xC020, 0xC820, 0xD020, 0xD020, 0xD841, 
  0xE041, 0xF061, 0xF124, 0xF1A6, 0xFA28, 0xFA8A, 0xFACB, 0xFAEB, 
  0xFB0C, 0xFB0C, 0xFB0C, 0xFB0C, 0xFB0C, 0xFB0C, 0xFB0C, 0xFB0C, 
  0xFB0C, 0xFB0C, 0xFB0C, 0xFB0C, 0xFB0C, 0xFB0C, 0xFB0C, 0xFACB, 
  0xFAAA, 0xFA28, 0xF1A6, 0xF0E3, 0xE841, 0xD841, 0xD020, 0xC820, 
  0xD020, 0xC820, 0xC020, 0x0000, 0x0000, 0x0000, 0x0000, 0x0000, 
  0x0000, 0x0000, 0x0000, 0x0000, 0x0000, 0x0000, 0x0000, 0x0000, 
  0x0000, 0x0000, 0x0000, 0x0000, 0x0000, 0x0000, 0x0000, 0x0000, 
  0x0000, 0x0000, 0x0000, 0x0000, 0x0000, 0x0000, 0x0000, 0x0000, 
  0x0000, 0x0000, 0x0000, 0x0000, 0x0000, 0x0000, 0x0000, 0x0000, 
  0x0000, 0x0000, 0x0000, 0x0000, 0x0000, 0x0000, 0x0000, 0x0000, 
  
  0x0000, 0x0000, 0x0000, 0x0000, 0x0000, 0x0000, 0x0000, 0x0000, 
  0x0000, 0x0000, 0x0000, 0x0000, 0x0000, 0x0000, 0x0000, 0x0000, 
  0x0000, 0x0000, 0x0000, 0x0000, 0x0000, 0x0000, 0x0000, 0x0000, 
  0x0000, 0x0000, 0x0000, 0x0000, 0x0000, 0x0000, 0x0000, 0x0000, 
  0x0000, 0x0000, 0x0000, 0x0000, 0x0000, 0x0000, 0x0000, 0x0000, 
  0x0000, 0xC820, 0xD020, 0xD841, 0xD841, 0xE061, 0xE861, 0xF082, 
  0xF0E3, 0xF186, 0xFA08, 0xFA28, 0xFA69, 0xFAAA, 0xFACB, 0xFACB, 
  0xFAEB, 0xFAEB, 0xFAEB, 0xFAEB, 0xFAEB, 0xFACB, 0xFACB, 0xFACB, 
  0xFACB, 0xFACB, 0xFACB, 0xFACB, 0xFAEB, 0xFAEB, 0xFAEB, 0xFAEB, 
  0xFACB, 0xFA8A, 0xFA49, 0xF9E7, 0xF124, 0xF0A2, 0xF061, 0xE861, 
  0xE041, 0xD841, 0xD820, 0xD020, 0xC820, 0x0000, 0x0000, 0x0000, 
  0x0000, 0x0000, 0x0000, 0x0000, 0x0000, 0x0000, 0x0000, 0x0000, 
  0x0000, 0x0000, 0x0000, 0x0000, 0x0000, 0x0000, 0x0000, 0x0000, 
  0x0000, 0x0000, 0x0000, 0x0000, 0x0000, 0x0000, 0x0000, 0x0000, 
  0x0000, 0x0000, 0x0000, 0x0000, 0x0000, 0x0000, 0x0000, 0x0000, 
  0x0000, 0x0000, 0x0000, 0x0000, 0x0000, 0x0000, 0x0000, 0x0000, 
  
  0x0000, 0x0000, 0x0000, 0x0000, 0x0000, 0x0000, 0x0000, 0x0000, 
  0x0000, 0x0000, 0x0000, 0x0000, 0x0000, 0x0000, 0x0000, 0x0000, 
  0x0000, 0x0000, 0x0000, 0x0000, 0x0000, 0x0000, 0x0000, 0x0000, 
  0x0000, 0x0000, 0x0000, 0x0000, 0x0000, 0x0000, 0x0000, 0x0000, 
  0x0000, 0x0000, 0x0000, 0x0000, 0x0000, 0x0000, 0x0000, 0xB820, 
  0xC841, 0xD841, 0xE041, 0xE882, 0xF0E3, 0xF165, 0xF9A6, 0xF9C7, 
  0xF9C7, 0xFA28, 0xFA69, 0xFA49, 0xFA69, 0xFA8A, 0xFAAA, 0xFAAA, 
  0xFACB, 0xFACB, 0xFAAA, 0xFAAA, 0xFAAA, 0xFAAA, 0xFAAA, 0xFAAA, 
  0xFAAA, 0xFAAA, 0xFAAA, 0xFAAA, 0xFAAA, 0xFAAA, 0xFAAA, 0xFAAA, 
  0xFA8A, 0xFA69, 0xFA69, 0xFA69, 0xF9E7, 0xF9A6, 0xF986, 0xF186, 
  0xF124, 0xF0A2, 0xE861, 0xE041, 0xD820, 0xC820, 0x0000, 0x0000, 
  0x0000, 0x0000, 0x0000, 0x0000, 0x0000, 0x0000, 0x0000, 0x0000, 
  0x0000, 0x0000, 0x0000, 0x0000, 0x0000, 0x0000, 0x0000, 0x0000, 
  0x0000, 0x0000, 0x0000, 0x0000, 0x0000, 0x0000, 0x0000, 0x0000, 
  0x0000, 0x0000, 0x0000, 0x0000, 0x0000, 0x0000, 0x0000, 0x0000, 
  0x0000, 0x0000, 0x0000, 0x0000, 0x0000, 0x0000, 0x0000, 0x0000, 
  
  0x0000, 0x0000, 0x0000, 0x0000, 0x0000, 0x0000, 0x0000, 0x0000, 
  0x0000, 0x0000, 0x0000, 0x0000, 0x0000, 0x0000, 0x0000, 0x0000, 
  0x0000, 0x0000, 0x0000, 0x0000, 0x0000, 0x0000, 0x0000, 0x0000, 
  0x0000, 0x0000, 0x0000, 0x0000, 0x0000, 0x0000, 0x0000, 0x0000, 
  0x0000, 0x0000, 0x0000, 0x0000, 0x0000, 0x0000, 0xD041, 0xD020, 
  0xE041, 0xE882, 0xF104, 0xF9A6, 0xFA28, 0xFA69, 0xFA69, 0xFA49, 
  0xFA28, 0xFA49, 0xFA69, 0xFA28, 0xFA49, 0xFA69, 0xFA8A, 0xFA8A, 
  0xFA8A, 0xFA8A, 0xFA8A, 0xFA8A, 0xFA8A, 0xFA8A, 0xFA69, 0xFA69, 
  0xFA69, 0xFA69, 0xFA69, 0xFA69, 0xFA69, 0xFA8A, 0xFA69, 0xFA69, 
  0xFA49, 0xFA08, 0xFA28, 0xFA49, 0xF9E7, 0xF9E7, 0xFA28, 0xFA49, 
  0xFA49, 0xFA08, 0xF165, 0xF0C3, 0xE861, 0xD841, 0xD020, 0xC820, 
  0x0000, 0x0000, 0x0000, 0x0000, 0x0000, 0x0000, 0x0000, 0x0000, 
  0x0000, 0x0000, 0x0000, 0x0000, 0x0000, 0x0000, 0x0000, 0x0000, 
  0x0000, 0x0000, 0x0000, 0x0000, 0x0000, 0x0000, 0x0000, 0x0000, 
  0x0000, 0x0000, 0x0000, 0x0000, 0x0000, 0x0000, 0x0000, 0x0000, 
  0x0000, 0x0000, 0x0000, 0x0000, 0x0000, 0x0000, 0x0000, 0x0000, 
  
  0x0000, 0x0000, 0x0000, 0x0000, 0x0000, 0x0000, 0x0000, 0x0000, 
  0x0000, 0x0000, 0x0000, 0x0000, 0x0000, 0x0000, 0x0000, 0x0000, 
  0x0000, 0x0000, 0x0000, 0x0000, 0x0000, 0x0000, 0x0000, 0x0000, 
  0x0000, 0x0000, 0x0000, 0x0000, 0x0000, 0x0000, 0x0000, 0x0000, 
  0x0000, 0x0000, 0x0000, 0x0000, 0x0000, 0xC820, 0xD841, 0xE841, 
  0xF0C3, 0xF9A6, 0xFA49, 0xFAAA, 0xFACB, 0xFAAA, 0xFA8A, 0xFA49, 
  0xFA08, 0xFA49, 0xFA69, 0xFA08, 0xFA28, 0xFA49, 0xFA49, 0xFA69, 
  0xFA69, 0xFA69, 0xFA69, 0xFA69, 0xFA69, 0xFA49, 0xFA49, 0xFA49, 
  0xFA49, 0xFA49, 0xFA49, 0xFA49, 0xFA49, 0xFA49, 0xFA28, 0xFA08, 
  0xF9E7, 0xF9A6, 0xF9C7, 0xFA28, 0xF9C7, 0xF9C7, 0xFA28, 0xFA8A, 
  0xFAAA, 0xFAAA, 0xFA69, 0xFA08, 0xF124, 0xF082, 0xE041, 0xD820, 
  0xC820, 0x0000, 0x0000, 0x0000, 0x0000, 0x0000, 0x0000, 0x0000, 
  0x0000, 0x0000, 0x0000, 0x0000, 0x0000, 0x0000, 0x0000, 0x0000, 
  0x0000, 0x0000, 0x0000, 0x0000, 0x0000, 0x0000, 0x0000, 0x0000, 
  0x0000, 0x0000, 0x0000, 0x0000, 0x0000, 0x0000, 0x0000, 0x0000, 
  0x0000, 0x0000, 0x0000, 0x0000, 0x0000, 0x0000, 0x0000, 0x0000, 
  
  0x0000, 0x0000, 0x0000, 0x0000, 0x0000, 0x0000, 0x0000, 0x0000, 
  0x0000, 0x0000, 0x0000, 0x0000, 0x0000, 0x0000, 0x0000, 0x0000, 
  0x0000, 0x0000, 0x0000, 0x0000, 0x0000, 0x0000, 0x0000, 0x0000, 
  0x0000, 0x0000, 0x0000, 0x0000, 0x0000, 0x0000, 0x0000, 0x0000, 
  0x0000, 0x0000, 0x0000, 0x0000, 0xC820, 0xE041, 0xE882, 0xF124, 
  0xFA08, 0xFAAA, 0xFAEB, 0xFAEB, 0xFACB, 0xFAAA, 0xFA69, 0xFA28, 
  0xF9E7, 0xFA28, 0xFA49, 0xF9E7, 0xFA08, 0xFA28, 0xFA28, 0xFA28, 
  0xFA49, 0xFA49, 0xFA49, 0xFA49, 0xFA49, 0xFA49, 0xFA28, 0xFA28, 
  0xFA28, 0xFA28, 0xFA28, 0xFA28, 0xFA28, 0xFA08, 0xFA08, 0xF9C7, 
  0xF9A6, 0xF965, 0xF9A6, 0xFA08, 0xF186, 0xF9A6, 0xFA08, 0xFA69, 
  0xFAAA, 0xFACB, 0xFAEB, 0xFAAA, 0xFA69, 0xF9A6, 0xF0C3, 0xE841, 
  0xD841, 0xC020, 0x0000, 0x0000, 0x0000, 0x0000, 0x0000, 0x0000, 
  0x0000, 0x0000, 0x0000, 0x0000, 0x0000, 0x0000, 0x0000, 0x0000, 
  0x0000, 0x0000, 0x0000, 0x0000, 0x0000, 0x0000, 0x0000, 0x0000, 
  0x0000, 0x0000, 0x0000, 0x0000, 0x0000, 0x0000, 0x0000, 0x0000, 
  0x0000, 0x0000, 0x0000, 0x0000, 0x0000, 0x0000, 0x0000, 0x0000, 
  
  0x0000, 0x0000, 0x0000, 0x0000, 0x0000, 0x0000, 0x0000, 0x0000, 
  0x0000, 0x0000, 0x0000, 0x0000, 0x0000, 0x0000, 0x0000, 0x0000, 
  0x0000, 0x0000, 0x0000, 0x0000, 0x0000, 0x0000, 0x0000, 0x0000, 
  0x0000, 0x0000, 0x0000, 0x0000, 0x0000, 0x0000, 0x0000, 0x0000, 
  0x0000, 0x0000, 0x0000, 0xC841, 0xE041, 0xF082, 0xF165, 0xFA49, 
  0xFACB, 0xFB0C, 0xFB0C, 0xFAEB, 0xFAAA, 0xFA69, 0xFA28, 0xFA08, 
  0xF9C7, 0xFA28, 0xFA28, 0xF9A6, 0xF9C7, 0xF9E7, 0xFA08, 0xFA28, 
  0xFA28, 0xFA28, 0xFA28, 0xFA28, 0xFA28, 0xFA28, 0xFA28, 0xFA28, 
  0xFA28, 0xFA28, 0xFA28, 0xFA08, 0xFA08, 0xF9E7, 0xF9C7, 0xF9A6, 
  0xF986, 0xF145, 0xF186, 0xF9E7, 0xF165, 0xF165, 0xF9E7, 0xFA49, 
  0xFA8A, 0xFACB, 0xFAEB, 0xFAEB, 0xFACB, 0xFA8A, 0xF9E7, 0xF104, 
  0xE841, 0xD041, 0xC820, 0x0000, 0x0000, 0x0000, 0x0000, 0x0000, 
  0x0000, 0x0000, 0x0000, 0x0000, 0x0000, 0x0000, 0x0000, 0x0000, 
  0x0000, 0x0000, 0x0000, 0x0000, 0x0000, 0x0000, 0x0000, 0x0000, 
  0x0000, 0x0000, 0x0000, 0x0000, 0x0000, 0x0000, 0x0000, 0x0000, 
  0x0000, 0x0000, 0x0000, 0x0000, 0x0000, 0x0000, 0x0000, 0x0000, 
  
  0x0000, 0x0000, 0x0000, 0x0000, 0x0000, 0x0000, 0x0000, 0x0000, 
  0x0000, 0x0000, 0x0000, 0x0000, 0x0000, 0x0000, 0x0000, 0x0000, 
  0x0000, 0x0000, 0x0000, 0x0000, 0x0000, 0x0000, 0x0000, 0x0000, 
  0x0000, 0x0000, 0x0000, 0x0000, 0x0000, 0x0000, 0x0000, 0x0000, 
  0x0000, 0x0000, 0xD041, 0xE041, 0xF082, 0xF186, 0xFA69, 0xFAEB, 
  0xFB0C, 0xFB0C, 0xFACB, 0xFAAA, 0xFA8A, 0xFA49, 0xFA08, 0xF9E7, 
  0xF9A6, 0xFA08, 0xFA28, 0xF986, 0xF9A6, 0xF9C7, 0xF9C7, 0xF9E7, 
  0xFA08, 0xFA08, 0xFA08, 0xFA08, 0xFA08, 0xFA08, 0xFA08, 0xFA08, 
  0xFA08, 0xFA08, 0xFA08, 0xF9E7, 0xF9E7, 0xF9C7, 0xF9A6, 0xF986, 
  0xF965, 0xF124, 0xF165, 0xF9E7, 0xF165, 0xF165, 0xF9C7, 0xFA08, 
  0xFA69, 0xFAAA, 0xFACB, 0xFAEB, 0xFAEB, 0xFAEB, 0xFAAA, 0xFA28, 
  0xF124, 0xE841, 0xD841, 0xC820, 0x0000, 0x0000, 0x0000, 0x0000, 
  0x0000, 0x0000, 0x0000, 0x0000, 0x0000, 0x0000, 0x0000, 0x0000, 
  0x0000, 0x0000, 0x0000, 0x0000, 0x0000, 0x0000, 0x0000, 0x0000, 
  0x0000, 0x0000, 0x0000, 0x0000, 0x0000, 0x0000, 0x0000, 0x0000, 
  0x0000, 0x0000, 0x0000, 0x0000, 0x0000, 0x0000, 0x0000, 0x0000, 
  
  0x0000, 0x0000, 0x0000, 0x0000, 0x0000, 0x0000, 0x0000, 0x0000, 
  0x0000, 0x0000, 0x0000, 0x0000, 0x0000, 0x0000, 0x0000, 0x0000, 
  0x0000, 0x0000, 0x0000, 0x0000, 0x0000, 0x0000, 0x0000, 0x0000, 
  0x0000, 0x0000, 0x0000, 0x0000, 0x0000, 0x0000, 0x0000, 0x0000, 
  0x0000, 0xC820, 0xE041, 0xF0A2, 0xF9A6, 0xFA8A, 0xFAEB, 0xFB0C, 
  0xFB0C, 0xFACB, 0xFAAA, 0xFA8A, 0xFA69, 0xFA28, 0xF9E7, 0xF9C7, 
  0xF986, 0xF9E7, 0xFA08, 0xF965, 0xF986, 0xF986, 0xF9A6, 0xF9C7, 
  0xF9C7, 0xF9C7, 0xF9E7, 0xF9E7, 0xF9E7, 0xF9E7, 0xF9E7, 0xF9E7, 
  0xF9E7, 0xF9E7, 0xF9E7, 0xF9C7, 0xF9C7, 0xF9C7, 0xF9A6, 0xF965, 
  0xF145, 0xF104, 0xF145, 0xF9C7, 0xF145, 0xF145, 0xF9A6, 0xF9E7, 
  0xFA28, 0xFA69, 0xFA8A, 0xFAAA, 0xFACB, 0xFAEB, 0xFAEB, 0xFAAA, 
  0xFA28, 0xF124, 0xF041, 0xD020, 0xC820, 0x0000, 0x0000, 0x0000, 
  0x0000, 0x0000, 0x0000, 0x0000, 0x0000, 0x0000, 0x0000, 0x0000, 
  0x0000, 0x0000, 0x0000, 0x0000, 0x0000, 0x0000, 0x0000, 0x0000, 
  0x0000, 0x0000, 0x0000, 0x0000, 0x0000, 0x0000, 0x0000, 0x0000, 
  0x0000, 0x0000, 0x0000, 0x0000, 0x0000, 0x0000, 0x0000, 0x0000, 
  
  0x0000, 0x0000, 0x0000, 0x0000, 0x0000, 0x0000, 0x0000, 0x0000, 
  0x0000, 0x0000, 0x0000, 0x0000, 0x0000, 0x0000, 0x0000, 0x0000, 
  0x0000, 0x0000, 0x0000, 0x0000, 0x0000, 0x0000, 0x0000, 0x0000, 
  0x0000, 0x0000, 0x0000, 0x0000, 0x0000, 0x0000, 0x0000, 0x0000, 
  0xD041, 0xE041, 0xF0A2, 0xF9C7, 0xFA8A, 0xFAEB, 0xFB0C, 0xFAEB, 
  0xFACB, 0xFAAA, 0xFA8A, 0xFA69, 0xFA28, 0xFA08, 0xF9C7, 0xF9A6, 
  0xF965, 0xF9A6, 0xF9E7, 0xF124, 0xF145, 0xF965, 0xF965, 0xF986, 
  0xF9A6, 0xF9A6, 0xF9C7, 0xF9C7, 0xF9C7, 0xF9C7, 0xF9C7, 0xF9C7, 
  0xF9C7, 0xF9C7, 0xF9C7, 0xF9C7, 0xF9A6, 0xF986, 0xF986, 0xF145, 
  0xF124, 0xF0E3, 0xF124, 0xF9A6, 0xF124, 0xF124, 0xF986, 0xF9C7, 
  0xFA08, 0xFA49, 0xFA69, 0xFA8A, 0xFAAA, 0xFACB, 0xFACB, 0xFAEB, 
  0xFACB, 0xFA49, 0xF165, 0xF041, 0xD841, 0xC820, 0x0000, 0x0000, 
  0x0000, 0x0000, 0x0000, 0x0000, 0x0000, 0x0000, 0x0000, 0x0000, 
  0x0000, 0x0000, 0x0000, 0x0000, 0x0000, 0x0000, 0x0000, 0x0000, 
  0x0000, 0x0000, 0x0000, 0x0000, 0x0000, 0x0000, 0x0000, 0x0000, 
  0x0000, 0x0000, 0x0000, 0x0000, 0x0000, 0x0000, 0x0000, 0x0000, 
  
  0x0000, 0x0000, 0x0000, 0x0000, 0x0000, 0x0000, 0x0000, 0x0000, 
  0x0000, 0x0000, 0x0000, 0x0000, 0x0000, 0x0000, 0x0000, 0x0000, 
  0x0000, 0x0000, 0x0000, 0x0000, 0x0000, 0x0000, 0x0000, 0x0000, 
  0x0000, 0x0000, 0x0000, 0x0000, 0x0000, 0x0000, 0x0000, 0xD020, 
  0xE041, 0xF082, 0xF9C7, 0xFA8A, 0xFAEB, 0xFB0C, 0xFAEB, 0xFACB, 
  0xFAAA, 0xFA8A, 0xFA49, 0xFA28, 0xFA28, 0xF9E7, 0xF9C7, 0xF986, 
  0xF145, 0xF186, 0xF9C7, 0xF0E3, 0xF104, 0xF124, 0xF145, 0xF965, 
  0xF986, 0xF986, 0xF9A6, 0xF9A6, 0xF9A6, 0xF9A6, 0xF9A6, 0xF9A6, 
  0xF9A6, 0xF9A6, 0xF9A6, 0xF9A6, 0xF986, 0xF986, 0xF165, 0xF124, 
  0xF104, 0xF0C3, 0xF124, 0xF9A6, 0xF104, 0xF104, 0xF165, 0xF9A6, 
  0xF9E7, 0xFA28, 0xFA49, 0xFA69, 0xFA8A, 0xFA8A, 0xFAAA, 0xFACB, 
  0xFACB, 0xFAAA, 0xFA49, 0xF145, 0xF041, 0xD041, 0xC020, 0x0000, 
  0x0000, 0x0000, 0x0000, 0x0000, 0x0000, 0x0000, 0x0000, 0x0000, 
  0x0000, 0x0000, 0x0000, 0x0000, 0x0000, 0x0000, 0x0000, 0x0000, 
  0x0000, 0x0000, 0x0000, 0x0000, 0x0000, 0x0000, 0x0000, 0x0000, 
  0x0000, 0x0000, 0x0000, 0x0000, 0x0000, 0x0000, 0x0000, 0x0000, 
  
  0x0000, 0x0000, 0x0000, 0x0000, 0x0000, 0x0000, 0x0000, 0x0000, 
  0x0000, 0x0000, 0x0000, 0x0000, 0x0000, 0x0000, 0x0000, 0x0000, 
  0x0000, 0x0000, 0x0000, 0x0000, 0x0000, 0x0000, 0x0000, 0x0000, 
  0x0000, 0x0000, 0x0000, 0x0000, 0x0000, 0x0000, 0xD041, 0xD841, 
  0xF061, 0xF9A6, 0xFA8A, 0xFAEB, 0xFAEB, 0xFACB, 0xFAAA, 0xFA8A, 
  0xFA69, 0xFA49, 0xFA28, 0xFA28, 0xFA08, 0xF9E7, 0xF9A6, 0xF986, 
  0xF124, 0xF165, 0xF9A6, 0xF0C3, 0xF0E3, 0xF104, 0xF124, 0xF145, 
  0xF945, 0xF965, 0xF986, 0xF986, 0xF986, 0xF986, 0xF986, 0xF986, 
  0xF986, 0xF986, 0xF986, 0xF986, 0xF965, 0xF945, 0xF145, 0xF104, 
  0xF0E3, 0xF0C3, 0xF104, 0xF186, 0xF0E3, 0xF0E3, 0xF145, 0xF986, 
  0xF9C7, 0xFA08, 0xFA28, 0xFA49, 0xFA49, 0xFA69, 0xFA8A, 0xFAAA, 
  0xFACB, 0xFACB, 0xFACB, 0xFA28, 0xF124, 0xE841, 0xD841, 0xA841, 
  0x0000, 0x0000, 0x0000, 0x0000, 0x0000, 0x0000, 0x0000, 0x0000, 
  0x0000, 0x0000, 0x0000, 0x0000, 0x0000, 0x0000, 0x0000, 0x0000, 
  0x0000, 0x0000, 0x0000, 0x0000, 0x0000, 0x0000, 0x0000, 0x0000, 
  0x0000, 0x0000, 0x0000, 0x0000, 0x0000, 0x0000, 0x0000, 0x0000, 
  
  0x0000, 0x0000, 0x0000, 0x0000, 0x0000, 0x0000, 0x0000, 0x0000, 
  0x0000, 0x0000, 0x0000, 0x0000, 0x0000, 0x0000, 0x0000, 0x0000, 
  0x0000, 0x0000, 0x0000, 0x0000, 0x0000, 0x0000, 0x0000, 0x0000, 
  0x0000, 0x0000, 0x0000, 0x0000, 0x0000, 0xC820, 0xC820, 0xE041, 
  0xF124, 0xFA49, 0xFACB, 0xFAEB, 0xFACB, 0xFAAA, 0xFA8A, 0xFA69, 
  0xFA49, 0xFA28, 0xFA28, 0xFA08, 0xF9E7, 0xF9C7, 0xF986, 0xF165, 
  0xF0E3, 0xF145, 0xF986, 0xF0A2, 0xF0C3, 0xF0C3, 0xF0E3, 0xF104, 
  0xF124, 0xF145, 0xF965, 0xF965, 0xF965, 0xF965, 0xF965, 0xF965, 
  0xF965, 0xF965, 0xF965, 0xF945, 0xF145, 0xF124, 0xF104, 0xF0E3, 
  0xF0C3, 0xF0A2, 0xF0E3, 0xF165, 0xF0C3, 0xF0C3, 0xF124, 0xF965, 
  0xF9A6, 0xF9E7, 0xFA08, 0xFA28, 0xFA28, 0xFA49, 0xFA69, 0xFA8A, 
  0xFAAA, 0xFACB, 0xFACB, 0xFAAA, 0xFA08, 0xF0E3, 0xE841, 0xD041, 
  0x0000, 0x0000, 0x0000, 0x0000, 0x0000, 0x0000, 0x0000, 0x0000, 
  0x0000, 0x0000, 0x0000, 0x0000, 0x0000, 0x0000, 0x0000, 0x0000, 
  0x0000, 0x0000, 0x0000, 0x0000, 0x0000, 0x0000, 0x0000, 0x0000, 
  0x0000, 0x0000, 0x0000, 0x0000, 0x0000, 0x0000, 0x0000, 0x0000, 
  
  0x0000, 0x0000, 0x0000, 0x0000, 0x0000, 0x0000, 0x0000, 0x0000, 
  0x0000, 0x0000, 0x0000, 0x0000, 0x0000, 0x0000, 0x0000, 0x0000, 
  0x0000, 0x0000, 0x0000, 0x0000, 0x0000, 0x0000, 0x0000, 0x0000, 
  0x0000, 0x0000, 0x0000, 0x0000, 0x0000, 0xC820, 0xD841, 0xF082, 
  0xF9C7, 0xFAAA, 0xFACB, 0xFACB, 0xFAAA, 0xFA8A, 0xFA49, 0xFA28, 
  0xFA28, 0xFA28, 0xFA08, 0xF9E7, 0xF9C7, 0xF9A6, 0xF965, 0xF145, 
  0xF0C3, 0xF124, 0xF965, 0xF082, 0xF082, 0xF0A2, 0xF0C3, 0xF0E3, 
  0xF104, 0xF124, 0xF124, 0xF145, 0xF945, 0xF145, 0xF145, 0xF945, 
  0xF945, 0xF145, 0xF145, 0xF124, 0xF124, 0xF104, 0xF0E3, 0xF0C3, 
  0xF0A2, 0xF082, 0xF0C3, 0xF145, 0xF0A2, 0xF0A2, 0xF104, 0xF145, 
  0xF986, 0xF9C7, 0xF9E7, 0xFA08, 0xFA28, 0xFA28, 0xFA49, 0xFA49, 
  0xFA69, 0xFAAA, 0xFACB, 0xFACB, 0xFA8A, 0xF1A6, 0xF0A2, 0xE041, 
  0xC820, 0x0000, 0x0000, 0x0000, 0x0000, 0x0000, 0x0000, 0x0000, 
  0x0000, 0x0000, 0x0000, 0x0000, 0x0000, 0x0000, 0x0000, 0x0000, 
  0x0000, 0x0000, 0x0000, 0x0000, 0x0000, 0x0000, 0x0000, 0x0000, 
  0x0000, 0x0000, 0x0000, 0x0000, 0x0000, 0x0000, 0x0000, 0x0000, 
  
  0x0000, 0x0000, 0x0000, 0x0000, 0x0000, 0x0000, 0x0000, 0x0000, 
  0x0000, 0x0000, 0x0000, 0x0000, 0x0000, 0x0000, 0x0000, 0x0000, 
  0x0000, 0x0000, 0x0000, 0x0000, 0x0000, 0x0000, 0x0000, 0x0000, 
  0x0000, 0x0000, 0x0000, 0x0000, 0xC020, 0xD020, 0xE841, 0xF145, 
  0xFA28, 0xFAAA, 0xFAAA, 0xFA8A, 0xFA69, 0xFA49, 0xFA28, 0xFA08, 
  0xFA08, 0xFA08, 0xF9E7, 0xF9C7, 0xF9A6, 0xF986, 0xF145, 0xF124, 
  0xF0A2, 0xF104, 0xF165, 0xF061, 0xF061, 0xF082, 0xF0A2, 0xF0C3, 
  0xF0E3, 0xF0E3, 0xF104, 0xF124, 0xF124, 0xF124, 0xF124, 0xF124, 
  0xF124, 0xF124, 0xF104, 0xF104, 0xF0E3, 0xF0E3, 0xF0C3, 0xF0A2, 
  0xF082, 0xF061, 0xF0C3, 0xF124, 0xF082, 0xF082, 0xF0E3, 0xF124, 
  0xF165, 0xF9A6, 0xF9C7, 0xF9E7, 0xFA08, 0xFA08, 0xFA28, 0xFA49, 
  0xFA49, 0xFA8A, 0xFAAA, 0xFACB, 0xFAAA, 0xFA49, 0xF124, 0xE861, 
  0xD820, 0x0000, 0x0000, 0x0000, 0x0000, 0x0000, 0x0000, 0x0000, 
  0x0000, 0x0000, 0x0000, 0x0000, 0x0000, 0x0000, 0x0000, 0x0000, 
  0x0000, 0x0000, 0x0000, 0x0000, 0x0000, 0x0000, 0x0000, 0x0000, 
  0x0000, 0x0000, 0x0000, 0x0000, 0x0000, 0x0000, 0x0000, 0x0000, 
  
  0x0000, 0x0000, 0x0000, 0x0000, 0x0000, 0x0000, 0x0000, 0x0000, 
  0x0000, 0x0000, 0x0000, 0x0000, 0x0000, 0x0000, 0x0000, 0x0000, 
  0x0000, 0x0000, 0x0000, 0x0000, 0x0000, 0x0000, 0x0000, 0x0000, 
  0x0000, 0x0000, 0x0000, 0x9820, 0xC020, 0xE041, 0xF0C3, 0xF9C7, 
  0xFA69, 0xFA8A, 0xFA8A, 0xFA49, 0xFA28, 0xFA08, 0xFA08, 0xF9E7, 
  0xF9E7, 0xF9E7, 0xF9C7, 0xF9A6, 0xF986, 0xF965, 0xF124, 0xF0E3, 
  0xF082, 0xF0E3, 0xF145, 0xF041, 0xF041, 0xF061, 0xF082, 0xF0A2, 
  0xF0C3, 0xF0C3, 0xF0E3, 0xF0E3, 0xF0E3, 0xF0E3, 0xF0E3, 0xF0E3, 
  0xF0E3, 0xF0E3, 0xF0E3, 0xF0E3, 0xF0C3, 0xF0C3, 0xF0A2, 0xF082, 
  0xF061, 0xF041, 0xF0A2, 0xF104, 0xF061, 0xF061, 0xF0C3, 0xF104, 
  0xF145, 0xF986, 0xF9A6, 0xF9C7, 0xF9E7, 0xF9E7, 0xFA08, 0xFA28, 
  0xFA28, 0xFA49, 0xFA69, 0xFAAA, 0xFAAA, 0xFA8A, 0xF9E7, 0xF0A2, 
  0xE841, 0xD041, 0x0000, 0x0000, 0x0000, 0x0000, 0x0000, 0x0000, 
  0x0000, 0x0000, 0x0000, 0x0000, 0x0000, 0x0000, 0x0000, 0x0000, 
  0x0000, 0x0000, 0x0000, 0x0000, 0x0000, 0x0000, 0x0000, 0x0000, 
  0x0000, 0x0000, 0x0000, 0x0000, 0x0000, 0x0000, 0x0000, 0x0000, 
  
  0x0000, 0x0000, 0x0000, 0x0000, 0x0000, 0x0000, 0x0000, 0x0000, 
  0x0000, 0x0000, 0x0000, 0x0000, 0x0000, 0x0000, 0x0000, 0x0000, 
  0x0000, 0x0000, 0x0000, 0x0000, 0x0000, 0x0000, 0x0000, 0x0000, 
  0x0000, 0x0000, 0x0000, 0xB820, 0xC820, 0xF041, 0xF145, 0xF9E7, 
  0xFA49, 0xFA69, 0xFA49, 0xFA08, 0xF9E7, 0xF9E7, 0xF9C7, 0xF9C7, 
  0xF9C7, 0xF9C7, 0xF9A6, 0xF986, 0xF965, 0xF145, 0xF104, 0xF0C3, 
  0xF061, 0xF0A2, 0xF124, 0xF041, 0xF041, 0xF041, 0xF061, 0xF082, 
  0xF0A2, 0xF0C3, 0xF0C3, 0xF0C3, 0xF0C3, 0xF0C3, 0xF0C3, 0xF0C3, 
  0xF0C3, 0xF0C3, 0xF0C3, 0xF0C3, 0xF0A2, 0xF0A2, 0xF082, 0xF061, 
  0xF041, 0xF041, 0xF0A2, 0xF104, 0xF061, 0xF061, 0xF0A2, 0xF0C3, 
  0xF104, 0xF145, 0xF986, 0xF9A6, 0xF9C7, 0xF9C7, 0xF9E7, 0xFA08, 
  0xFA08, 0xFA28, 0xFA49, 0xFA69, 0xFA8A, 0xFA8A, 0xFA28, 0xF124, 
  0xE861, 0xD020, 0x0000, 0x0000, 0x0000, 0x0000, 0x0000, 0x0000, 
  0x0000, 0x0000, 0x0000, 0x0000, 0x0000, 0x0000, 0x0000, 0x0000, 
  0x0000, 0x0000, 0x0000, 0x0000, 0x0000, 0x0000, 0x0000, 0x0000, 
  0x0000, 0x0000, 0x0000, 0x0000, 0x0000, 0x0000, 0x0000, 0x0000, 
  
  0x0000, 0x0000, 0x0000, 0x0000, 0x0000, 0x0000, 0x0000, 0x0000, 
  0x0000, 0x0000, 0x0000, 0x0000, 0x0000, 0x0000, 0x0000, 0x0000, 
  0x0000, 0x0000, 0x0000, 0x0000, 0x0000, 0x0000, 0x0000, 0x0000, 
  0x0000, 0x0000, 0x0000, 0xC820, 0xD041, 0xF082, 0xF165, 0xF9E7, 
  0xFA28, 0xFA28, 0xF9E7, 0xF9C7, 0xF9C7, 0xF9C7, 0xF9A6, 0xF9A6, 
  0xF9A6, 0xF986, 0xF986, 0xF965, 0xF145, 0xF104, 0xF0C3, 0xF0A2, 
  0xF041, 0xF0A2, 0xF124, 0xE841, 0xF041, 0xF041, 0xF041, 0xF061, 
  0xF082, 0xF082, 0xF0A2, 0xF0A2, 0xF0A2, 0xF0A2, 0xF0A2, 0xF0A2, 
  0xF0A2, 0xF0A2, 0xF0A2, 0xF082, 0xF082, 0xF082, 0xF061, 0xF041, 
  0xF041, 0xF041, 0xF0A2, 0xF0E3, 0xF041, 0xF041, 0xF082, 0xF0C3, 
  0xF0E3, 0xF124, 0xF965, 0xF986, 0xF986, 0xF9A6, 0xF9C7, 0xF9C7, 
  0xF9E7, 0xFA08, 0xFA08, 0xFA49, 0xFA69, 0xFA69, 0xFA49, 0xF186, 
  0xE882, 0xE020, 0x6020, 0x0000, 0x0000, 0x0000, 0x0000, 0x0000, 
  0x0000, 0x0000, 0x0000, 0x0000, 0x0000, 0x0000, 0x0000, 0x0000, 
  0x0000, 0x0000, 0x0000, 0x0000, 0x0000, 0x0000, 0x0000, 0x0000, 
  0x0000, 0x0000, 0x0000, 0x0000, 0x0000, 0x0000, 0x0000, 0x0000, 
  
  0x0000, 0x0000, 0x0000, 0x0000, 0x0000, 0x0000, 0x0000, 0x0000, 
  0x0000, 0x0000, 0x0000, 0x0000, 0x0000, 0x0000, 0x0000, 0x0000, 
  0x0000, 0x0000, 0x0000, 0x0000, 0x0000, 0x0000, 0x0000, 0x0000, 
  0x0000, 0x0000, 0x0000, 0xC820, 0xD841, 0xF0C3, 0xF186, 0xF9C7, 
  0xF9E7, 0xF9C7, 0xF9A6, 0xF986, 0xF986, 0xF986, 0xF986, 0xF986, 
  0xF986, 0xF986, 0xF965, 0xF145, 0xF104, 0xF0E3, 0xF0A2, 0xF082, 
  0xF041, 0xF082, 0xF104, 0xE841, 0xF041, 0xF041, 0xF041, 0xF061, 
  0xF061, 0xF082, 0xF082, 0xF082, 0xF082, 0xF082, 0xF082, 0xF082, 
  0xF082, 0xF082, 0xF082, 0xF082, 0xF061, 0xF061, 0xF041, 0xF041, 
  0xF041, 0xE841, 0xF0A2, 0xF0C3, 0xF041, 0xF041, 0xF061, 0xF082, 
  0xF0C3, 0xF104, 0xF124, 0xF965, 0xF965, 0xF986, 0xF9A6, 0xF9A6, 
  0xF9C7, 0xF9C7, 0xF9E7, 0xFA08, 0xFA28, 0xFA28, 0xFA28, 0xF9A6, 
  0xF082, 0xE841, 0xC820, 0x0000, 0x0000, 0x0000, 0x0000, 0x0000, 
  0x0000, 0x0000, 0x0000, 0x0000, 0x0000, 0x0000, 0x0000, 0x0000, 
  0x0000, 0x0000, 0x0000, 0x0000, 0x0000, 0x0000, 0x0000, 0x0000, 
  0x0000, 0x0000, 0x0000, 0x0000, 0x0000, 0x0000, 0x0000, 0x0000, 
  
  0x0000, 0x0000, 0x0000, 0x0000, 0x0000, 0x0000, 0x0000, 0x0000, 
  0x0000, 0x0000, 0x0000, 0x0000, 0x0000, 0x0000, 0x0000, 0x0000, 
  0x0000, 0x0000, 0x0000, 0x0000, 0x0000, 0x0000, 0x0000, 0x0000, 
  0x0000, 0x0000, 0x0000, 0xC020, 0xE041, 0xF0C3, 0xF165, 0xF986, 
  0xF986, 0xF986, 0xF965, 0xF965, 0xF965, 0xF965, 0xF965, 0xF965, 
  0xF165, 0xF145, 0xF124, 0xF104, 0xF0E3, 0xF0C3, 0xF082, 0xF061, 
  0xE841, 0xF061, 0xF104, 0xE841, 0xE841, 0xF041, 0xF041, 0xF041, 
  0xF041, 0xF041, 0xF061, 0xF061, 0xF061, 0xF041, 0xF041, 0xF061, 
  0xF061, 0xF061, 0xF041, 0xF041, 0xF041, 0xF041, 0xF041, 0xF041, 
  0xE841, 0xE841, 0xF082, 0xF0C3, 0xE841, 0xF041, 0xF041, 0xF082, 
  0xF0A2, 0xF0E3, 0xF104, 0xF124, 0xF145, 0xF965, 0xF986, 0xF986, 
  0xF9A6, 0xF9A6, 0xF9A6, 0xF9C7, 0xF9E7, 0xF9E7, 0xF9E7, 0xF9A6, 
  0xF0A2, 0xE841, 0xD020, 0x0000, 0x0000, 0x0000, 0x0000, 0x0000, 
  0x0000, 0x0000, 0x0000, 0x0000, 0x0000, 0x0000, 0x0000, 0x0000, 
  0x0000, 0x0000, 0x0000, 0x0000, 0x0000, 0x0000, 0x0000, 0x0000, 
  0x0000, 0x0000, 0x0000, 0x0000, 0x0000, 0x0000, 0x0000, 0x0000, 
  
  0x0000, 0x0000, 0x0000, 0x0000, 0x0000, 0x0000, 0x0000, 0x0000, 
  0x0000, 0x0000, 0x0000, 0x0000, 0x0000, 0x0000, 0x0000, 0x0000, 
  0x0000, 0x0000, 0x0000, 0x0000, 0x0000, 0x0000, 0x0000, 0x0000, 
  0x0000, 0x0000, 0x0000, 0xC820, 0xE041, 0xF0A2, 0xF124, 0xF124, 
  0xF124, 0xF124, 0xF124, 0xF124, 0xF124, 0xF145, 0xF145, 0xF124, 
  0xF124, 0xF104, 0xF104, 0xF0E3, 0xF0C3, 0xF082, 0xF061, 0xF041, 
  0xE841, 0xF041, 0xF104, 0xE841, 0xE841, 0xE841, 0xF041, 0xF041, 
  0xF041, 0xF041, 0xF041, 0xF041, 0xF041, 0xF041, 0xF041, 0xF041, 
  0xF041, 0xF041, 0xF041, 0xF041, 0xF041, 0xF041, 0xF041, 0xE841, 
  0xE841, 0xE841, 0xE882, 0xF0A2, 0xE841, 0xE841, 0xF041, 0xF061, 
  0xF082, 0xF0C3, 0xF0E3, 0xF104, 0xF124, 0xF145, 0xF965, 0xF986, 
  0xF986, 0xF986, 0xF986, 0xF986, 0xF9A6, 0xF9A6, 0xF9A6, 0xF986, 
  0xF0A2, 0xE841, 0xD041, 0x0000, 0x0000, 0x0000, 0x0000, 0x0000, 
  0x0000, 0x0000, 0x0000, 0x0000, 0x0000, 0x0000, 0x0000, 0x0000, 
  0x0000, 0x0000, 0x0000, 0x0000, 0x0000, 0x0000, 0x0000, 0x0000, 
  0x0000, 0x0000, 0x0000, 0x0000, 0x0000, 0x0000, 0x0000, 0x0000, 
  
  0x0000, 0x0000, 0x0000, 0x0000, 0x0000, 0x0000, 0x0000, 0x0000, 
  0x0000, 0x0000, 0x0000, 0x0000, 0x0000, 0x0000, 0x0000, 0x0000, 
  0x0000, 0x0000, 0x0000, 0x0000, 0x0000, 0x0000, 0x0000, 0x0000, 
  0x0000, 0x0000, 0x0000, 0xD020, 0xE041, 0xF0A2, 0xF0E3, 0xF0C3, 
  0xF0C3, 0xF0E3, 0xF0E3, 0xF0E3, 0xF104, 0xF104, 0xF104, 0xF104, 
  0xF104, 0xF0E3, 0xF0C3, 0xF0C3, 0xF082, 0xF061, 0xF041, 0xF041, 
  0xE841, 0xF041, 0xF0E3, 0xE041, 0xE841, 0xE841, 0xE841, 0xF041, 
  0xF041, 0xF041, 0xF041, 0xF041, 0xF041, 0xF041, 0xF041, 0xF041, 
  0xF041, 0xF041, 0xF041, 0xF041, 0xF041, 0xF041, 0xE841, 0xE841, 
  0xE841, 0xE041, 0xE882, 0xF0A2, 0xE841, 0xE841, 0xF041, 0xF041, 
  0xF061, 0xF0A2, 0xF0C3, 0xF0E3, 0xF104, 0xF124, 0xF124, 0xF145, 
  0xF965, 0xF145, 0xF145, 0xF965, 0xF965, 0xF965, 0xF965, 0xF965, 
  0xF0A2, 0xE841, 0xD841, 0x0000, 0x0000, 0x0000, 0x0000, 0x0000, 
  0x0000, 0x0000, 0x0000, 0x0000, 0x0000, 0x0000, 0x0000, 0x0000, 
  0x0000, 0x0000, 0x0000, 0x0000, 0x0000, 0x0000, 0x0000, 0x0000, 
  0x0000, 0x0000, 0x0000, 0x0000, 0x0000, 0x0000, 0x0000, 0x0000, 
  
  0x0000, 0x0000, 0x0000, 0x0000, 0x0000, 0x0000, 0x0000, 0x0000, 
  0x0000, 0x0000, 0x0000, 0x0000, 0x0000, 0x0000, 0x0000, 0x0000, 
  0x0000, 0x0000, 0x0000, 0x0000, 0x0000, 0x0000, 0x0000, 0x0000, 
  0x0000, 0x0000, 0x0000, 0xD020, 0xE841, 0xF082, 0xF0A2, 0xF082, 
  0xF082, 0xF0A2, 0xF0A2, 0xF0A2, 0xF0C3, 0xF0E3, 0xF0E3, 0xF0E3, 
  0xF0C3, 0xF0C3, 0xF0A2, 0xF082, 0xF061, 0xF041, 0xF041, 0xF041, 
  0xE041, 0xF041, 0xF0E3, 0xE041, 0xE041, 0xE841, 0xE841, 0xE841, 
  0xF041, 0xF041, 0xF041, 0xF041, 0xF041, 0xF041, 0xF041, 0xE841, 
  0xE841, 0xE841, 0xE841, 0xE841, 0xE841, 0xE841, 0xE841, 0xE841, 
  0xE041, 0xE041, 0xE882, 0xF0A2, 0xE841, 0xE841, 0xF041, 0xF041, 
  0xF041, 0xF082, 0xF0A2, 0xF0C3, 0xF0E3, 0xF0E3, 0xF104, 0xF124, 
  0xF124, 0xF124, 0xF124, 0xF124, 0xF145, 0xF145, 0xF145, 0xF145, 
  0xF0A2, 0xE841, 0xD841, 0x0000, 0x0000, 0x0000, 0x0000, 0x0000, 
  0x0000, 0x0000, 0x0000, 0x0000, 0x0000, 0x0000, 0x0000, 0x0000, 
  0x0000, 0x0000, 0x0000, 0x0000, 0x0000, 0x0000, 0x0000, 0x0000, 
  0x0000, 0x0000, 0x0000, 0x0000, 0x0000, 0x0000, 0x0000, 0x0000, 
  
  0x0000, 0x0000, 0x0000, 0x0000, 0x0000, 0x0000, 0x0000, 0x0000, 
  0x0000, 0x0000, 0x0000, 0x0000, 0x0000, 0x0000, 0x0000, 0x0000, 
  0x0000, 0x0000, 0x0000, 0x0000, 0x0000, 0x0000, 0x0000, 0x0000, 
  0x0000, 0x0000, 0x0000, 0xD841, 0xE841, 0xF082, 0xF082, 0xF061, 
  0xF061, 0xF061, 0xF061, 0xF082, 0xF0A2, 0xF0A2, 0xF0C3, 0xF0C3, 
  0xF0A2, 0xF082, 0xF082, 0xF061, 0xF041, 0xF041, 0xE841, 0xE841, 
  0xE041, 0xE841, 0xF0E3, 0xE041, 0xE041, 0xE041, 0xE841, 0xE841, 
  0xE841, 0xE841, 0xE841, 0xE841, 0xE841, 0xE841, 0xE841, 0xE841, 
  0xE841, 0xE841, 0xE841, 0xE841, 0xE841, 0xE841, 0xE841, 0xE041, 
  0xE041, 0xE041, 0xE882, 0xF0A2, 0xE041, 0xE041, 0xE841, 0xE841, 
  0xF041, 0xF041, 0xF061, 0xF082, 0xF0A2, 0xF0C3, 0xF0E3, 0xF104, 
  0xF104, 0xF0E3, 0xF0E3, 0xF104, 0xF104, 0xF104, 0xF104, 0xF124, 
  0xF0A2, 0xE841, 0xE041, 0x0000, 0x0000, 0x0000, 0x0000, 0x0000, 
  0x0000, 0x0000, 0x0000, 0x0000, 0x0000, 0x0000, 0x0000, 0x0000, 
  0x0000, 0x0000, 0x0000, 0x0000, 0x0000, 0x0000, 0x0000, 0x0000, 
  0x0000, 0x0000, 0x0000, 0x0000, 0x0000, 0x0000, 0x0000, 0x0000, 
  
  0x0000, 0x0000, 0x0000, 0x0000, 0x0000, 0x0000, 0x0000, 0x0000, 
  0x0000, 0x0000, 0x0000, 0x0000, 0x0000, 0x0000, 0x0000, 0x0000, 
  0x0000, 0x0000, 0x0000, 0x0000, 0x0000, 0x0000, 0x0000, 0x0000, 
  0x0000, 0xF2EB, 0xF9C7, 0xF124, 0xF145, 0xF9A6, 0xF0A2, 0xF041, 
  0xF041, 0xF041, 0xF041, 0xF041, 0xF061, 0xF082, 0xF082, 0xF082, 
  0xF082, 0xF061, 0xF041, 0xF041, 0xF041, 0xE841, 0xE841, 0xE841, 
  0xE041, 0xE841, 0xF0C3, 0xE041, 0xE041, 0xE041, 0xE041, 0xE841, 
  0xE841, 0xE841, 0xE841, 0xE841, 0xE841, 0xE841, 0xE841, 0xE841, 
  0xE841, 0xE841, 0xE841, 0xE841, 0xE841, 0xE841, 0xE041, 0xE041, 
  0xE041, 0xE041, 0xE882, 0xF082, 0xE041, 0xE041, 0xE841, 0xE841, 
  0xE841, 0xF041, 0xF041, 0xF061, 0xF082, 0xF0A2, 0xF0C3, 0xF0C3, 
  0xF0C3, 0xF0A2, 0xF0C3, 0xF0C3, 0xF0C3, 0xF0C3, 0xF0E3, 0xF186, 
  0xF9A6, 0xF145, 0xF186, 0xF9C7, 0xC841, 0x0000, 0x0000, 0x0000, 
  0x0000, 0x0000, 0x0000, 0x0000, 0x0000, 0x0000, 0x0000, 0x0000, 
  0x0000, 0x0000, 0x0000, 0x0000, 0x0000, 0x0000, 0x0000, 0x0000, 
  0x0000, 0x0000, 0x0000, 0x0000, 0x0000, 0x0000, 0x0000, 0x0000, 
  
  0x0000, 0x0000, 0x0000, 0x0000, 0x0000, 0x0000, 0x0000, 0x0000, 
  0x0000, 0x0000, 0x0000, 0x0000, 0x0000, 0x0000, 0x0000, 0x0000, 
  0x0000, 0x0000, 0x0000, 0x0000, 0x0000, 0x0000, 0x0000, 0x0000, 
  0xFBEF, 0xFB2C, 0xFAEB, 0xFAEB, 0xFB2C, 0xF9C7, 0xE061, 0xF041, 
  0xF041, 0xF041, 0xF041, 0xF041, 0xF041, 0xF041, 0xF061, 0xF061, 
  0xF061, 0xF041, 0xF041, 0xF041, 0xE841, 0xE841, 0xE841, 0xE841, 
  0xE041, 0xE841, 0xF0C3, 0xE041, 0xE041, 0xE041, 0xE041, 0xE041, 
  0xE041, 0xE041, 0xE041, 0xE041, 0xE041, 0xE841, 0xE041, 0xE041, 
  0xE041, 0xE041, 0xE041, 0xE041, 0xE041, 0xE041, 0xE041, 0xE041, 
  0xE041, 0xE041, 0xE882, 0xF082, 0xE041, 0xE041, 0xE841, 0xE841, 
  0xE841, 0xF041, 0xF041, 0xF041, 0xF061, 0xF082, 0xF0A2, 0xF0A2, 
  0xF082, 0xF082, 0xF082, 0xF0A2, 0xF0A2, 0xF0C3, 0xF0A2, 0xF104, 
  0xFAAA, 0xFB0C, 0xFAEB, 0xFB0C, 0xFB2C, 0xFA49, 0x0000, 0x0000, 
  0x0000, 0x0000, 0x0000, 0x0000, 0x0000, 0x0000, 0x0000, 0x0000, 
  0x0000, 0x0000, 0x0000, 0x0000, 0x0000, 0x0000, 0x0000, 0x0000, 
  0x0000, 0x0000, 0x0000, 0x0000, 0x0000, 0x0000, 0x0000, 0x0000, 
  
  0x0000, 0x0000, 0x0000, 0x0000, 0x0000, 0x0000, 0x0000, 0x0000, 
  0x0000, 0x0000, 0x0000, 0x0000, 0x0000, 0x0000, 0x0000, 0x0000, 
  0x0000, 0x0000, 0x0000, 0x0000, 0x0000, 0x0000, 0x0000, 0xFC51, 
  0xFBCF, 0xFBAE, 0xFB8E, 0xFBAE, 0xFAAA, 0xD082, 0xC820, 0xF041, 
  0xF041, 0xF041, 0xF041, 0xF041, 0xF041, 0xF041, 0xF041, 0xF041, 
  0xF041, 0xF041, 0xF041, 0xE841, 0xE841, 0xE841, 0xE841, 0xE841, 
  0xE041, 0xE841, 0xF0C3, 0xE041, 0xE041, 0xE041, 0xE041, 0xE041, 
  0xE041, 0xE041, 0xE041, 0xE041, 0xE041, 0xE041, 0xE041, 0xE041, 
  0xE041, 0xE041, 0xE041, 0xE041, 0xE041, 0xE041, 0xE041, 0xE041, 
  0xE041, 0xE041, 0xE861, 0xF082, 0xE041, 0xE041, 0xE841, 0xE841, 
  0xE841, 0xE841, 0xF041, 0xF041, 0xF041, 0xF061, 0xF082, 0xF082, 
  0xF061, 0xF061, 0xF061, 0xF082, 0xF082, 0xF082, 0xE861, 0xD041, 
  0xE965, 0xFB4D, 0xFB8E, 0xFB6D, 0xFBAE, 0xFBAE, 0x0000, 0x0000, 
  0x0000, 0x0000, 0x0000, 0x0000, 0x0000, 0x0000, 0x0000, 0x0000, 
  0x0000, 0x0000, 0x0000, 0x0000, 0x0000, 0x0000, 0x0000, 0x0000, 
  0x0000, 0x0000, 0x0000, 0x0000, 0x0000, 0x0000, 0x0000, 0x0000, 
  
  0x0000, 0x0000, 0x0000, 0x0000, 0x0000, 0x0000, 0x0000, 0x0000, 
  0x0000, 0x0000, 0x0000, 0x0000, 0x0000, 0x0000, 0x0000, 0x0000, 
  0x0000, 0x0000, 0x0000, 0x0000, 0x0000, 0x0000, 0xFC92, 0xFC10, 
  0xFBCF, 0xFBAE, 0xFBAE, 0xFAEB, 0xE0C3, 0xB020, 0xB820, 0xE841, 
  0xF041, 0xF041, 0xE841, 0xE841, 0xE841, 0xF041, 0xF041, 0xF041, 
  0xF041, 0xF041, 0xE841, 0xE841, 0xE841, 0xE841, 0xE841, 0xE041, 
  0xD841, 0xE841, 0xF0A2, 0xE041, 0xE041, 0xE041, 0xE041, 0xE041, 
  0xE041, 0xE041, 0xE041, 0xE041, 0xE041, 0xE041, 0xE041, 0xE041, 
  0xE041, 0xE041, 0xE041, 0xE041, 0xE041, 0xE041, 0xE041, 0xE041, 
  0xE041, 0xD841, 0xE861, 0xF082, 0xE041, 0xE041, 0xE041, 0xE041, 
  0xE841, 0xE841, 0xE841, 0xF041, 0xF041, 0xF041, 0xF061, 0xF041, 
  0xF041, 0xF041, 0xF041, 0xF041, 0xF061, 0xF061, 0xE041, 0xC020, 
  0xC841, 0xF1A6, 0xFB6D, 0xFB8E, 0xFBAE, 0xFBEF, 0xFBAE, 0x0000, 
  0x0000, 0x0000, 0x0000, 0x0000, 0x0000, 0x0000, 0x0000, 0x0000, 
  0x0000, 0x0000, 0x0000, 0x0000, 0x0000, 0x0000, 0x0000, 0x0000, 
  0x0000, 0x0000, 0x0000, 0x0000, 0x0000, 0x0000, 0x0000, 0x0000, 
  
  0x0000, 0x0000, 0x0000, 0x0000, 0x0000, 0x0000, 0x0000, 0x0000, 
  0x0000, 0x0000, 0x0000, 0x0000, 0x0000, 0x0000, 0x0000, 0x0000, 
  0x0000, 0x0000, 0x0000, 0x0000, 0x0000, 0x0000, 0xFBCF, 0xFBCF, 
  0xFBCF, 0xFBAE, 0xFB4D, 0xE924, 0xC020, 0xB020, 0xB820, 0xD841, 
  0xE841, 0xE841, 0xE841, 0xE841, 0xE841, 0xE841, 0xF041, 0xF041, 
  0xF041, 0xE841, 0xE841, 0xE841, 0xE841, 0xE841, 0xE041, 0xE041, 
  0xD841, 0xE841, 0xF0A2, 0xE041, 0xE041, 0xE041, 0xE041, 0xD841, 
  0xE041, 0xE041, 0xE041, 0xE041, 0xD841, 0xD841, 0xD841, 0xD841, 
  0xD841, 0xE041, 0xE041, 0xE041, 0xD841, 0xD841, 0xD841, 0xE041, 
  0xE041, 0xD841, 0xE861, 0xF061, 0xE041, 0xE041, 0xE041, 0xE041, 
  0xE841, 0xE841, 0xE841, 0xE841, 0xF041, 0xF041, 0xF041, 0xF041, 
  0xF041, 0xF041, 0xF041, 0xF041, 0xF041, 0xF041, 0xD820, 0xC020, 
  0xB820, 0xD041, 0xF228, 0xFBAE, 0xFBAE, 0xFBCF, 0xFBCF, 0xFB8E, 
  0x0000, 0x0000, 0x0000, 0x0000, 0x0000, 0x0000, 0x0000, 0x0000, 
  0x0000, 0x0000, 0x0000, 0x0000, 0x0000, 0x0000, 0x0000, 0x0000, 
  0x0000, 0x0000, 0x0000, 0x0000, 0x0000, 0x0000, 0x0000, 0x0000, 
  
  0x0000, 0x0000, 0x0000, 0x0000, 0x0000, 0x0000, 0x0000, 0x0000, 
  0x0000, 0x0000, 0x0000, 0x0000, 0x0000, 0x0000, 0x0000, 0x0000, 
  0x0000, 0x0000, 0x0000, 0x0000, 0x0000, 0x0000, 0xFB0C, 0xFAEB, 
  0xFACB, 0xFA8A, 0xE904, 0xC041, 0xB020, 0xB020, 0xB020, 0xD041, 
  0xE841, 0xE841, 0xE841, 0xE841, 0xE841, 0xE841, 0xE841, 0xE841, 
  0xE841, 0xE841, 0xE841, 0xE841, 0xE841, 0xE041, 0xE041, 0xE041, 
  0xE041, 0xE041, 0xF082, 0xE041, 0xD841, 0xE041, 0xD841, 0xD841, 
  0xD841, 0xD841, 0xD841, 0xD841, 0xD841, 0xD841, 0xD841, 0xD841, 
  0xD841, 0xD841, 0xD841, 0xD841, 0xD841, 0xD841, 0xD841, 0xD841, 
  0xE041, 0xD841, 0xE861, 0xF061, 0xE041, 0xE041, 0xE041, 0xE041, 
  0xE041, 0xE841, 0xE841, 0xE841, 0xE841, 0xF041, 0xF041, 0xF041, 
  0xE841, 0xE841, 0xE841, 0xF041, 0xF041, 0xE841, 0xC820, 0xB820, 
  0xB820, 0xB820, 0xD041, 0xF1C7, 0xFACB, 0xFAEB, 0xFAEB, 0xFB0C, 
  0x0000, 0x0000, 0x0000, 0x0000, 0x0000, 0x0000, 0x0000, 0x0000, 
  0x0000, 0x0000, 0x0000, 0x0000, 0x0000, 0x0000, 0x0000, 0x0000, 
  0x0000, 0x0000, 0x0000, 0x0000, 0x0000, 0x0000, 0x0000, 0x0000, 
  
  0x0000, 0x0000, 0x0000, 0x0000, 0x0000, 0x0000, 0x0000, 0x0000, 
  0x0000, 0x0000, 0x0000, 0x0000, 0x0000, 0x0000, 0x0000, 0x0000, 
  0x0000, 0x0000, 0x0000, 0x0000, 0x0000, 0x0000, 0xF082, 0xF082, 
  0xF082, 0xE861, 0xC820, 0xB820, 0xB820, 0xB020, 0xB020, 0xD020, 
  0xE041, 0xE841, 0xE841, 0xE041, 0xE841, 0xE841, 0xE841, 0xE841, 
  0xE841, 0xE841, 0xE841, 0xE841, 0xE041, 0xE041, 0xE041, 0xE041, 
  0xE041, 0xE041, 0xF082, 0xD841, 0xD841, 0xD841, 0xD841, 0xD841, 
  0xD841, 0xD841, 0xD841, 0xD841, 0xD841, 0xD841, 0xD841, 0xD841, 
  0xD841, 0xD841, 0xD841, 0xD841, 0xD841, 0xD841, 0xD841, 0xD841, 
  0xD841, 0xD841, 0xE861, 0xF061, 0xE041, 0xE041, 0xE041, 0xE041, 
  0xE041, 0xE041, 0xE841, 0xE841, 0xE841, 0xE841, 0xE841, 0xE841, 
  0xE841, 0xE841, 0xE841, 0xE841, 0xE841, 0xE041, 0xC020, 0xB020, 
  0xB820, 0xB820, 0xB820, 0xD841, 0xF061, 0xF082, 0xF082, 0xF041, 
  0x0000, 0x0000, 0x0000, 0x0000, 0x0000, 0x0000, 0x0000, 0x0000, 
  0x0000, 0x0000, 0x0000, 0x0000, 0x0000, 0x0000, 0x0000, 0x0000, 
  0x0000, 0x0000, 0x0000, 0x0000, 0x0000, 0x0000, 0x0000, 0x0000, 
  
  0x0000, 0x0000, 0x0000, 0x0000, 0x0000, 0x0000, 0x0000, 0x0000, 
  0x0000, 0x0000, 0x0000, 0x0000, 0x0000, 0x0000, 0x0000, 0x0000, 
  0x0000, 0x0000, 0x0000, 0x0000, 0x0000, 0xC841, 0xE041, 0xE841, 
  0xE841, 0xE841, 0xD020, 0xB820, 0xB820, 0xB020, 0xA820, 0xC820, 
  0xE041, 0xE041, 0xE041, 0xE041, 0xE041, 0xE041, 0xE041, 0xE841, 
  0xE841, 0xE841, 0xE841, 0xE041, 0xE041, 0xE041, 0xE041, 0xE041, 
  0xE041, 0xE041, 0xF061, 0xD841, 0xD841, 0xD841, 0xD841, 0xD841, 
  0xD841, 0xD841, 0xD841, 0xD841, 0xD841, 0xD041, 0xD041, 0xD841, 
  0xD841, 0xD841, 0xD841, 0xD841, 0xD041, 0xD841, 0xD841, 0xD841, 
  0xD841, 0xD841, 0xE841, 0xE861, 0xE041, 0xE041, 0xE041, 0xE041, 
  0xE041, 0xE041, 0xE041, 0xE841, 0xE841, 0xE841, 0xE841, 0xE841, 
  0xE841, 0xE041, 0xE041, 0xE841, 0xE841, 0xD841, 0xC020, 0xB020, 
  0xB820, 0xB820, 0xC020, 0xD841, 0xE841, 0xE841, 0xE841, 0xE082, 
  0x0000, 0x0000, 0x0000, 0x0000, 0x0000, 0x0000, 0x0000, 0x0000, 
  0x0000, 0x0000, 0x0000, 0x0000, 0x0000, 0x0000, 0x0000, 0x0000, 
  0x0000, 0x0000, 0x0000, 0x0000, 0x0000, 0x0000, 0x0000, 0x0000, 
  
  0x0000, 0x0000, 0x0000, 0x0000, 0x0000, 0x0000, 0x0000, 0x0000, 
  0x0000, 0x0000, 0x0000, 0x0000, 0x0000, 0x0000, 0x0000, 0x0000, 
  0x0000, 0x0000, 0x0000, 0x0000, 0x0000, 0xB020, 0xF041, 0xF041, 
  0xF041, 0xE841, 0xD020, 0xB820, 0xB820, 0xB020, 0xA820, 0xC820, 
  0xD841, 0xE041, 0xE041, 0xE041, 0xE041, 0xE041, 0xE041, 0xE841, 
  0xE841, 0xE841, 0xE041, 0xE041, 0xE041, 0xE041, 0xE041, 0xE041, 
  0xD841, 0xE041, 0xF041, 0xD841, 0xD841, 0xD841, 0xD841, 0xD041, 
  0xD041, 0xD041, 0xD041, 0xD041, 0xD041, 0xD041, 0xD041, 0xD041, 
  0xD041, 0xD041, 0xD041, 0xD041, 0xD041, 0xD041, 0xD041, 0xD841, 
  0xD841, 0xD841, 0xE041, 0xE841, 0xE041, 0xD841, 0xE041, 0xE041, 
  0xE041, 0xE041, 0xE041, 0xE041, 0xE841, 0xE841, 0xE841, 0xE041, 
  0xE041, 0xE041, 0xE041, 0xE041, 0xE041, 0xD820, 0xB820, 0xB020, 
  0xB020, 0xB820, 0xC020, 0xE041, 0xF041, 0xF041, 0xF041, 0xE841, 
  0xC841, 0x0000, 0x0000, 0x0000, 0x0000, 0x0000, 0x0000, 0x0000, 
  0x0000, 0x0000, 0x0000, 0x0000, 0x0000, 0x0000, 0x0000, 0x0000, 
  0x0000, 0x0000, 0x0000, 0x0000, 0x0000, 0x0000, 0x0000, 0x0000, 
  
  0x0000, 0x0000, 0x0000, 0x0000, 0x0000, 0x0000, 0x0000, 0x0000, 
  0x0000, 0x0000, 0x0000, 0x0000, 0x0000, 0x0000, 0x0000, 0x0000, 
  0x0000, 0x0000, 0x0000, 0x0000, 0x0000, 0xD041, 0xF041, 0xF041, 
  0xF041, 0xE841, 0xD020, 0xB820, 0xB020, 0xB020, 0xA820, 0xC020, 
  0xD841, 0xE041, 0xE041, 0xE041, 0xE041, 0xE041, 0xE041, 0xE041, 
  0xE041, 0xE041, 0xE041, 0xE041, 0xE041, 0xE041, 0xE041, 0xE041, 
  0xD841, 0xE041, 0xF041, 0xD041, 0xD041, 0xD041, 0xD041, 0xD041, 
  0xD041, 0xD041, 0xD041, 0xD041, 0xD041, 0xD041, 0xD041, 0xD041, 
  0xD041, 0xD041, 0xD041, 0xD041, 0xD041, 0xD041, 0xD041, 0xD041, 
  0xD041, 0xD041, 0xE041, 0xE841, 0xD841, 0xD841, 0xE041, 0xE041, 
  0xE041, 0xE041, 0xE041, 0xE041, 0xE041, 0xE041, 0xE041, 0xE041, 
  0xE041, 0xE041, 0xE041, 0xE041, 0xE041, 0xD020, 0xB820, 0xB020, 
  0xB020, 0xB020, 0xC020, 0xD841, 0xE841, 0xF041, 0xF041, 0xE841, 
  0xA061, 0x0000, 0x0000, 0x0000, 0x0000, 0x0000, 0x0000, 0x0000, 
  0x0000, 0x0000, 0x0000, 0x0000, 0x0000, 0x0000, 0x0000, 0x0000, 
  0x0000, 0x0000, 0x0000, 0x0000, 0x0000, 0x0000, 0x0000, 0x0000, 
  
  0x0000, 0x0000, 0x0000, 0x0000, 0x0000, 0x0000, 0x0000, 0x0000, 
  0x0000, 0x0000, 0x0000, 0x0000, 0x0000, 0x0000, 0x0000, 0x0000, 
  0x0000, 0x0000, 0x0000, 0x0000, 0x0000, 0xD841, 0xE841, 0xE841, 
  0xE841, 0xE041, 0xD020, 0xB820, 0xB020, 0xB020, 0xA820, 0xC020, 
  0xD841, 0xE041, 0xE041, 0xE041, 0xE041, 0xE041, 0xE041, 0xE041, 
  0xE041, 0xE041, 0xE041, 0xE041, 0xE041, 0xE041, 0xD841, 0xD841, 
  0xD841, 0xD841, 0xE841, 0xD041, 0xD041, 0xD041, 0xD041, 0xD041, 
  0xC841, 0xC841, 0xC841, 0xC841, 0xC820, 0xC820, 0xC820, 0xC841, 
  0xC841, 0xC841, 0xC841, 0xC841, 0xC841, 0xD041, 0xD041, 0xD041, 
  0xD041, 0xD041, 0xE041, 0xE841, 0xD841, 0xD841, 0xD841, 0xE041, 
  0xE041, 0xE041, 0xE041, 0xE041, 0xE041, 0xE041, 0xE041, 0xE041, 
  0xE041, 0xE041, 0xE041, 0xE041, 0xE041, 0xD020, 0xB020, 0xA820, 
  0xB020, 0xB020, 0xC020, 0xD841, 0xE841, 0xE841, 0xE841, 0xE841, 
  0xA861, 0x0000, 0x0000, 0x0000, 0x0000, 0x0000, 0x0000, 0x0000, 
  0x0000, 0x0000, 0x0000, 0x0000, 0x0000, 0x0000, 0x0000, 0x0000, 
  0x0000, 0x0000, 0x0000, 0x0000, 0x0000, 0x0000, 0x0000, 0x0000, 
  
  0x0000, 0x0000, 0x0000, 0x0000, 0x0000, 0x0000, 0x0000, 0x0000, 
  0x0000, 0x0000, 0x0000, 0x0000, 0x0000, 0x0000, 0x0000, 0x0000, 
  0x0000, 0x0000, 0x0000, 0x0000, 0x0000, 0xE041, 0xE841, 0xE841, 
  0xE841, 0xE841, 0xD041, 0xB820, 0xB020, 0xB020, 0xA820, 0xB820, 
  0xD841, 0xE041, 0xD841, 0xD841, 0xE041, 0xE041, 0xE041, 0xE041, 
  0xE041, 0xD841, 0xD841, 0xD841, 0xD841, 0xD841, 0xD041, 0xD041, 
  0xD041, 0xD041, 0xE041, 0xC841, 0xC841, 0xC841, 0xC841, 0xC820, 
  0xC820, 0xC820, 0xC820, 0xC820, 0xC820, 0xC020, 0xC020, 0xC820, 
  0xC820, 0xC820, 0xC820, 0xC820, 0xC820, 0xC820, 0xC841, 0xC841, 
  0xC841, 0xC841, 0xD841, 0xD841, 0xD041, 0xD041, 0xD041, 0xD841, 
  0xD841, 0xD841, 0xD841, 0xD841, 0xD841, 0xE041, 0xE041, 0xE041, 
  0xE041, 0xE041, 0xD841, 0xD841, 0xD841, 0xD020, 0xB020, 0xA820, 
  0xB020, 0xB020, 0xC820, 0xE041, 0xE841, 0xE841, 0xE841, 0xE041, 
  0xE882, 0x0000, 0x0000, 0x0000, 0x0000, 0x0000, 0x0000, 0x0000, 
  0x0000, 0x0000, 0x0000, 0x0000, 0x0000, 0x0000, 0x0000, 0x0000, 
  0x0000, 0x0000, 0x0000, 0x0000, 0x0000, 0x0000, 0x0000, 0x0000, 
  
  0x0000, 0x0000, 0x0000, 0x0000, 0x0000, 0x0000, 0x0000, 0x0000, 
  0x0000, 0x0000, 0x0000, 0x0000, 0x0000, 0x0000, 0x0000, 0x0000, 
  0x0000, 0x0000, 0x0000, 0x0000, 0x0000, 0xE041, 0xE841, 0xE841, 
  0xF041, 0xE841, 0xD841, 0xC020, 0xB020, 0xA820, 0xA020, 0xB020, 
  0xC820, 0xD020, 0xD020, 0xD020, 0xD041, 0xD041, 0xD041, 0xD041, 
  0xD041, 0xD041, 0xD041, 0xD041, 0xD041, 0xD041, 0xD041, 0xD041, 
  0xD041, 0xD041, 0xE041, 0xC820, 0xC020, 0xC020, 0xC020, 0xC020, 
  0xC020, 0xC020, 0xC020, 0xC020, 0xC020, 0xC020, 0xC020, 0xC020, 
  0xC020, 0xC020, 0xC020, 0xC020, 0xC020, 0xC020, 0xC020, 0xC020, 
  0xC020, 0xC820, 0xD041, 0xD841, 0xD041, 0xD041, 0xD041, 0xD041, 
  0xD041, 0xD041, 0xD041, 0xD041, 0xD041, 0xD041, 0xD041, 0xD041, 
  0xD041, 0xD041, 0xD020, 0xD020, 0xD020, 0xC020, 0xA820, 0xA020, 
  0xB020, 0xB020, 0xC820, 0xE041, 0xF041, 0xF041, 0xE841, 0xE041, 
  0xD041, 0x0000, 0x0000, 0x0000, 0x0000, 0x0000, 0x0000, 0x0000, 
  0x0000, 0x0000, 0x0000, 0x0000, 0x0000, 0x0000, 0x0000, 0x0000, 
  0x0000, 0x0000, 0x0000, 0x0000, 0x0000, 0x0000, 0x0000, 0x0000, 
  
  0x0000, 0x0000, 0x0000, 0x0000, 0x0000, 0x0000, 0x0000, 0x0000, 
  0x0000, 0x0000, 0x0000, 0x0000, 0x0000, 0x0000, 0x0000, 0x0000, 
  0x0000, 0x0000, 0x0000, 0x0000, 0x0000, 0xD020, 0xE041, 0xE841, 
  0xE841, 0xE841, 0xD841, 0xC020, 0xB820, 0xC020, 0xC820, 0xE041, 
  0xE861, 0xF0A2, 0xF0A2, 0xF0C3, 0xF0E3, 0xF0E3, 0xF0E3, 0xF104, 
  0xF104, 0xF104, 0xF104, 0xF104, 0xF104, 0xF104, 0xF124, 0xF124, 
  0xF124, 0xF0E3, 0xD041, 0xA820, 0xB820, 0xB820, 0xB820, 0xB820, 
  0xB820, 0xB820, 0xB820, 0xB820, 0xB820, 0xB820, 0xB820, 0xB820, 
  0xB820, 0xB820, 0xB820, 0xB820, 0xB820, 0xB820, 0xB820, 0xB820, 
  0xB820, 0xB020, 0xB020, 0xE061, 0xF124, 0xF124, 0xF124, 0xF124, 
  0xF104, 0xF104, 0xF104, 0xF104, 0xF104, 0xF104, 0xF104, 0xF0E3, 
  0xF0E3, 0xF0C3, 0xF0C3, 0xF0A2, 0xF082, 0xE861, 0xD841, 0xC820, 
  0xB820, 0xB020, 0xC820, 0xE041, 0xE841, 0xE841, 0xE041, 0xD841, 
  0xB020, 0xC841, 0x0000, 0x0000, 0x0000, 0x0000, 0x0000, 0x0000, 
  0x0000, 0x0000, 0x0000, 0x0000, 0x0000, 0x0000, 0x0000, 0x0000, 
  0x0000, 0x0000, 0x0000, 0x0000, 0x0000, 0x0000, 0x0000, 0x0000, 
  
  0x0000, 0x0000, 0x0000, 0x0000, 0x0000, 0x0000, 0x0000, 0x0000, 
  0x0000, 0x0000, 0x0000, 0x0000, 0x0000, 0x0000, 0x0000, 0x0000, 
  0x0000, 0x0000, 0x0000, 0xA820, 0xB820, 0xC820, 0xD841, 0xF061, 
  0xF0C3, 0xF124, 0xF124, 0xF104, 0xF104, 0xF165, 0xF1A6, 0xF1C7, 
  0xF1C7, 0xF1C7, 0xF9E7, 0xFA08, 0xFA08, 0xFA08, 0xF9E7, 0xF9E7, 
  0xF9C7, 0xF9C7, 0xF9C7, 0xF9A6, 0xF9A6, 0xF9A6, 0xF986, 0xF986, 
  0xF124, 0xE841, 0xD841, 0xE841, 0xF061, 0xF061, 0xF061, 0xF061, 
  0xF061, 0xF061, 0xF061, 0xF061, 0xF061, 0xF061, 0xF061, 0xF061, 
  0xF061, 0xF061, 0xF061, 0xF061, 0xF061, 0xF061, 0xF061, 0xF061, 
  0xF061, 0xE841, 0xE041, 0xE041, 0xF0A2, 0xF165, 0xF986, 0xF9A6, 
  0xF9A6, 0xF9A6, 0xF9C7, 0xF9C7, 0xF9C7, 0xF9E7, 0xF9E7, 0xFA08, 
  0xFA08, 0xFA28, 0xFA08, 0xF1C7, 0xF1C7, 0xF1C7, 0xF1C7, 0xF186, 
  0xF145, 0xF0E3, 0xF104, 0xF145, 0xF104, 0xF0A2, 0xE841, 0xD841, 
  0xC020, 0xA820, 0x0000, 0x0000, 0x0000, 0x0000, 0x0000, 0x0000, 
  0x0000, 0x0000, 0x0000, 0x0000, 0x0000, 0x0000, 0x0000, 0x0000, 
  0x0000, 0x0000, 0x0000, 0x0000, 0x0000, 0x0000, 0x0000, 0x0000, 
  
  0x0000, 0x0000, 0x0000, 0x0000, 0x0000, 0x0000, 0x0000, 0x0000, 
  0x0000, 0x0000, 0x0000, 0x0000, 0x0000, 0x0000, 0x0000, 0x0000, 
  0x0000, 0x0000, 0xB820, 0xC020, 0xD841, 0xF061, 0xF165, 0xFA69, 
  0xFAEB, 0xFAEB, 0xFACB, 0xFA69, 0xF9A6, 0xF124, 0xF124, 0xF124, 
  0xF124, 0xF124, 0xF124, 0xF145, 0xF986, 0xF9A6, 0xF9A6, 0xF9A6, 
  0xF9A6, 0xF9A6, 0xF986, 0xF986, 0xF986, 0xF986, 0xF986, 0xF124, 
  0xE041, 0xE841, 0xF0E3, 0xF145, 0xF124, 0xF124, 0xF124, 0xF104, 
  0xF104, 0xF104, 0xF104, 0xF104, 0xF104, 0xF104, 0xF104, 0xF104, 
  0xF104, 0xF104, 0xF104, 0xF104, 0xF104, 0xF104, 0xF124, 0xF124, 
  0xF124, 0xF145, 0xF124, 0xF0A2, 0xE041, 0xF0A2, 0xF165, 0xF965, 
  0xF986, 0xF986, 0xF986, 0xF986, 0xF9A6, 0xF9A6, 0xF9A6, 0xF9A6, 
  0xF9A6, 0xF986, 0xF145, 0xF124, 0xF124, 0xF124, 0xF124, 0xF124, 
  0xF145, 0xF9E7, 0xFAAA, 0xFAEB, 0xFAEB, 0xFAAA, 0xFA08, 0xF104, 
  0xE041, 0xC841, 0xB820, 0xB820, 0x0000, 0x0000, 0x0000, 0x0000, 
  0x0000, 0x0000, 0x0000, 0x0000, 0x0000, 0x0000, 0x0000, 0x0000, 
  0x0000, 0x0000, 0x0000, 0x0000, 0x0000, 0x0000, 0x0000, 0x0000, 
  
  0x0000, 0x0000, 0x0000, 0x0000, 0x0000, 0x0000, 0x0000, 0x0000, 
  0x0000, 0x0000, 0x0000, 0x0000, 0x0000, 0x0000, 0x0000, 0x0000, 
  0x0000, 0xD820, 0xD841, 0xF0A2, 0xF9A6, 0xFA69, 0xFAEB, 0xFB2C, 
  0xFB2C, 0xFAEB, 0xFAAA, 0xFA69, 0xF9E7, 0xF145, 0xF0E3, 0xF104, 
  0xF124, 0xF145, 0xF965, 0xF965, 0xF986, 0xF9C7, 0xF9C7, 0xFA08, 
  0xFA28, 0xFA49, 0xFA49, 0xFA49, 0xFA49, 0xFA49, 0xFA08, 0xE8C3, 
  0xE041, 0xF0E3, 0xF104, 0xF104, 0xF0C3, 0xF0C3, 0xF0C3, 0xF0A2, 
  0xF0A2, 0xF0A2, 0xF0A2, 0xF0A2, 0xF0A2, 0xF082, 0xF082, 0xF082, 
  0xF082, 0xF0A2, 0xF0A2, 0xF0A2, 0xF0A2, 0xF0A2, 0xF0A2, 0xF0C3, 
  0xF0C3, 0xF0E3, 0xF104, 0xF104, 0xE8A2, 0xE041, 0xF165, 0xFA28, 
  0xFA49, 0xFA49, 0xFA49, 0xFA49, 0xFA28, 0xFA08, 0xF9E7, 0xF9C7, 
  0xF9A6, 0xF986, 0xF965, 0xF165, 0xF145, 0xF124, 0xF0E3, 0xF104, 
  0xF186, 0xFA28, 0xFA8A, 0xFACB, 0xFB0C, 0xFB2C, 0xFB2C, 0xFACB, 
  0xFA28, 0xF124, 0xE882, 0xD841, 0xD020, 0x0000, 0x0000, 0x0000, 
  0x0000, 0x0000, 0x0000, 0x0000, 0x0000, 0x0000, 0x0000, 0x0000, 
  0x0000, 0x0000, 0x0000, 0x0000, 0x0000, 0x0000, 0x0000, 0x0000, 
  
  0x0000, 0x0000, 0x0000, 0x0000, 0x0000, 0x0000, 0x0000, 0x0000, 
  0x0000, 0x0000, 0x0000, 0x0000, 0x0000, 0x0000, 0x0000, 0xA820, 
  0xD820, 0xE882, 0xF145, 0xFA28, 0xFAAA, 0xFACB, 0xFACB, 0xFA8A, 
  0xFA49, 0xFA28, 0xFA08, 0xF9C7, 0xF186, 0xF124, 0xF104, 0xF104, 
  0xF145, 0xF186, 0xF9C7, 0xF9E7, 0xFA08, 0xFA28, 0xFA49, 0xFA49, 
  0xFA49, 0xFA49, 0xFA49, 0xFA49, 0xFA49, 0xFA28, 0xF165, 0xF082, 
  0xF145, 0xF9A6, 0xF986, 0xF186, 0xF165, 0xF124, 0xF0E3, 0xF0C3, 
  0xF0C3, 0xF0C3, 0xF0C3, 0xF0A2, 0xF0A2, 0xF0A2, 0xF082, 0xF0A2, 
  0xF0A2, 0xF0A2, 0xF0C3, 0xF0C3, 0xF0C3, 0xF0C3, 0xF0E3, 0xF104, 
  0xF145, 0xF165, 0xF186, 0xF986, 0xF9A6, 0xF0C3, 0xF0A2, 0xF9E7, 
  0xFA49, 0xFA49, 0xFA69, 0xFA49, 0xFA49, 0xFA49, 0xFA49, 0xFA28, 
  0xFA28, 0xFA08, 0xF9E7, 0xF1A6, 0xF165, 0xF124, 0xF0E3, 0xF104, 
  0xF145, 0xF1A6, 0xF9E7, 0xFA08, 0xFA28, 0xFA69, 0xFAAA, 0xFACB, 
  0xFACB, 0xFA8A, 0xF9E7, 0xF0E3, 0xE061, 0xD820, 0x0000, 0x0000, 
  0x0000, 0x0000, 0x0000, 0x0000, 0x0000, 0x0000, 0x0000, 0x0000, 
  0x0000, 0x0000, 0x0000, 0x0000, 0x0000, 0x0000, 0x0000, 0x0000, 
  
  0x0000, 0x0000, 0x0000, 0x0000, 0x0000, 0x0000, 0x0000, 0x0000, 
  0x0000, 0x0000, 0x0000, 0x0000, 0x0000, 0x0000, 0x0000, 0xC820, 
  0xE861, 0xF124, 0xF9C7, 0xF9A6, 0xF165, 0xF124, 0xE8C3, 0xE082, 
  0xE061, 0xD841, 0xD841, 0xD841, 0xD841, 0xD841, 0xD841, 0xD861, 
  0xE061, 0xE061, 0xE082, 0xE082, 0xE082, 0xE082, 0xE082, 0xE082, 
  0xE082, 0xE082, 0xE082, 0xE082, 0xE0A2, 0xE0A2, 0xE061, 0xE061, 
  0xE0A2, 0xE0A2, 0xE0A2, 0xE082, 0xE082, 0xE082, 0xE061, 0xE061, 
  0xE061, 0xE061, 0xE061, 0xE061, 0xE041, 0xE061, 0xE041, 0xE041, 
  0xE061, 0xE061, 0xE061, 0xE061, 0xE061, 0xE061, 0xE061, 0xE061, 
  0xE082, 0xE082, 0xE0A2, 0xE0A2, 0xE0A2, 0xE082, 0xE061, 0xE082, 
  0xE0A2, 0xE0A2, 0xE0A2, 0xE082, 0xE082, 0xE082, 0xE082, 0xE0A2, 
  0xE082, 0xE082, 0xE061, 0xE061, 0xE061, 0xD841, 0xD841, 0xD041, 
  0xD041, 0xD041, 0xD041, 0xD841, 0xD841, 0xD861, 0xE082, 0xE8E3, 
  0xE924, 0xF165, 0xF1A6, 0xF9A6, 0xF0A2, 0xE041, 0xC820, 0x0000, 
  0x0000, 0x0000, 0x0000, 0x0000, 0x0000, 0x0000, 0x0000, 0x0000, 
  0x0000, 0x0000, 0x0000, 0x0000, 0x0000, 0x0000, 0x0000, 0x0000, 
  
  0x0000, 0x0000, 0x0000, 0x0000, 0x0000, 0x0000, 0x0000, 0x0000, 
  0x0000, 0x0000, 0x0000, 0x0000, 0x0000, 0x0000, 0x0000, 0xD841, 
  0xF082, 0xF0C3, 0xF0A2, 0xE061, 0xD020, 0xC020, 0xB820, 0xB820, 
  0xB820, 0xB020, 0xB020, 0xA820, 0xA820, 0xA820, 0xA820, 0xA820, 
  0xA820, 0xA820, 0xB020, 0xB020, 0xB020, 0xB020, 0xB020, 0xB020, 
  0xB020, 0xB020, 0xB020, 0xB020, 0xB020, 0xB020, 0xB020, 0xB020, 
  0xB020, 0xB020, 0xB020, 0xB020, 0xB020, 0xB820, 0xB820, 0xB820, 
  0xB820, 0xB820, 0xB820, 0xB820, 0xB820, 0xB820, 0xB820, 0xB820, 
  0xB820, 0xB820, 0xB820, 0xB820, 0xB020, 0xB020, 0xB020, 0xB020, 
  0xB020, 0xB020, 0xB020, 0xB020, 0xB020, 0xB020, 0xB020, 0xB020, 
  0xB020, 0xB020, 0xB020, 0xB020, 0xB020, 0xB020, 0xB020, 0xB020, 
  0xB020, 0xB020, 0xB020, 0xB020, 0xB020, 0xB020, 0xA820, 0xA820, 
  0xA820, 0xA820, 0xB020, 0xB020, 0xB020, 0xB020, 0xB020, 0xB020, 
  0xB820, 0xC020, 0xD041, 0xE8A2, 0xF0A2, 0xE041, 0xD841, 0x0000, 
  0x0000, 0x0000, 0x0000, 0x0000, 0x0000, 0x0000, 0x0000, 0x0000, 
  0x0000, 0x0000, 0x0000, 0x0000, 0x0000, 0x0000, 0x0000, 0x0000, 
  
  0x0000, 0x0000, 0x0000, 0x0000, 0x0000, 0x0000, 0x0000, 0x0000, 
  0x0000, 0x0000, 0x0000, 0x0000, 0x0000, 0x0000, 0x0000, 0xE041, 
  0xE841, 0xE041, 0xC820, 0xB020, 0xA820, 0xA820, 0xB020, 0xB020, 
  0xA820, 0xA080, 0x9921, 0x9161, 0x8920, 0x8920, 0x9161, 0x9981, 
  0x9981, 0x9981, 0x9981, 0xA1A1, 0xA1A1, 0x9961, 0x8900, 0x80C0, 
  0x78A0, 0x70A0, 0x78A0, 0x78A0, 0x78A0, 0x78C0, 0x80C0, 0x80E0, 
  0x88E0, 0x88E0, 0x88E0, 0x8900, 0xA1A1, 0xA9C1, 0xA9A1, 0xA9C1, 
  0xA9C1, 0xA9C1, 0xA9C1, 0xA9C1, 0xA9C1, 0xA9A1, 0xA9A1, 0xA9A1, 
  0xA9A1, 0xA9A1, 0xA9A1, 0xA9A1, 0xA9A1, 0xA9A1, 0xA981, 0xA181, 
  0x9100, 0x78A0, 0x78A0, 0x78A0, 0x78A0, 0x7880, 0x7880, 0x7880, 
  0x7080, 0x7080, 0x7060, 0x7060, 0x7880, 0x88C0, 0x9100, 0x9921, 
  0x9921, 0x9921, 0x9901, 0x9101, 0x9100, 0x9100, 0x9100, 0x88C0, 
  0x80A0, 0x88C0, 0x9901, 0x9901, 0x9901, 0x9860, 0xA020, 0xA020, 
  0xA020, 0xA020, 0xA820, 0xB820, 0xD841, 0xE041, 0xE041, 0x0000, 
  0x0000, 0x0000, 0x0000, 0x0000, 0x0000, 0x0000, 0x0000, 0x0000, 
  0x0000, 0x0000, 0x0000, 0x0000, 0x0000, 0x0000, 0x0000, 0x0000, 
  
  0x0000, 0x0000, 0x0000, 0x0000, 0x0000, 0x0000, 0x0000, 0x0000, 
  0x0000, 0x0000, 0x0000, 0x0000, 0x0000, 0x0000, 0x0000, 0xD020, 
  0xC820, 0xB820, 0xA820, 0x9820, 0x9820, 0x9820, 0x9820, 0x9901, 
  0x9261, 0x92C1, 0x92C1, 0x8A81, 0x7A20, 0x8A81, 0x9B01, 0x9B01, 
  0x9B21, 0x9B21, 0x9B21, 0x9B42, 0x9B21, 0x7A21, 0x5100, 0x48C0, 
  0x48E0, 0x50E0, 0x5100, 0x5100, 0x5920, 0x6160, 0x69A0, 0x71C0, 
  0x71E0, 0x7A00, 0x7A00, 0x7A20, 0xA362, 0xB3E3, 0xABC3, 0xB3E3, 
  0xB3E3, 0xB3E3, 0xB3E3, 0xB3E3, 0xABE3, 0xABE3, 0xABE3, 0xB3E3, 
  0xABE3, 0xABE3, 0xABE3, 0xABC3, 0xABC3, 0xABC3, 0xABC3, 0xA382, 
  0x7A20, 0x6160, 0x6160, 0x6160, 0x6160, 0x5940, 0x5920, 0x5100, 
  0x50E0, 0x48C0, 0x40C0, 0x40A0, 0x40A0, 0x48C0, 0x69C0, 0x8AA1, 
  0x8AC1, 0x8AA1, 0x8AA1, 0x8A81, 0x8A81, 0x8261, 0x8261, 0x7A01, 
  0x6180, 0x69A0, 0x7A41, 0x8261, 0x8281, 0x8A01, 0x8820, 0x9020, 
  0x9020, 0x9820, 0xA020, 0xA820, 0xB820, 0xD041, 0xD841, 0x0000, 
  0x0000, 0x0000, 0x0000, 0x0000, 0x0000, 0x0000, 0x0000, 0x0000, 
  0x0000, 0x0000, 0x0000, 0x0000, 0x0000, 0x0000, 0x0000, 0x0000, 
  
  0x0000, 0x0000, 0x0000, 0x0000, 0x0000, 0x0000, 0x0000, 0x0000, 
  0x0000, 0x0000, 0x0000, 0x0000, 0x0000, 0x0000, 0x0000, 0xC020, 
  0xB020, 0xA820, 0xA020, 0x9020, 0x9020, 0x9020, 0x8820, 0x99C1, 
  0x9B21, 0x9B01, 0x92E1, 0x8AA1, 0x8A81, 0x9B01, 0xA341, 0xA362, 
  0xA362, 0xAB82, 0xAB82, 0xABA2, 0xA342, 0x69A0, 0x48E0, 0x48E0, 
  0x5100, 0x5920, 0x6140, 0x6980, 0x71E0, 0x8220, 0x8260, 0x8A81, 
  0x8AA1, 0x8AA1, 0x8A80, 0x92E1, 0xB403, 0xBC43, 0xBC23, 0xBC43, 
  0xBC43, 0xBC43, 0xBC43, 0xBC43, 0xBC43, 0xBC43, 0xBC43, 0xBC43, 
  0xBC43, 0xBC43, 0xBC23, 0xBC23, 0xBC23, 0xBC23, 0xBC23, 0xB403, 
  0x9B01, 0x8240, 0x8220, 0x8240, 0x8240, 0x7A20, 0x7A00, 0x71E0, 
  0x69A0, 0x6160, 0x5920, 0x50E0, 0x48E0, 0x48C0, 0x5960, 0x92C1, 
  0x9B21, 0x9B01, 0x9301, 0x92E1, 0x92E1, 0x92C1, 0x8AA1, 0x8A81, 
  0x7A21, 0x71E0, 0x7A21, 0x8281, 0x8A81, 0x8A41, 0x8820, 0x9020, 
  0x8820, 0x9020, 0x9820, 0xA820, 0xB820, 0xC820, 0xD841, 0x0000, 
  0x0000, 0x0000, 0x0000, 0x0000, 0x0000, 0x0000, 0x0000, 0x0000, 
  0x0000, 0x0000, 0x0000, 0x0000, 0x0000, 0x0000, 0x0000, 0x0000, 
  
  0x0000, 0x0000, 0x0000, 0x0000, 0x0000, 0x0000, 0x0000, 0x0000, 
  0x0000, 0x0000, 0x0000, 0x0000, 0x0000, 0x0000, 0x0000, 0xC841, 
  0xB020, 0xA820, 0xA020, 0x9020, 0x8820, 0x8820, 0x9020, 0x9A21, 
  0xA361, 0xA321, 0x9B01, 0x92E1, 0x9B01, 0xAB62, 0xABA2, 0xB3A2, 
  0xB3C2, 0xB3C2, 0xB3E2, 0xBC02, 0xB3C2, 0x8261, 0x6180, 0x6180, 
  0x71E0, 0x8A61, 0x9AE1, 0xA362, 0xB3C2, 0xBC02, 0xBC23, 0xBC23, 
  0xBC23, 0xBC23, 0xBC03, 0xC463, 0xCC84, 0xCC84, 0xCCA4, 0xCCA4, 
  0xCCA4, 0xCCA4, 0xCCA4, 0xCCA4, 0xCCA4, 0xCCA4, 0xCCA4, 0xCCA4, 
  0xCCA4, 0xCCA4, 0xCCA4, 0xC4A4, 0xC484, 0xC484, 0xC484, 0xC484, 
  0xC443, 0xB403, 0xB3E3, 0xBC03, 0xBC03, 0xBC03, 0xB3E2, 0xB3C2, 
  0xAB82, 0xA321, 0x92C1, 0x7A20, 0x69A0, 0x6160, 0x7A21, 0xA362, 
  0xAB82, 0xA362, 0xA361, 0xA341, 0xA321, 0x9B21, 0x9B01, 0x9AE1, 
  0x92A1, 0x8241, 0x8241, 0x8261, 0x8AA1, 0x8A41, 0x8820, 0x8820, 
  0x8820, 0x9020, 0x9820, 0xA820, 0xB820, 0xC020, 0x0000, 0x0000, 
  0x0000, 0x0000, 0x0000, 0x0000, 0x0000, 0x0000, 0x0000, 0x0000, 
  0x0000, 0x0000, 0x0000, 0x0000, 0x0000, 0x0000, 0x0000, 0x0000, 
  
  0x0000, 0x0000, 0x0000, 0x0000, 0x0000, 0x0000, 0x0000, 0x0000, 
  0x0000, 0x0000, 0x0000, 0x0000, 0x0000, 0x0000, 0x0000, 0x0000, 
  0xB020, 0xA820, 0xA020, 0x9820, 0x8820, 0x8820, 0x8820, 0xA261, 
  0xAB82, 0xAB61, 0xA341, 0xA341, 0xAB81, 0xB3C2, 0xBBE2, 0xBC02, 
  0xBC22, 0xC423, 0xC443, 0xC443, 0xC443, 0xBC02, 0xAB82, 0xAB82, 
  0xBBE2, 0xC443, 0xCC83, 0xCCA3, 0xD4C3, 0xD4C4, 0xD4C4, 0xD4E4, 
  0xD4E4, 0xD4E4, 0xD504, 0xD504, 0xD504, 0xD504, 0xD505, 0xD505, 
  0xD505, 0xD505, 0xD505, 0xD505, 0xD505, 0xD505, 0xD505, 0xD505, 
  0xD505, 0xD505, 0xD505, 0xD505, 0xD505, 0xD505, 0xD4E4, 0xD4E4, 
  0xD4E4, 0xD4E4, 0xD4E4, 0xD4E4, 0xD4C4, 0xCCC4, 0xCCC4, 0xCCA4, 
  0xCCA4, 0xCC83, 0xC463, 0xBC23, 0xB3C2, 0xAB82, 0xB3E2, 0xBC02, 
  0xBC02, 0xB3E2, 0xB3C2, 0xB3A2, 0xAB82, 0xAB62, 0xA362, 0xA342, 
  0xA322, 0x92E1, 0x8A81, 0x8A81, 0x8AA1, 0x8A41, 0x8820, 0x8820, 
  0x8820, 0x9020, 0x9820, 0xA820, 0xB020, 0xC841, 0x0000, 0x0000, 
  0x0000, 0x0000, 0x0000, 0x0000, 0x0000, 0x0000, 0x0000, 0x0000, 
  0x0000, 0x0000, 0x0000, 0x0000, 0x0000, 0x0000, 0x0000, 0x0000, 
  
  0x0000, 0x0000, 0x0000, 0x0000, 0x0000, 0x0000, 0x0000, 0x0000, 
  0x0000, 0x0000, 0x0000, 0x0000, 0x0000, 0x0000, 0x0000, 0x0000, 
  0x0000, 0xA020, 0xA020, 0x9820, 0x9820, 0x9020, 0x8820, 0xA2A1, 
  0xB3C2, 0xB3A1, 0xB3A1, 0xAB81, 0xBBE2, 0xBC02, 0xC422, 0xC443, 
  0xCC63, 0xCC83, 0xCC83, 0xCC83, 0xCCA3, 0xD4C3, 0xD4C3, 0xD4C3, 
  0xD4E3, 0xD4E3, 0xDCE4, 0xD504, 0xD4E4, 0xD504, 0xDD04, 0xDD24, 
  0xDD45, 0xDD45, 0xDD45, 0xE545, 0xE565, 0xE565, 0xE565, 0xE565, 
  0xE565, 0xE565, 0xE565, 0xE585, 0xE565, 0xE565, 0xE565, 0xE565, 
  0xE565, 0xE565, 0xE565, 0xE565, 0xE565, 0xE565, 0xE565, 0xDD65, 
  0xDD45, 0xDD45, 0xDD45, 0xDD45, 0xDD24, 0xDD24, 0xD504, 0xD4E4, 
  0xD4E4, 0xD4E4, 0xD4E4, 0xD4E4, 0xD4C4, 0xD4C3, 0xCCA3, 0xCC83, 
  0xCC63, 0xC443, 0xC423, 0xBC03, 0xBBE2, 0xB3C2, 0xB3A2, 0xAB82, 
  0xAB82, 0xA342, 0x9B01, 0x92C1, 0x92C1, 0x9261, 0x8820, 0x8820, 
  0x9020, 0x9820, 0xA020, 0xA820, 0xA820, 0x0000, 0x0000, 0x0000, 
  0x0000, 0x0000, 0x0000, 0x0000, 0x0000, 0x0000, 0x0000, 0x0000, 
  0x0000, 0x0000, 0x0000, 0x0000, 0x0000, 0x0000, 0x0000, 0x0000, 
  
  0x0000, 0x0000, 0x0000, 0x0000, 0x0000, 0x0000, 0x0000, 0x0000, 
  0x0000, 0x0000, 0x0000, 0x0000, 0x0000, 0x0000, 0x0000, 0x0000, 
  0x0000, 0x0000, 0xA020, 0x9820, 0x9820, 0x9820, 0x9020, 0xAB01, 
  0xBBE2, 0xBBE2, 0xBBC1, 0xBBC2, 0xC422, 0xC442, 0xCC83, 0xCCA3, 
  0xD4A3, 0xD4C3, 0xD4E4, 0xDCE4, 0xDD04, 0xDD04, 0xDD04, 0xDD04, 
  0xDD04, 0xCC83, 0xBBE2, 0xAB62, 0xA362, 0xAB82, 0xB3A2, 0xBC02, 
  0xD4E4, 0xE585, 0xEDC5, 0xEDA5, 0xEDA5, 0xEDA6, 0xEDC6, 0xEDC6, 
  0xEDC6, 0xEDC6, 0xEDC6, 0xEDC6, 0xEDC6, 0xEDC6, 0xEDC6, 0xEDC6, 
  0xEDC6, 0xEDC6, 0xEDC6, 0xEDC6, 0xEDC6, 0xEDC6, 0xEDC6, 0xEDC6, 
  0xEDA5, 0xEDA5, 0xEDA5, 0xE545, 0xCC83, 0xB3E2, 0xABA2, 0xAB62, 
  0xA342, 0xAB82, 0xBC22, 0xD4C3, 0xDD04, 0xDD04, 0xDD03, 0xDCE3, 
  0xD4C3, 0xD4A3, 0xD4A3, 0xCC83, 0xC463, 0xC422, 0xBC02, 0xBBE2, 
  0xB3C2, 0xAB82, 0xAB62, 0xA342, 0x9B01, 0x9A81, 0x8820, 0x9020, 
  0x9820, 0x9820, 0xA020, 0x9820, 0x0000, 0x0000, 0x0000, 0x0000, 
  0x0000, 0x0000, 0x0000, 0x0000, 0x0000, 0x0000, 0x0000, 0x0000, 
  0x0000, 0x0000, 0x0000, 0x0000, 0x0000, 0x0000, 0x0000, 0x0000, 
  
  0x0000, 0x0000, 0x0000, 0x0000, 0x0000, 0x0000, 0x0000, 0x0000, 
  0x0000, 0x0000, 0x0000, 0x0000, 0x0000, 0x0000, 0x0000, 0x0000, 
  0x0000, 0x0000, 0x0000, 0x0000, 0x9820, 0xA020, 0xA060, 0xBB82, 
  0xC422, 0xC422, 0xBC02, 0xC402, 0xCC62, 0xCC82, 0xD4C3, 0xDCE3, 
  0xDD03, 0xDD04, 0xE524, 0xE544, 0xE544, 0xE544, 0xE544, 0xD4C3, 
  0xAB82, 0x9B43, 0xABE8, 0xB429, 0xB46A, 0xBC8B, 0xB44A, 0xABC7, 
  0xA344, 0xB3C2, 0xDD44, 0xF606, 0xF5E6, 0xF5E6, 0xF5E6, 0xF5E6, 
  0xF606, 0xF606, 0xF606, 0xF606, 0xF606, 0xF607, 0xF607, 0xF607, 
  0xF606, 0xF606, 0xF606, 0xF606, 0xF606, 0xF606, 0xF606, 0xF606, 
  0xF5E6, 0xEDE6, 0xCCC3, 0xAB82, 0xA365, 0xABE8, 0xB46A, 0xB48B, 
  0xB44A, 0xAC29, 0xA3A6, 0x9B23, 0xBBE2, 0xDD04, 0xE544, 0xE544, 
  0xE544, 0xDD23, 0xDD03, 0xDCE3, 0xD4C3, 0xCCA3, 0xCC63, 0xC422, 
  0xBC22, 0xBBE2, 0xB3A2, 0xB3A2, 0xAB62, 0xA2C1, 0x9040, 0x9820, 
  0x9820, 0x9820, 0x8820, 0x0000, 0x0000, 0x0000, 0x0000, 0x0000, 
  0x0000, 0x0000, 0x0000, 0x0000, 0x0000, 0x0000, 0x0000, 0x0000, 
  0x0000, 0x0000, 0x0000, 0x0000, 0x0000, 0x0000, 0x0000, 0x0000, 
  
  0x0000, 0x0000, 0x0000, 0x0000, 0x0000, 0x0000, 0x0000, 0x0000, 
  0x0000, 0x0000, 0x0000, 0x0000, 0x0000, 0x0000, 0x0000, 0x0000, 
  0x0000, 0x0000, 0x0000, 0x0000, 0xFF4E, 0xE5ED, 0xC2E5, 0xCC02, 
  0xCC42, 0xC442, 0xC422, 0xC442, 0xD4A2, 0xDCC3, 0xDD03, 0xE544, 
  0xE544, 0xE564, 0xED84, 0xED84, 0xED84, 0xED84, 0xC422, 0x9B02, 
  0xB44B, 0xD5F2, 0xBD2F, 0x8B89, 0x72A6, 0x7AC7, 0x8B68, 0xAC8C, 
  0xCD70, 0xB48B, 0xA383, 0xD504, 0xF626, 0xF626, 0xF626, 0xF626, 
  0xF626, 0xF627, 0xF627, 0xF627, 0xF627, 0xF627, 0xF647, 0xF647, 
  0xF627, 0xF627, 0xFE27, 0xFE27, 0xFE27, 0xF626, 0xF626, 0xF626, 
  0xF5E6, 0xC463, 0xABA6, 0xC50D, 0xBD2F, 0x9C0A, 0x7AE7, 0x72A7, 
  0x7AE7, 0x9C0B, 0xCDB1, 0xCDB1, 0xA3A7, 0xA342, 0xD4C3, 0xED84, 
  0xED84, 0xED84, 0xED64, 0xE544, 0xE523, 0xDD03, 0xD4C3, 0xCC83, 
  0xCC62, 0xC422, 0xC402, 0xBC02, 0xBBE2, 0xBBC2, 0xB2A4, 0x9881, 
  0x9020, 0x0000, 0x0000, 0x0000, 0x0000, 0x0000, 0x0000, 0x0000, 
  0x0000, 0x0000, 0x0000, 0x0000, 0x0000, 0x0000, 0x0000, 0x0000, 
  0x0000, 0x0000, 0x0000, 0x0000, 0x0000, 0x0000, 0x0000, 0x0000, 
  
  0x0000, 0x0000, 0x0000, 0x0000, 0x0000, 0x0000, 0x0000, 0x0000, 
  0x0000, 0x0000, 0x0000, 0x0000, 0x0000, 0x0000, 0x0000, 0x0000, 
  0x0000, 0x0000, 0x0000, 0xAD4A, 0xEE6D, 0xEE6D, 0xEDA6, 0xD4C3, 
  0xCC82, 0xCC62, 0xCC62, 0xD482, 0xDCE3, 0xDD03, 0xE543, 0xED84, 
  0xED84, 0xEDA4, 0xF5C4, 0xF5C4, 0xEDA4, 0xC442, 0xA385, 0xCDB0, 
  0xE6D6, 0x940C, 0x6A85, 0x93A9, 0x6244, 0x30A0, 0x30A0, 0x38E1, 
  0x6245, 0xC54F, 0xDE11, 0xB426, 0xDD45, 0xFE46, 0xFE46, 0xFE47, 
  0xFE47, 0xFE47, 0xFE47, 0xFE47, 0xFE48, 0xFE47, 0xFE47, 0xFE47, 
  0xFE47, 0xFE47, 0xFE47, 0xFE47, 0xFE47, 0xFE47, 0xFE46, 0xF606, 
  0xD4E4, 0xBCAA, 0xDE11, 0xA44B, 0x7AE7, 0x93C9, 0x6224, 0x30C1, 
  0x30A0, 0x30C1, 0x5A04, 0xB50F, 0xE6D6, 0xBCCC, 0xAB83, 0xD4E3, 
  0xF5C4, 0xF5C4, 0xF5A4, 0xEDA4, 0xED84, 0xE543, 0xE523, 0xDCE3, 
  0xD4C3, 0xCC82, 0xCC62, 0xCC62, 0xC442, 0xC442, 0xD505, 0xE5CA, 
  0xE650, 0xEE53, 0x0000, 0x0000, 0x0000, 0x0000, 0x0000, 0x0000, 
  0x0000, 0x0000, 0x0000, 0x0000, 0x0000, 0x0000, 0x0000, 0x0000, 
  0x0000, 0x0000, 0x0000, 0x0000, 0x0000, 0x0000, 0x0000, 0x0000, 
  
  0x0000, 0x0000, 0x0000, 0x0000, 0x0000, 0x0000, 0x0000, 0x0000, 
  0x0000, 0x0000, 0x0000, 0x0000, 0x0000, 0x0000, 0x0000, 0x0000, 
  0x0000, 0x0000, 0xFBE0, 0xEDE8, 0xEE0A, 0xEDA4, 0xED84, 0xDD03, 
  0xD4A2, 0xD4A2, 0xD482, 0xD4C2, 0xE523, 0xE543, 0xED84, 0xF5C4, 
  0xF5C4, 0xF5E5, 0xF5E5, 0xF5E5, 0xCC83, 0xB407, 0xE6B5, 0xF779, 
  0x8BCB, 0x4983, 0xD613, 0xFFBA, 0xD632, 0x5A03, 0x28A0, 0x30C0, 
  0x2880, 0x4961, 0xCD90, 0xE694, 0xC4A7, 0xEDA5, 0xFE67, 0xFE47, 
  0xFE47, 0xFE47, 0xFE67, 0xFE67, 0xFE68, 0xFE67, 0xFE67, 0xFE68, 
  0xFE67, 0xFE67, 0xFE67, 0xFE47, 0xFE47, 0xFE67, 0xFE47, 0xDD25, 
  0xC4EB, 0xE6B5, 0x93EA, 0x59E2, 0xC58F, 0xFFBA, 0xE694, 0x5A04, 
  0x28C0, 0x38E0, 0x30A0, 0x4962, 0xBD2F, 0xF779, 0xD590, 0xABC4, 
  0xDD44, 0xFE05, 0xF5E4, 0xF5C4, 0xF5C4, 0xF5A4, 0xED83, 0xE543, 
  0xE523, 0xDCE3, 0xD4A2, 0xD4A2, 0xD482, 0xD4A2, 0xDCE2, 0xDD03, 
  0xE566, 0xE62E, 0xF646, 0x0000, 0x0000, 0x0000, 0x0000, 0x0000, 
  0x0000, 0x0000, 0x0000, 0x0000, 0x0000, 0x0000, 0x0000, 0x0000, 
  0x0000, 0x0000, 0x0000, 0x0000, 0x0000, 0x0000, 0x0000, 0x0000, 
  
  0x0000, 0x0000, 0x0000, 0x0000, 0x0000, 0x0000, 0x0000, 0x0000, 
  0x0000, 0x0000, 0x0000, 0x0000, 0x0000, 0x0000, 0x0000, 0x0000, 
  0x0000, 0x0000, 0xE502, 0xF5C5, 0xEDC5, 0xF5C5, 0xF5C4, 0xE563, 
  0xD4C2, 0xD4A2, 0xD4A2, 0xDCE2, 0xE543, 0xED83, 0xF5C4, 0xF5E4, 
  0xF5E4, 0xFE05, 0xFE05, 0xE564, 0xBC46, 0xDE33, 0xFFBA, 0xC590, 
  0x4142, 0x59C3, 0xE6B5, 0xFFBA, 0xCE13, 0x5204, 0x1880, 0x28C0, 
  0x4100, 0x48E0, 0x82C4, 0xEF16, 0xDE32, 0xD526, 0xFE26, 0xFE67, 
  0xFE67, 0xFE67, 0xFE67, 0xFE68, 0xFE67, 0xFE68, 0xFE68, 0xFE68, 
  0xFE68, 0xFE67, 0xFE67, 0xFE67, 0xFE67, 0xFE67, 0xF606, 0xD529, 
  0xE6B5, 0xC5B1, 0x4162, 0x6223, 0xD611, 0xFFBA, 0xE693, 0x5204, 
  0x1880, 0x28C0, 0x3900, 0x4900, 0x82E6, 0xE6D5, 0xF779, 0xCD4E, 
  0xBC44, 0xF5E5, 0xFE05, 0xFDE4, 0xFDE4, 0xF5C4, 0xF5A4, 0xED63, 
  0xE543, 0xDD03, 0xDCE2, 0xDCE3, 0xDCC2, 0xDD03, 0xED64, 0xED63, 
  0xE565, 0xE587, 0xEDC6, 0x0000, 0x0000, 0x0000, 0x0000, 0x0000, 
  0x0000, 0x0000, 0x0000, 0x0000, 0x0000, 0x0000, 0x0000, 0x0000, 
  0x0000, 0x0000, 0x0000, 0x0000, 0x0000, 0x0000, 0x0000, 0x0000, 
  
  0x0000, 0x0000, 0x0000, 0x0000, 0x0000, 0x0000, 0x0000, 0x0000, 
  0x0000, 0x0000, 0x0000, 0x0000, 0x0000, 0x0000, 0x0000, 0x0000, 
  0x0000, 0x0000, 0xBBE0, 0xEDA4, 0xEDA4, 0xF605, 0xF605, 0xEDA4, 
  0xDCE2, 0xD4C2, 0xD4A2, 0xDD03, 0xED63, 0xED83, 0xF5C4, 0xFDE4, 
  0xFE04, 0xFE05, 0xF5E4, 0xCCE5, 0xD5AF, 0xFF99, 0xF799, 0x8B89, 
  0x30C0, 0x3901, 0x8348, 0xB50D, 0x7307, 0x28C1, 0x20A0, 0x20A1, 
  0x3900, 0x6980, 0x71A0, 0xD5D0, 0xF778, 0xE5EC, 0xF5E6, 0xFE67, 
  0xFE67, 0xFE67, 0xFE67, 0xFE68, 0xFE68, 0xFE68, 0xFE68, 0xFE68, 
  0xFE68, 0xFE68, 0xFE67, 0xFE67, 0xFE67, 0xFE47, 0xEDC6, 0xE651, 
  0xF758, 0x93EA, 0x28A0, 0x3900, 0x7B26, 0xB50D, 0x7B26, 0x28E1, 
  0x20A0, 0x20A0, 0x3900, 0x6160, 0x7A21, 0xCD8F, 0xFFBA, 0xF738, 
  0xC4CA, 0xDD64, 0xFE25, 0xFE04, 0xFE04, 0xFDE4, 0xF5C4, 0xED83, 
  0xED63, 0xE523, 0xDD02, 0xDD02, 0xDD02, 0xE543, 0xF5C4, 0xF5A4, 
  0xED84, 0xE586, 0xEDA5, 0x0000, 0x0000, 0x0000, 0x0000, 0x0000, 
  0x0000, 0x0000, 0x0000, 0x0000, 0x0000, 0x0000, 0x0000, 0x0000, 
  0x0000, 0x0000, 0x0000, 0x0000, 0x0000, 0x0000, 0x0000, 0x0000, 
  
  0x0000, 0x0000, 0x0000, 0x0000, 0x0000, 0x0000, 0x0000, 0x0000, 
  0x0000, 0x0000, 0x0000, 0x0000, 0x0000, 0x0000, 0x0000, 0x0000, 
  0x0000, 0x0000, 0xF521, 0xEDA4, 0xED63, 0xF605, 0xFE25, 0xF5C4, 
  0xDCE2, 0xD4A2, 0xD4A2, 0xDD02, 0xED63, 0xEDA4, 0xF5C4, 0xFE04, 
  0xFE04, 0xFE25, 0xED84, 0xCD29, 0xEEF6, 0xFFDB, 0xEF17, 0x6AA6, 
  0x30C0, 0x28C0, 0x20A0, 0x3100, 0x20A0, 0x20A0, 0x20A1, 0x20A1, 
  0x30E0, 0x71E0, 0x79E0, 0xBCA9, 0xFFB9, 0xF6D2, 0xF607, 0xFE67, 
  0xFE67, 0xFE67, 0xFE67, 0xFE68, 0xFE88, 0xFE68, 0xFE68, 0xFE88, 
  0xFE68, 0xFE68, 0xFE67, 0xFE67, 0xFE67, 0xFE47, 0xF629, 0xF757, 
  0xEF17, 0x72C6, 0x28A0, 0x28C0, 0x20C0, 0x3100, 0x20A0, 0x20A0, 
  0x20C1, 0x20A0, 0x30E0, 0x71C0, 0x8240, 0xC4EB, 0xFF98, 0xFFDB, 
  0xE673, 0xCCC4, 0xF604, 0xFE04, 0xFE04, 0xFDE4, 0xF5E4, 0xEDA3, 
  0xED83, 0xE523, 0xDD02, 0xE522, 0xE502, 0xED83, 0xF5E4, 0xF5C4, 
  0xED84, 0xE585, 0xEDA6, 0x0000, 0x0000, 0x0000, 0x0000, 0x0000, 
  0x0000, 0x0000, 0x0000, 0x0000, 0x0000, 0x0000, 0x0000, 0x0000, 
  0x0000, 0x0000, 0x0000, 0x0000, 0x0000, 0x0000, 0x0000, 0x0000, 
  
  0x0000, 0x0000, 0x0000, 0x0000, 0x0000, 0x0000, 0x0000, 0x0000, 
  0x0000, 0x0000, 0x0000, 0x0000, 0x0000, 0x0000, 0x0000, 0x0000, 
  0x0000, 0x0000, 0xFD82, 0xED84, 0xE563, 0xF5E4, 0xFE25, 0xF5E4, 
  0xDCE2, 0xCC62, 0xCC62, 0xDCE2, 0xED63, 0xEDA3, 0xF5C4, 0xFE04, 
  0xFE04, 0xFE04, 0xED84, 0xDDCD, 0xFF99, 0xFFDB, 0xEF16, 0x6A86, 
  0x30C0, 0x28C0, 0x20A0, 0x1880, 0x20A1, 0x20C1, 0x20A1, 0x20A1, 
  0x30C0, 0x8A80, 0x9260, 0xBC68, 0xFFB9, 0xFF56, 0xFE89, 0xFE66, 
  0xFE67, 0xFE67, 0xFE67, 0xFE67, 0xFE68, 0xFE68, 0xFE68, 0xFE88, 
  0xFE68, 0xFE68, 0xFE67, 0xFE67, 0xFE67, 0xFE66, 0xFEAC, 0xFFBA, 
  0xE716, 0x72A6, 0x28A0, 0x28C0, 0x20A1, 0x18A0, 0x20A0, 0x20C1, 
  0x20C1, 0x20A1, 0x30E0, 0x8240, 0x9AC0, 0xC4C9, 0xFF77, 0xFFDB, 
  0xF758, 0xD507, 0xF604, 0xFE04, 0xFE04, 0xFE04, 0xF5E4, 0xF5A3, 
  0xED83, 0xE522, 0xDCE2, 0xDD02, 0xDD02, 0xF5C4, 0xFDE4, 0xF5A3, 
  0xED64, 0xE565, 0xF5A4, 0x0000, 0x0000, 0x0000, 0x0000, 0x0000, 
  0x0000, 0x0000, 0x0000, 0x0000, 0x0000, 0x0000, 0x0000, 0x0000, 
  0x0000, 0x0000, 0x0000, 0x0000, 0x0000, 0x0000, 0x0000, 0x0000, 
  
  0x0000, 0x0000, 0x0000, 0x0000, 0x0000, 0x0000, 0x0000, 0x0000, 
  0x0000, 0x0000, 0x0000, 0x0000, 0x0000, 0x0000, 0x0000, 0x0000, 
  0x0000, 0x0000, 0xFD60, 0xF583, 0xED63, 0xF5C4, 0xFE25, 0xFE04, 
  0xDD02, 0xC441, 0xC421, 0xDCE2, 0xED63, 0xED83, 0xF5C4, 0xFE04, 
  0xFE04, 0xFE04, 0xF5E6, 0xEE91, 0xFFBA, 0xFFBA, 0xF758, 0x7B28, 
  0x38E0, 0x30E0, 0x20A1, 0x20A1, 0x20A1, 0x20A1, 0x20A0, 0x1880, 
  0x4960, 0xB3A1, 0xA320, 0xCD2B, 0xFFDA, 0xFF77, 0xFEAA, 0xFE66, 
  0xFE67, 0xFE67, 0xFE67, 0xFE67, 0xFE68, 0xFE68, 0xFE88, 0xFE88, 
  0xFE67, 0xFE67, 0xFE67, 0xFE67, 0xFE67, 0xFE66, 0xFEEE, 0xFFBA, 
  0xEF38, 0x8348, 0x30A0, 0x30E0, 0x20C0, 0x20A1, 0x20A1, 0x20A1, 
  0x20A0, 0x20A0, 0x4140, 0xAB81, 0xB3A1, 0xD54C, 0xFF98, 0xFFBA, 
  0xFF9A, 0xE5CB, 0xFE04, 0xFE04, 0xFE04, 0xFE04, 0xF5E4, 0xEDA3, 
  0xED83, 0xDD02, 0xD4A2, 0xD4C2, 0xDCE2, 0xF5E4, 0xFDE4, 0xEDA3, 
  0xED63, 0xED84, 0xF5A3, 0x0000, 0x0000, 0x0000, 0x0000, 0x0000, 
  0x0000, 0x0000, 0x0000, 0x0000, 0x0000, 0x0000, 0x0000, 0x0000, 
  0x0000, 0x0000, 0x0000, 0x0000, 0x0000, 0x0000, 0x0000, 0x0000, 
  
  0x0000, 0x0000, 0x0000, 0x0000, 0x0000, 0x0000, 0x0000, 0x0000, 
  0x0000, 0x0000, 0x0000, 0x0000, 0x0000, 0x0000, 0x0000, 0x0000, 
  0x0000, 0x0000, 0xFD80, 0xF5C3, 0xED83, 0xF5A3, 0xFE24, 0xFE04, 
  0xDD02, 0xC401, 0xC401, 0xD4C2, 0xED63, 0xED83, 0xF5C4, 0xFDE4, 
  0xFE04, 0xFE04, 0xFE26, 0xFEF2, 0xFFBA, 0xFFBA, 0xFFBA, 0xA46B, 
  0x4101, 0x4920, 0x3900, 0x20A0, 0x18A1, 0x18A1, 0x1880, 0x28E0, 
  0x9B41, 0xDCE2, 0xB3A1, 0xE672, 0xFFDB, 0xFF77, 0xFEAB, 0xFE66, 
  0xFE67, 0xFE67, 0xFE67, 0xFE67, 0xFE67, 0xFE88, 0xFE88, 0xFE88, 
  0xFE67, 0xFE67, 0xFE67, 0xFE67, 0xFE67, 0xFE66, 0xFEEE, 0xFFBA, 
  0xF799, 0xACAD, 0x4100, 0x4900, 0x3900, 0x20A0, 0x18A1, 0x18A1, 
  0x1880, 0x28E0, 0x9321, 0xDCE2, 0xC443, 0xE630, 0xFFBA, 0xFFBA, 
  0xFFBA, 0xF68C, 0xFE04, 0xFE04, 0xFE04, 0xFE04, 0xF5C4, 0xED83, 
  0xED63, 0xDCC2, 0xCC61, 0xCC61, 0xDCE2, 0xFDE4, 0xF5C3, 0xED83, 
  0xED63, 0xEDA4, 0xFDE3, 0x0000, 0x0000, 0x0000, 0x0000, 0x0000, 
  0x0000, 0x0000, 0x0000, 0x0000, 0x0000, 0x0000, 0x0000, 0x0000, 
  0x0000, 0x0000, 0x0000, 0x0000, 0x0000, 0x0000, 0x0000, 0x0000, 
  
  0x0000, 0x0000, 0x0000, 0x0000, 0x0000, 0x0000, 0x0000, 0x0000, 
  0x0000, 0x0000, 0x0000, 0x0000, 0x0000, 0x0000, 0x0000, 0x0000, 
  0x0000, 0x0000, 0xF8A0, 0xF5C4, 0xEDA4, 0xED83, 0xFE04, 0xFE04, 
  0xDD03, 0xBBC1, 0xBBC1, 0xD482, 0xED63, 0xED83, 0xF5C3, 0xFDE4, 
  0xFE04, 0xFE04, 0xFE46, 0xFF11, 0xFFBA, 0xFFBA, 0xFFDB, 0xDE73, 
  0x6203, 0x5960, 0x71E0, 0x59A0, 0x3900, 0x30E0, 0x51A1, 0xA3C3, 
  0xE5E4, 0xD4A2, 0xC4A7, 0xF778, 0xFFBA, 0xFF77, 0xFECB, 0xFE66, 
  0xFE67, 0xFE67, 0xFE67, 0xFE67, 0xFE67, 0xFE88, 0xFE88, 0xFE88, 
  0xFE68, 0xFE67, 0xFE67, 0xFE67, 0xFE67, 0xFE66, 0xFEEF, 0xFFBA, 
  0xFFBA, 0xD654, 0x6A44, 0x5920, 0x71E0, 0x59A0, 0x3900, 0x30E0, 
  0x4981, 0x9BA3, 0xE5C4, 0xDCE2, 0xC4C8, 0xF737, 0xFFBA, 0xFFBA, 
  0xFFB9, 0xFEAB, 0xFE04, 0xFE04, 0xFE04, 0xFE04, 0xF5C3, 0xED83, 
  0xED63, 0xD482, 0xC401, 0xBBE1, 0xDCE2, 0xFDE4, 0xF5A3, 0xED63, 
  0xED63, 0xF5C4, 0xFE22, 0x0000, 0x0000, 0x0000, 0x0000, 0x0000, 
  0x0000, 0x0000, 0x0000, 0x0000, 0x0000, 0x0000, 0x0000, 0x0000, 
  0x0000, 0x0000, 0x0000, 0x0000, 0x0000, 0x0000, 0x0000, 0x0000, 
  
  0x0000, 0x0000, 0x0000, 0x0000, 0x0000, 0x0000, 0x0000, 0x0000, 
  0x0000, 0x0000, 0x0000, 0x0000, 0x0000, 0x0000, 0x0000, 0x0000, 
  0x0000, 0x0000, 0x0000, 0xEDA4, 0xEDA4, 0xED63, 0xF5C4, 0xFE04, 
  0xE543, 0xB3C1, 0xAB61, 0xCC62, 0xE543, 0xED83, 0xF5A3, 0xF5E4, 
  0xFE04, 0xFE04, 0xFE04, 0xFE8A, 0xFF75, 0xFFBA, 0xFFBA, 0xFFBA, 
  0xBD2D, 0x71E1, 0x8220, 0xA320, 0xAB81, 0xBC01, 0xDD44, 0xF667, 
  0xDD44, 0xBC25, 0xEEB4, 0xFFBA, 0xFFBA, 0xFF55, 0xFE89, 0xFE66, 
  0xFE67, 0xFE67, 0xFE67, 0xFE67, 0xFE67, 0xFE88, 0xFE88, 0xFE88, 
  0xFE68, 0xFE67, 0xFE67, 0xFE67, 0xFE67, 0xFE66, 0xFECC, 0xFF99, 
  0xFFBA, 0xFF99, 0xBD2D, 0x7202, 0x7A00, 0xA300, 0xAB81, 0xBBE1, 
  0xDD23, 0xEE46, 0xDD65, 0xBC26, 0xE673, 0xFFBA, 0xFFBA, 0xFFBA, 
  0xFF33, 0xFE46, 0xFE04, 0xFE04, 0xFE04, 0xFDE4, 0xF5C3, 0xED83, 
  0xE542, 0xC421, 0xB381, 0xB381, 0xE523, 0xF5C3, 0xED83, 0xED43, 
  0xED63, 0xF5E5, 0x0000, 0x0000, 0x0000, 0x0000, 0x0000, 0x0000, 
  0x0000, 0x0000, 0x0000, 0x0000, 0x0000, 0x0000, 0x0000, 0x0000, 
  0x0000, 0x0000, 0x0000, 0x0000, 0x0000, 0x0000, 0x0000, 0x0000, 
  
  0x0000, 0x0000, 0x0000, 0x0000, 0x0000, 0x0000, 0x0000, 0x0000, 
  0x0000, 0x0000, 0x0000, 0x0000, 0x0000, 0x0000, 0x0000, 0x0000, 
  0x0000, 0x0000, 0x0000, 0xEDC3, 0xEDA4, 0xED63, 0xF5A3, 0xF5C3, 
  0xED83, 0xC421, 0xA320, 0xBC01, 0xE522, 0xED63, 0xF5A3, 0xF5E4, 
  0xFE04, 0xFE04, 0xFE04, 0xFE24, 0xFE68, 0xFF11, 0xFF77, 0xFFB9, 
  0xFF99, 0xD5CF, 0x9B44, 0x92C1, 0xAB61, 0xC422, 0xCCA2, 0xC484, 
  0xC4A8, 0xEED5, 0xFFBA, 0xFF99, 0xFF55, 0xFECC, 0xFE66, 0xFE66, 
  0xFE66, 0xFE67, 0xFE67, 0xFE67, 0xFE67, 0xFE89, 0xFE89, 0xFE88, 
  0xFE67, 0xFE67, 0xFE67, 0xFE67, 0xFE66, 0xFE66, 0xFE67, 0xFEEF, 
  0xFF77, 0xFFBA, 0xFF99, 0xD5B0, 0x9B45, 0x92C1, 0xAB61, 0xC421, 
  0xCCA2, 0xC484, 0xC4C9, 0xE694, 0xFFBA, 0xFF99, 0xFF75, 0xFECE, 
  0xFE46, 0xFE04, 0xFE04, 0xFE04, 0xFE04, 0xFDE4, 0xF5A3, 0xED83, 
  0xE522, 0xBBE1, 0xA320, 0xBC01, 0xED63, 0xED83, 0xED63, 0xE543, 
  0xED63, 0xFE24, 0x0000, 0x0000, 0x0000, 0x0000, 0x0000, 0x0000, 
  0x0000, 0x0000, 0x0000, 0x0000, 0x0000, 0x0000, 0x0000, 0x0000, 
  0x0000, 0x0000, 0x0000, 0x0000, 0x0000, 0x0000, 0x0000, 0x0000, 
  
  0x0000, 0x0000, 0x0000, 0x0000, 0x0000, 0x0000, 0x0000, 0x0000, 
  0x0000, 0x0000, 0x0000, 0x0000, 0x0000, 0x0000, 0x0000, 0x0000, 
  0x0000, 0x0000, 0x0000, 0xE582, 0xEDA4, 0xED63, 0xED83, 0xF5A3, 
  0xEDA3, 0xDD02, 0xBBC1, 0xC401, 0xDD22, 0xED63, 0xEDA3, 0xF5E4, 
  0xFE04, 0xFE04, 0xFE04, 0xFE24, 0xFE24, 0xFE25, 0xFE89, 0xFEEE, 
  0xFF32, 0xFF75, 0xF6F3, 0xD58C, 0xB448, 0xABE8, 0xBCA9, 0xDE0F, 
  0xF757, 0xFF98, 0xFF54, 0xFEEF, 0xFE89, 0xFE66, 0xFE66, 0xFE66, 
  0xFE66, 0xFE67, 0xFE67, 0xFE67, 0xFE67, 0xFE89, 0xFE89, 0xFE88, 
  0xFE67, 0xFE67, 0xFE67, 0xFE67, 0xFE66, 0xFE66, 0xFE66, 0xFE66, 
  0xFEAB, 0xFF11, 0xFF76, 0xFF98, 0xEEF5, 0xD58D, 0xB428, 0xABE8, 
  0xC4C9, 0xDE0E, 0xF735, 0xFF75, 0xFF11, 0xFECC, 0xFE67, 0xFE24, 
  0xFE24, 0xFE04, 0xFE04, 0xFE04, 0xFE04, 0xF5E4, 0xF5A3, 0xED63, 
  0xE542, 0xDCC2, 0xCC61, 0xDD02, 0xED83, 0xED83, 0xE542, 0xE543, 
  0xED83, 0xFE60, 0x0000, 0x0000, 0x0000, 0x0000, 0x0000, 0x0000, 
  0x0000, 0x0000, 0x0000, 0x0000, 0x0000, 0x0000, 0x0000, 0x0000, 
  0x0000, 0x0000, 0x0000, 0x0000, 0x0000, 0x0000, 0x0000, 0x0000, 
  
  0x0000, 0x0000, 0x0000, 0x0000, 0x0000, 0x0000, 0x0000, 0x0000, 
  0x0000, 0x0000, 0x0000, 0x0000, 0x0000, 0x0000, 0x0000, 0x0000, 
  0x0000, 0x0000, 0x0000, 0x9B00, 0xED83, 0xE563, 0xED63, 0xED83, 
  0xED83, 0xE542, 0xDCE2, 0xDCE2, 0xE522, 0xED63, 0xED83, 0xF5C3, 
  0xFE04, 0xFE04, 0xFE04, 0xFE24, 0xFE24, 0xFE24, 0xFE24, 0xFE24, 
  0xFE45, 0xFE67, 0xFECB, 0xFEED, 0xFEED, 0xFEEE, 0xFEEE, 0xFF0E, 
  0xFECD, 0xFEAA, 0xFE67, 0xFE66, 0xFE46, 0xFE66, 0xFE66, 0xFE66, 
  0xFE66, 0xFE67, 0xFE67, 0xFE67, 0xFE67, 0xFE89, 0xFEAA, 0xFE89, 
  0xFE88, 0xFE67, 0xFE67, 0xFE67, 0xFE66, 0xFE66, 0xFE66, 0xFE66, 
  0xFE46, 0xFE66, 0xFE88, 0xFEAB, 0xFEED, 0xFF0E, 0xFEEE, 0xFEEE, 
  0xFEED, 0xFEEC, 0xFEAA, 0xFE66, 0xFE25, 0xFE24, 0xFE24, 0xFE24, 
  0xFE24, 0xFE04, 0xFE04, 0xFE04, 0xFE04, 0xF5C4, 0xEDA3, 0xED63, 
  0xE522, 0xDCE2, 0xD4A2, 0xE522, 0xED63, 0xED63, 0xE542, 0xE543, 
  0xEDA5, 0xF5C4, 0x0000, 0x0000, 0x0000, 0x0000, 0x0000, 0x0000, 
  0x0000, 0x0000, 0x0000, 0x0000, 0x0000, 0x0000, 0x0000, 0x0000, 
  0x0000, 0x0000, 0x0000, 0x0000, 0x0000, 0x0000, 0x0000, 0x0000, 
  
  0x0000, 0x0000, 0x0000, 0x0000, 0x0000, 0x0000, 0x0000, 0x0000, 
  0x0000, 0x0000, 0x0000, 0x0000, 0x0000, 0x0000, 0x0000, 0x0000, 
  0x0000, 0x0000, 0x0000, 0x0000, 0xE583, 0xE563, 0xED63, 0xED83, 
  0xED83, 0xE542, 0xD4C2, 0xDCC2, 0xE522, 0xE543, 0xED83, 0xF5C3, 
  0xFDE4, 0xFE04, 0xFE04, 0xFE24, 0xFE24, 0xFE24, 0xFE45, 0xFE45, 
  0xFE25, 0xFE44, 0xFE44, 0xFE44, 0xFE45, 0xFE45, 0xFE45, 0xFE45, 
  0xFE45, 0xFE45, 0xFE45, 0xFE66, 0xFE66, 0xFE66, 0xFE66, 0xFE66, 
  0xFE66, 0xFE67, 0xFE67, 0xFE67, 0xFE67, 0xFE89, 0xFE89, 0xFE88, 
  0xFE68, 0xFE67, 0xFE67, 0xFE67, 0xFE66, 0xFE66, 0xFE66, 0xFE66, 
  0xFE66, 0xFE66, 0xFE45, 0xFE45, 0xFE45, 0xFE45, 0xFE45, 0xFE45, 
  0xFE45, 0xFE44, 0xFE44, 0xFE44, 0xFE25, 0xFE45, 0xFE25, 0xFE24, 
  0xFE24, 0xFE04, 0xFE04, 0xFE04, 0xFE04, 0xF5C3, 0xED83, 0xED63, 
  0xE522, 0xDCC2, 0xD4A2, 0xE522, 0xED63, 0xED43, 0xE542, 0xE543, 
  0xEDA5, 0xFD84, 0x0000, 0x0000, 0x0000, 0x0000, 0x0000, 0x0000, 
  0x0000, 0x0000, 0x0000, 0x0000, 0x0000, 0x0000, 0x0000, 0x0000, 
  0x0000, 0x0000, 0x0000, 0x0000, 0x0000, 0x0000, 0x0000, 0x0000, 
  
  0x0000, 0x0000, 0x0000, 0x0000, 0x0000, 0x0000, 0x0000, 0x0000, 
  0x0000, 0x0000, 0x0000, 0x0000, 0x0000, 0x0000, 0x0000, 0x0000, 
  0x0000, 0x0000, 0x0000, 0x0000, 0xED62, 0xED63, 0xE543, 0xED63, 
  0xED63, 0xE542, 0xD4C2, 0xD4C2, 0xE502, 0xE543, 0xED83, 0xF5C3, 
  0xFDE4, 0xFE04, 0xFE04, 0xFE24, 0xFE24, 0xFE24, 0xFE25, 0xFE45, 
  0xFE45, 0xFE45, 0xFE45, 0xFE45, 0xFE45, 0xFE45, 0xFE45, 0xFE45, 
  0xFE46, 0xFE66, 0xFE66, 0xFE66, 0xFE66, 0xFE66, 0xFE66, 0xFE66, 
  0xFE66, 0xFE66, 0xFE66, 0xFE66, 0xFE66, 0xFE66, 0xFE67, 0xFE67, 
  0xFE66, 0xFE66, 0xFE66, 0xFE66, 0xFE66, 0xFE66, 0xFE66, 0xFE66, 
  0xFE66, 0xFE66, 0xFE66, 0xFE46, 0xFE46, 0xFE45, 0xFE45, 0xFE45, 
  0xFE45, 0xFE45, 0xFE45, 0xFE45, 0xFE45, 0xFE45, 0xFE24, 0xFE24, 
  0xFE24, 0xFE04, 0xFE04, 0xFE04, 0xFDE4, 0xF5C3, 0xED83, 0xE543, 
  0xDD02, 0xD4C2, 0xD4A2, 0xE522, 0xED63, 0xE543, 0xE542, 0xE563, 
  0xF5A4, 0xFD00, 0x0000, 0x0000, 0x0000, 0x0000, 0x0000, 0x0000, 
  0x0000, 0x0000, 0x0000, 0x0000, 0x0000, 0x0000, 0x0000, 0x0000, 
  0x0000, 0x0000, 0x0000, 0x0000, 0x0000, 0x0000, 0x0000, 0x0000, 
  
  0x0000, 0x0000, 0x0000, 0x0000, 0x0000, 0x0000, 0x0000, 0x0000, 
  0x0000, 0x0000, 0x0000, 0x0000, 0x0000, 0x0000, 0x0000, 0x0000, 
  0x0000, 0x0000, 0x0000, 0x0000, 0xED83, 0xE563, 0xE543, 0xED63, 
  0xED63, 0xE543, 0xDCC2, 0xD4C2, 0xDD02, 0xE543, 0xED63, 0xF5A3, 
  0xFDE4, 0xFE04, 0xFE04, 0xFE24, 0xFE24, 0xFE24, 0xFE25, 0xFE45, 
  0xFE45, 0xFE45, 0xFE45, 0xFE45, 0xFE45, 0xFE45, 0xFE45, 0xFE45, 
  0xFE66, 0xFE66, 0xFE66, 0xFE66, 0xFE66, 0xFE66, 0xFE66, 0xFE66, 
  0xFE66, 0xFE66, 0xFE66, 0xFE46, 0xFE66, 0xFE66, 0xFE66, 0xFE66, 
  0xFE66, 0xFE46, 0xFE66, 0xFE66, 0xFE66, 0xFE66, 0xFE66, 0xFE66, 
  0xFE66, 0xFE66, 0xFE66, 0xFE66, 0xFE46, 0xFE45, 0xFE45, 0xFE45, 
  0xFE45, 0xFE45, 0xFE45, 0xFE45, 0xFE45, 0xFE45, 0xFE24, 0xFE24, 
  0xFE24, 0xFE04, 0xFE04, 0xFE04, 0xFDE4, 0xF5A3, 0xED83, 0xE543, 
  0xDD02, 0xD4A2, 0xD4A2, 0xE522, 0xE543, 0xE542, 0xE543, 0xED63, 
  0xF584, 0x0000, 0x0000, 0x0000, 0x0000, 0x0000, 0x0000, 0x0000, 
  0x0000, 0x0000, 0x0000, 0x0000, 0x0000, 0x0000, 0x0000, 0x0000, 
  0x0000, 0x0000, 0x0000, 0x0000, 0x0000, 0x0000, 0x0000, 0x0000, 
  
  0x0000, 0x0000, 0x0000, 0x0000, 0x0000, 0x0000, 0x0000, 0x0000, 
  0x0000, 0x0000, 0x0000, 0x0000, 0x0000, 0x0000, 0x0000, 0x0000, 
  0x0000, 0x0000, 0x0000, 0x0000, 0xF501, 0xE563, 0xE543, 0xE543, 
  0xED63, 0xE543, 0xDCE2, 0xD4A2, 0xDD02, 0xE543, 0xED63, 0xF5A3, 
  0xF5E4, 0xFE04, 0xFE04, 0xFE24, 0xFE24, 0xFE24, 0xFE24, 0xFE45, 
  0xFE45, 0xFE45, 0xFE45, 0xFE45, 0xFE45, 0xFE45, 0xFE45, 0xFE45, 
  0xFE66, 0xFE66, 0xFE66, 0xFE66, 0xFE66, 0xFE66, 0xFE66, 0xFE66, 
  0xFE66, 0xFE45, 0xFE45, 0xFE45, 0xFE66, 0xFE88, 0xFE89, 0xFE88, 
  0xFE67, 0xFE46, 0xFE45, 0xFE45, 0xFE66, 0xFE66, 0xFE66, 0xFE66, 
  0xFE66, 0xFE66, 0xFE66, 0xFE66, 0xFE65, 0xFE45, 0xFE45, 0xFE45, 
  0xFE45, 0xFE45, 0xFE45, 0xFE45, 0xFE45, 0xFE45, 0xFE24, 0xFE24, 
  0xFE24, 0xFE04, 0xFE04, 0xFE04, 0xF5E4, 0xF5A3, 0xED63, 0xE543, 
  0xDCE2, 0xD4A2, 0xD4C2, 0xE542, 0xE543, 0xE542, 0xE543, 0xED84, 
  0xFDA3, 0x0000, 0x0000, 0x0000, 0x0000, 0x0000, 0x0000, 0x0000, 
  0x0000, 0x0000, 0x0000, 0x0000, 0x0000, 0x0000, 0x0000, 0x0000, 
  0x0000, 0x0000, 0x0000, 0x0000, 0x0000, 0x0000, 0x0000, 0x0000, 
  
  0x0000, 0x0000, 0x0000, 0x0000, 0x0000, 0x0000, 0x0000, 0x0000, 
  0x0000, 0x0000, 0x0000, 0x0000, 0x0000, 0x0000, 0x0000, 0x0000, 
  0x0000, 0x0000, 0x0000, 0x0000, 0x0000, 0xE542, 0xE543, 0xE542, 
  0xE542, 0xE542, 0xDCE2, 0xD4A2, 0xDCE2, 0xE522, 0xED63, 0xED83, 
  0xF5C4, 0xFE04, 0xFE04, 0xFE04, 0xFE24, 0xFE24, 0xFE24, 0xFE25, 
  0xFE45, 0xFE45, 0xFE45, 0xFE45, 0xFE45, 0xFE45, 0xFE45, 0xFE45, 
  0xFE45, 0xFE66, 0xFE66, 0xFE66, 0xFE66, 0xFE66, 0xFE66, 0xFE66, 
  0xFE45, 0xFE45, 0xFE45, 0xFE66, 0xFE88, 0xFECC, 0xFEED, 0xFECC, 
  0xFE89, 0xFE66, 0xFE45, 0xFE45, 0xFE45, 0xFE46, 0xFE66, 0xFE66, 
  0xFE66, 0xFE66, 0xFE66, 0xFE66, 0xFE45, 0xFE45, 0xFE45, 0xFE45, 
  0xFE45, 0xFE45, 0xFE45, 0xFE45, 0xFE45, 0xFE45, 0xFE24, 0xFE24, 
  0xFE24, 0xFE04, 0xFE04, 0xFE04, 0xF5E4, 0xF5A3, 0xED63, 0xE542, 
  0xDCE2, 0xD482, 0xDCC2, 0xE542, 0xE542, 0xE542, 0xE543, 0xED84, 
  0xDD60, 0x0000, 0x0000, 0x0000, 0x0000, 0x0000, 0x0000, 0x0000, 
  0x0000, 0x0000, 0x0000, 0x0000, 0x0000, 0x0000, 0x0000, 0x0000, 
  0x0000, 0x0000, 0x0000, 0x0000, 0x0000, 0x0000, 0x0000, 0x0000, 
  
  0x0000, 0x0000, 0x0000, 0x0000, 0x0000, 0x0000, 0x0000, 0x0000, 
  0x0000, 0x0000, 0x0000, 0x0000, 0x0000, 0x0000, 0x0000, 0x0000, 
  0x0000, 0x0000, 0x0000, 0x0000, 0x0000, 0xE542, 0xE543, 0xE542, 
  0xE542, 0xE542, 0xDCE2, 0xD482, 0xDCC2, 0xE522, 0xED63, 0xED83, 
  0xF5C3, 0xFE04, 0xFE04, 0xFE04, 0xFE24, 0xFE24, 0xFE24, 0xFE25, 
  0xFE45, 0xFE45, 0xFE45, 0xFE45, 0xFE45, 0xFE45, 0xFE45, 0xFE45, 
  0xFE45, 0xFE65, 0xFE66, 0xFE66, 0xFE66, 0xFE66, 0xFE46, 0xFE45, 
  0xFE25, 0xFE45, 0xFE45, 0xFE66, 0xFEAA, 0xFEED, 0xFF10, 0xFEEE, 
  0xFEAA, 0xFE67, 0xFE45, 0xFE45, 0xFE24, 0xFE45, 0xFE66, 0xFE66, 
  0xFE66, 0xFE66, 0xFE66, 0xFE65, 0xFE45, 0xFE45, 0xFE45, 0xFE45, 
  0xFE45, 0xFE45, 0xFE45, 0xFE45, 0xFE45, 0xFE25, 0xFE24, 0xFE24, 
  0xFE24, 0xFE04, 0xFE04, 0xFE04, 0xF5C3, 0xED83, 0xED63, 0xE522, 
  0xDCE2, 0xD482, 0xDCC2, 0xE522, 0xE542, 0xE542, 0xE543, 0xE563, 
  0xFA60, 0x0000, 0x0000, 0x0000, 0x0000, 0x0000, 0x0000, 0x0000, 
  0x0000, 0x0000, 0x0000, 0x0000, 0x0000, 0x0000, 0x0000, 0x0000, 
  0x0000, 0x0000, 0x0000, 0x0000, 0x0000, 0x0000, 0x0000, 0x0000, 
  
  0x0000, 0x0000, 0x0000, 0x0000, 0x0000, 0x0000, 0x0000, 0x0000, 
  0x0000, 0x0000, 0x0000, 0x0000, 0x0000, 0x0000, 0x0000, 0x0000, 
  0x0000, 0x0000, 0x0000, 0x0000, 0x0000, 0xDCA1, 0xE543, 0xE543, 
  0xE522, 0xE522, 0xDCE2, 0xD482, 0xD4C2, 0xE522, 0xED43, 0xED83, 
  0xF5C3, 0xFE04, 0xFE04, 0xFE04, 0xFE04, 0xFE24, 0xFE24, 0xFE24, 
  0xFE45, 0xFE45, 0xFE45, 0xFE45, 0xFE45, 0xFE45, 0xFE45, 0xFE45, 
  0xFE45, 0xFE45, 0xFE66, 0xFE66, 0xFE66, 0xFE66, 0xFE45, 0xFE25, 
  0xFDE4, 0xFE25, 0xFE45, 0xFE66, 0xFE88, 0xFEAB, 0xFECC, 0xFECB, 
  0xFE89, 0xFE66, 0xFE45, 0xFE25, 0xF5C4, 0xFDE4, 0xFE45, 0xFE66, 
  0xFE66, 0xFE66, 0xFE66, 0xFE45, 0xFE45, 0xFE45, 0xFE45, 0xFE45, 
  0xFE45, 0xFE45, 0xFE45, 0xFE45, 0xFE45, 0xFE24, 0xFE24, 0xFE24, 
  0xFE04, 0xFE04, 0xFE04, 0xFDE4, 0xF5C3, 0xED83, 0xED63, 0xE522, 
  0xDCC2, 0xD482, 0xDCC2, 0xE502, 0xE522, 0xE523, 0xE543, 0xDD22, 
  0x0000, 0x0000, 0x0000, 0x0000, 0x0000, 0x0000, 0x0000, 0x0000, 
  0x0000, 0x0000, 0x0000, 0x0000, 0x0000, 0x0000, 0x0000, 0x0000, 
  0x0000, 0x0000, 0x0000, 0x0000, 0x0000, 0x0000, 0x0000, 0x0000, 
  
  0x0000, 0x0000, 0x0000, 0x0000, 0x0000, 0x0000, 0x0000, 0x0000, 
  0x0000, 0x0000, 0x0000, 0x0000, 0x0000, 0x0000, 0x0000, 0x0000, 
  0x0000, 0x0000, 0x0000, 0x0000, 0x0000, 0xF800, 0xE543, 0xE543, 
  0xE522, 0xDD02, 0xD4C2, 0xCC82, 0xD4A2, 0xDD02, 0xE543, 0xED83, 
  0xF5A3, 0xFDE4, 0xFE04, 0xFE04, 0xFE04, 0xFE24, 0xFE24, 0xFE24, 
  0xFE25, 0xFE45, 0xFE45, 0xFE45, 0xFE45, 0xFE45, 0xFE45, 0xFE45, 
  0xFE45, 0xFE45, 0xFE45, 0xFE66, 0xFE66, 0xFE66, 0xFE45, 0xF5E4, 
  0xF5A3, 0xFE04, 0xFE45, 0xFE45, 0xFE46, 0xFE66, 0xFE67, 0xFE67, 
  0xFE66, 0xFE45, 0xFE45, 0xFE24, 0xED83, 0xED83, 0xFE25, 0xFE46, 
  0xFE66, 0xFE66, 0xFE66, 0xFE45, 0xFE45, 0xFE45, 0xFE45, 0xFE45, 
  0xFE45, 0xFE45, 0xFE45, 0xFE45, 0xFE45, 0xFE25, 0xFE24, 0xFE24, 
  0xFE04, 0xFE04, 0xFE04, 0xFDE4, 0xF5C3, 0xED83, 0xE543, 0xE522, 
  0xDCC2, 0xD482, 0xD4A2, 0xDD02, 0xE522, 0xE523, 0xE543, 0xF4E2, 
  0x0000, 0x0000, 0x0000, 0x0000, 0x0000, 0x0000, 0x0000, 0x0000, 
  0x0000, 0x0000, 0x0000, 0x0000, 0x0000, 0x0000, 0x0000, 0x0000, 
  0x0000, 0x0000, 0x0000, 0x0000, 0x0000, 0x0000, 0x0000, 0x0000, 
  
  0x0000, 0x0000, 0x0000, 0x0000, 0x0000, 0x0000, 0x0000, 0x0000, 
  0x0000, 0x0000, 0x0000, 0x0000, 0x0000, 0x0000, 0x0000, 0x0000, 
  0x0000, 0x0000, 0x0000, 0x0000, 0x0000, 0x0000, 0xF4E0, 0xE523, 
  0xDD02, 0xDCC2, 0xCC82, 0xCC61, 0xD4A2, 0xDD02, 0xE543, 0xED63, 
  0xF5A3, 0xF5E4, 0xFDE4, 0xFE04, 0xFE04, 0xFE24, 0xFE24, 0xFE24, 
  0xFE25, 0xFE25, 0xFE45, 0xFE45, 0xFE45, 0xFE45, 0xFE45, 0xFE45, 
  0xFE45, 0xFE45, 0xFE45, 0xFE46, 0xFE65, 0xFE45, 0xFE24, 0xF5A3, 
  0xED83, 0xFDE4, 0xFE24, 0xFE24, 0xFE25, 0xFE45, 0xFE45, 0xFE45, 
  0xFE25, 0xFE25, 0xFE24, 0xFDE4, 0xED63, 0xED63, 0xFE04, 0xFE45, 
  0xFE45, 0xFE66, 0xFE66, 0xFE45, 0xFE45, 0xFE45, 0xFE45, 0xFE45, 
  0xFE45, 0xFE45, 0xFE45, 0xFE45, 0xFE45, 0xFE24, 0xFE24, 0xFE24, 
  0xFE04, 0xFE04, 0xFE04, 0xF5E4, 0xF5A3, 0xED63, 0xE543, 0xE502, 
  0xD4C2, 0xD482, 0xD4A2, 0xDCE2, 0xDD02, 0xE523, 0xE541, 0xF800, 
  0x0000, 0x0000, 0x0000, 0x0000, 0x0000, 0x0000, 0x0000, 0x0000, 
  0x0000, 0x0000, 0x0000, 0x0000, 0x0000, 0x0000, 0x0000, 0x0000, 
  0x0000, 0x0000, 0x0000, 0x0000, 0x0000, 0x0000, 0x0000, 0x0000, 
  
  0x0000, 0x0000, 0x0000, 0x0000, 0x0000, 0x0000, 0x0000, 0x0000, 
  0x0000, 0x0000, 0x0000, 0x0000, 0x0000, 0xD6BA, 0xDEFB, 0xDF1C, 
  0xDF5D, 0xDF5D, 0xDF5D, 0xDF5D, 0xD73C, 0xDEDB, 0xE71C, 0xE60E, 
  0xDD04, 0xD4A2, 0xD482, 0xCC82, 0xD4A2, 0xDCE2, 0xE522, 0xED63, 
  0xED83, 0xF5C3, 0xFDE4, 0xFE04, 0xFE04, 0xFE24, 0xFE24, 0xFE24, 
  0xFE24, 0xFE25, 0xFE45, 0xFE45, 0xFE45, 0xFE45, 0xFE45, 0xFE45, 
  0xFE45, 0xFE45, 0xFE45, 0xFE45, 0xFE45, 0xFE45, 0xFE04, 0xED83, 
  0xE543, 0xED83, 0xF5C3, 0xF5E4, 0xFE04, 0xFE04, 0xFE04, 0xFE04, 
  0xFE04, 0xF5E4, 0xF5C3, 0xED83, 0xE543, 0xED63, 0xFE04, 0xFE45, 
  0xFE45, 0xFE65, 0xFE45, 0xFE45, 0xFE45, 0xFE45, 0xFE45, 0xFE45, 
  0xFE45, 0xFE45, 0xFE45, 0xFE45, 0xFE25, 0xFE24, 0xFE24, 0xFE24, 
  0xFE04, 0xFE04, 0xFE04, 0xF5E4, 0xF5A3, 0xED63, 0xE543, 0xDD02, 
  0xD4C2, 0xCCA2, 0xD4A2, 0xD4A2, 0xDCE2, 0xE568, 0xDEFB, 0xDEFB, 
  0xDF5D, 0xDF5D, 0xDF5D, 0xDF1C, 0xE71C, 0xDF1C, 0xDEFB, 0xDEFB, 
  0xDEFB, 0xBDF7, 0x0000, 0x0000, 0x0000, 0x0000, 0x0000, 0x0000, 
  0x0000, 0x0000, 0x0000, 0x0000, 0x0000, 0x0000, 0x0000, 0x0000, 
  
  0x0000, 0x0000, 0x0000, 0x0000, 0x0000, 0x0000, 0x0000, 0x0000, 
  0x0000, 0x0000, 0x0000, 0xCE79, 0xD6BA, 0xDEDB, 0xDEFB, 0xDEFB, 
  0xDEFB, 0xDEFB, 0xDEFB, 0xDEFC, 0xDEFB, 0xDEFB, 0xDEFB, 0xDEFB, 
  0xDEFB, 0xDEDA, 0xDED9, 0xCD8E, 0xD4C5, 0xDCE3, 0xE544, 0xE564, 
  0xEDA4, 0xF5C5, 0xF5E5, 0xFE05, 0xFE05, 0xFE25, 0xFE25, 0xFE25, 
  0xFE26, 0xFE26, 0xFE46, 0xFE46, 0xFE46, 0xFE46, 0xFE46, 0xFE46, 
  0xFE46, 0xFE66, 0xFE66, 0xFE66, 0xFE67, 0xFE46, 0xFE25, 0xEDA4, 
  0xE544, 0xDD03, 0xDD24, 0xE544, 0xE564, 0xED84, 0xED84, 0xED84, 
  0xE564, 0xE544, 0xE524, 0xDD03, 0xDD23, 0xED84, 0xF605, 0xFE46, 
  0xFE67, 0xFE67, 0xFE66, 0xFE66, 0xFE46, 0xFE46, 0xFE46, 0xFE46, 
  0xFE46, 0xFE46, 0xFE46, 0xFE46, 0xFE26, 0xFE26, 0xFE25, 0xFE25, 
  0xFE25, 0xFE05, 0xF605, 0xF5E5, 0xEDA4, 0xED64, 0xE544, 0xDD03, 
  0xD4C4, 0xD54A, 0xD677, 0xDEB9, 0xDEFB, 0xDEFB, 0xDEFB, 0xDEFB, 
  0xDEFC, 0xDEFC, 0xDEFC, 0xDEFC, 0xDEFB, 0xDEFB, 0xDEFC, 0xDEFB, 
  0xDEFB, 0xDEDB, 0xD69A, 0xD6BA, 0x0000, 0x0000, 0x0000, 0x0000, 
  0x0000, 0x0000, 0x0000, 0x0000, 0x0000, 0x0000, 0x0000, 0x0000, 
  
  0x0000, 0x0000, 0x0000, 0x0000, 0x0000, 0x0000, 0x0000, 0x0000, 
  0x0000, 0x0000, 0xA534, 0xC638, 0xC659, 0xCE79, 0xCE7A, 0xCE9A, 
  0xCE9A, 0xCE9A, 0xD69A, 0xCE9A, 0xCE9A, 0xCE9A, 0xD69A, 0xCE9A, 
  0xCE9A, 0xD69A, 0xD69A, 0xD69A, 0xCE58, 0xD657, 0xD657, 0xD677, 
  0xD677, 0xD677, 0xD677, 0xD678, 0xD698, 0xD698, 0xD698, 0xD698, 
  0xD698, 0xD698, 0xD698, 0xD698, 0xD698, 0xD698, 0xD698, 0xD698, 
  0xD698, 0xD698, 0xD698, 0xD698, 0xD698, 0xD698, 0xD698, 0xD698, 
  0xD677, 0xD657, 0xCE37, 0xCE37, 0xCE37, 0xCE37, 0xCE37, 0xCE37, 
  0xCE37, 0xCE37, 0xCE37, 0xCE37, 0xCE57, 0xD677, 0xD698, 0xD698, 
  0xD698, 0xD698, 0xD698, 0xD698, 0xD698, 0xD698, 0xD698, 0xD698, 
  0xD698, 0xD698, 0xD698, 0xD698, 0xD698, 0xD678, 0xD698, 0xD698, 
  0xD677, 0xD677, 0xD677, 0xD677, 0xD677, 0xD677, 0xD677, 0xD657, 
  0xCE57, 0xCE79, 0xCE9A, 0xD69A, 0xD69A, 0xCE9A, 0xCE9A, 0xCE9A, 
  0xCE9A, 0xCE9A, 0xCE9A, 0xCE9A, 0xCE9A, 0xCE9A, 0xCE9A, 0xCE7A, 
  0xCE79, 0xCE59, 0xCE59, 0xCE59, 0x7BEF, 0x0000, 0x0000, 0x0000, 
  0x0000, 0x0000, 0x0000, 0x0000, 0x0000, 0x0000, 0x0000, 0x0000, 
  
  0x0000, 0x0000, 0x0000, 0x0000, 0x0000, 0x0000, 0x0000, 0x0000, 
  0x0000, 0x0000, 0xB5B6, 0xB596, 0xAD75, 0xAD75, 0xAD96, 0xB596, 
  0xB596, 0xB596, 0xB596, 0xB596, 0xB596, 0xB5B6, 0xB5B6, 0xB5B6, 
  0xB5B6, 0xB5B6, 0xB5B6, 0xB5B6, 0xB5B7, 0xB5B7, 0xB5B7, 0xB5B7, 
  0xB5B7, 0xB5D7, 0xB5B7, 0xB5D7, 0xB5D7, 0xB5D7, 0xB5D7, 0xB5D7, 
  0xB5D7, 0xBDD7, 0xB5D7, 0xB5D7, 0xB5D7, 0xBDD7, 0xBDD7, 0xBDD7, 
  0xBDD7, 0xBDD7, 0xBDD7, 0xBDD7, 0xBDD7, 0xBDD7, 0xBDD7, 0xBDD7, 
  0xBDD7, 0xBDD7, 0xBDF7, 0xBDF7, 0xBDF7, 0xBDD7, 0xBDF7, 0xBDF7, 
  0xBDF7, 0xBDD7, 0xBDF7, 0xBDF7, 0xBDD7, 0xBDD7, 0xBDD7, 0xBDD7, 
  0xB5D7, 0xBDD7, 0xBDD7, 0xB5D7, 0xB5D7, 0xB5D7, 0xB5D7, 0xB5D7, 
  0xB5D7, 0xB5D7, 0xB5B7, 0xB5B7, 0xB5B7, 0xB5B7, 0xB5B7, 0xB5B7, 
  0xB5B7, 0xB5B7, 0xB5B7, 0xB5B7, 0xB5B7, 0xB5B7, 0xB5B6, 0xB5B6, 
  0xB5B6, 0xB5B6, 0xB596, 0xB596, 0xB596, 0xB596, 0xB596, 0xB596, 
  0xB596, 0xB596, 0xAD96, 0xAD96, 0xAD96, 0xAD76, 0xAD76, 0xAD75, 
  0xAD75, 0xAD75, 0xB5B7, 0xBDD7, 0xBDF7, 0x0000, 0x0000, 0x0000, 
  0x0000, 0x0000, 0x0000, 0x0000, 0x0000, 0x0000, 0x0000, 0x0000, 
  
  0x0000, 0x0000, 0x0000, 0x0000, 0x0000, 0x0000, 0x0000, 0x0000, 
  0x0000, 0x0000, 0x9D14, 0x94B3, 0x8C92, 0x9492, 0x94B3, 0x94D3, 
  0x9CD3, 0x9CD3, 0x9CF3, 0x9CF3, 0x9CF3, 0x9CF3, 0x9CF3, 0x9CF3, 
  0x9CF3, 0x9CF4, 0x9CF4, 0x9CF4, 0x9D14, 0x9D14, 0xA514, 0xA514, 
  0xA514, 0xA514, 0xA514, 0xA514, 0xA534, 0xA534, 0xA534, 0xA534, 
  0xA534, 0xA535, 0xA534, 0xA534, 0xA534, 0xA534, 0xA535, 0xA535, 
  0xA535, 0xA535, 0xA535, 0xA535, 0xA535, 0xA535, 0xA535, 0xA535, 
  0xA535, 0xA535, 0xA535, 0xA535, 0xA535, 0xA535, 0xA535, 0xA535, 
  0xA535, 0xA535, 0xA535, 0xA535, 0xA535, 0xA534, 0xA534, 0xA534, 
  0xA534, 0xA534, 0xA534, 0xA534, 0xA534, 0xA534, 0xA514, 0xA514, 
  0xA534, 0xA514, 0xA514, 0xA514, 0xA514, 0xA514, 0x9D14, 0x9D14, 
  0x9D14, 0x9CF4, 0x9D14, 0x9CF4, 0x9CF4, 0x9CF4, 0x9CF3, 0x9CF3, 
  0x9CF3, 0x9CF3, 0x9CD3, 0x9CD3, 0x94D3, 0x94D3, 0x9CD3, 0x94D3, 
  0x94D3, 0x94D3, 0x94B3, 0x94B3, 0x94B3, 0x94B2, 0x94B2, 0x9492, 
  0x9492, 0x8C92, 0x94D3, 0xA555, 0xA555, 0x0000, 0x0000, 0x0000, 
  0x0000, 0x0000, 0x0000, 0x0000, 0x0000, 0x0000, 0x0000, 0x0000, 
  
  0x0000, 0x0000, 0x0000, 0x0000, 0x0000, 0x0000, 0x0000, 0x0000, 
  0x0000, 0x8430, 0x8C71, 0x8430, 0x8410, 0x8451, 0x8C51, 0x8C71, 
  0x8C71, 0x8C71, 0x8C72, 0x8C92, 0x8C92, 0x8C92, 0x9492, 0x9492, 
  0x9492, 0x9492, 0x9492, 0x9492, 0x94B2, 0x94B2, 0x94B2, 0x94B3, 
  0x94B3, 0x94B3, 0x94B3, 0x94B3, 0x94D3, 0x94D3, 0x94D3, 0x9CD3, 
  0x9CD3, 0x9CD3, 0x9CD3, 0x9CD3, 0x9CD3, 0x9CD3, 0x94D3, 0x9CD3, 
  0x9CD3, 0x9CD3, 0x9CF3, 0x9CF3, 0x9CF3, 0x9CF3, 0x9CF3, 0x9CF3, 
  0x9CF3, 0x9CF3, 0x9CF3, 0x9CF3, 0x9CF3, 0x9CF3, 0x9CF3, 0x9CF3, 
  0x9CD3, 0x9CF3, 0x9CF3, 0x9CF3, 0x9CD3, 0x9CD3, 0x9CD3, 0x9CD3, 
  0x9CD3, 0x94D3, 0x94D3, 0x9CD3, 0x9CD3, 0x9CD3, 0x94D3, 0x94D3, 
  0x94D3, 0x94D3, 0x94B3, 0x94B3, 0x94B3, 0x94B3, 0x94B3, 0x94B2, 
  0x94B2, 0x94B2, 0x94B2, 0x9492, 0x9492, 0x9492, 0x9492, 0x8C92, 
  0x8C92, 0x8C72, 0x8C72, 0x8C72, 0x8C71, 0x8C71, 0x8C71, 0x8C71, 
  0x8C51, 0x8C51, 0x8C51, 0x8451, 0x8451, 0x8451, 0x8431, 0x8431, 
  0x8430, 0x8410, 0x8410, 0x8C92, 0x9492, 0x7BEF, 0x0000, 0x0000, 
  0x0000, 0x0000, 0x0000, 0x0000, 0x0000, 0x0000, 0x0000, 0x0000, 
  
  0x0000, 0x0000, 0x0000, 0x0000, 0x0000, 0x0000, 0x0000, 0x0000, 
  0x0000, 0x73AE, 0x7C10, 0x7BF0, 0x7BF0, 0x8430, 0x8430, 0x8431, 
  0x8431, 0x8451, 0x8451, 0x8C51, 0x8C51, 0x8C51, 0x8C71, 0x8C71, 
  0x8C71, 0x8C72, 0x8C72, 0x8C72, 0x8C72, 0x8C72, 0x8C92, 0x8C92, 
  0x9492, 0x9492, 0x9492, 0x9492, 0x9492, 0x9492, 0x94B2, 0x94B2, 
  0x94B2, 0x94B2, 0x94B2, 0x94B2, 0x94B3, 0x94B3, 0x94B2, 0x94B3, 
  0x94B3, 0x94B3, 0x94B3, 0x94B3, 0x94B3, 0x94B3, 0x94B3, 0x94D3, 
  0x94D3, 0x94B3, 0x94B3, 0x94B3, 0x94B3, 0x94D3, 0x94D3, 0x94D3, 
  0x94D3, 0x94B3, 0x94B3, 0x94B3, 0x94B3, 0x94B3, 0x94B3, 0x94B3, 
  0x94B3, 0x94B2, 0x94B2, 0x94B3, 0x94B2, 0x94B2, 0x94B2, 0x9492, 
  0x9492, 0x9492, 0x9492, 0x9492, 0x8C92, 0x8C92, 0x8C92, 0x8C92, 
  0x8C72, 0x8C72, 0x8C72, 0x8C72, 0x8C72, 0x8C71, 0x8C71, 0x8C71, 
  0x8C51, 0x8C51, 0x8451, 0x8451, 0x8451, 0x8431, 0x8431, 0x8431, 
  0x8431, 0x8431, 0x8430, 0x8430, 0x8430, 0x8410, 0x8410, 0x7C10, 
  0x7C10, 0x7BF0, 0x7BEF, 0x8430, 0x8431, 0x8410, 0x0000, 0x0000, 
  0x0000, 0x0000, 0x0000, 0x0000, 0x0000, 0x0000, 0x0000, 0x0000, 
  
  0x0000, 0x0000, 0x0000, 0x0000, 0x0000, 0x0000, 0x0000, 0x0000, 
  0x0000, 0x6B4F, 0x7BD0, 0x7BF0, 0x7BF0, 0x8410, 0x8430, 0x8431, 
  0x8431, 0x8451, 0x8451, 0x8451, 0x8451, 0x8C51, 0x8C51, 0x8C71, 
  0x8C71, 0x8C71, 0x8C72, 0x8C72, 0x8C72, 0x8C72, 0x8C72, 0x8C92, 
  0x8C92, 0x8C92, 0x8C92, 0x9492, 0x9492, 0x9492, 0x9492, 0x9492, 
  0x94B2, 0x94B2, 0x94B2, 0x94B2, 0x94B2, 0x94B2, 0x94B2, 0x94B3, 
  0x94B3, 0x94B3, 0x94B3, 0x94B3, 0x94B3, 0x94B3, 0x94B3, 0x94B3, 
  0x94B3, 0x94B3, 0x94B3, 0x94B3, 0x94B3, 0x94B3, 0x94B3, 0x94B3, 
  0x94B3, 0x94B3, 0x94B3, 0x94B3, 0x94B2, 0x94B2, 0x94B3, 0x94B2, 
  0x94B2, 0x94B2, 0x94B2, 0x94B2, 0x94B2, 0x9492, 0x9492, 0x9492, 
  0x9492, 0x9492, 0x9492, 0x8C92, 0x8C92, 0x8C92, 0x8C72, 0x8C72, 
  0x8C72, 0x8C72, 0x8C71, 0x8C71, 0x8C71, 0x8C71, 0x8C71, 0x8C51, 
  0x8C51, 0x8451, 0x8451, 0x8451, 0x8451, 0x8431, 0x8431, 0x8431, 
  0x8410, 0x8430, 0x8430, 0x8410, 0x8410, 0x7C10, 0x7C10, 0x7C10, 
  0x7C10, 0x7BF0, 0x7BCF, 0x7C10, 0x8431, 0x7C30, 0x0000, 0x0000, 
  0x0000, 0x0000, 0x0000, 0x0000, 0x0000, 0x0000, 0x0000, 0x0000, 
  
  0x0000, 0x0000, 0x0000, 0x0000, 0x0000, 0x0000, 0x0000, 0x0000, 
  0x0000, 0x73AE, 0x7BEF, 0x7BF0, 0x7C10, 0x8410, 0x8430, 0x8431, 
  0x8431, 0x8431, 0x8451, 0x8451, 0x8451, 0x8451, 0x8C51, 0x8C71, 
  0x8C71, 0x8C71, 0x8C72, 0x8C72, 0x8C72, 0x8C72, 0x8C72, 0x8C92, 
  0x8C92, 0x8C92, 0x8C92, 0x8C92, 0x9492, 0x9492, 0x9492, 0x94B2, 
  0x94B2, 0x94B2, 0x94B2, 0x94B2, 0x94B2, 0x94B2, 0x94B2, 0x94B2, 
  0x94B3, 0x94B3, 0x94B2, 0x94B3, 0x94B3, 0x94B2, 0x94B3, 0x94B2, 
  0x94B2, 0x94B3, 0x94B3, 0x94B3, 0x94B3, 0x94B3, 0x94B3, 0x94B3, 
  0x94B3, 0x94B3, 0x94B3, 0x94B2, 0x94B2, 0x94B2, 0x94B2, 0x94B2, 
  0x94B2, 0x94B2, 0x94B2, 0x9492, 0x9492, 0x9492, 0x9492, 0x9492, 
  0x9492, 0x9492, 0x8C92, 0x8C92, 0x8C92, 0x8C92, 0x8C92, 0x8C72, 
  0x8C72, 0x8C71, 0x8C71, 0x8C71, 0x8C71, 0x8C71, 0x8C71, 0x8C51, 
  0x8451, 0x8451, 0x8451, 0x8451, 0x8451, 0x8431, 0x8431, 0x8431, 
  0x8430, 0x8430, 0x8410, 0x8410, 0x8410, 0x8410, 0x7C10, 0x7C10, 
  0x7C10, 0x7BF0, 0x7BEF, 0x7C10, 0x8430, 0x8410, 0x0000, 0x0000, 
  0x0000, 0x0000, 0x0000, 0x0000, 0x0000, 0x0000, 0x0000, 0x0000, 
  
  0x0000, 0x0000, 0x0000, 0x0000, 0x0000, 0x0000, 0x0000, 0x0000, 
  0x0000, 0x73CF, 0x7BF0, 0x7BF0, 0x7C10, 0x8430, 0x8430, 0x8431, 
  0x8431, 0x8431, 0x8451, 0x8451, 0x8451, 0x8451, 0x8C51, 0x8C51, 
  0x8C71, 0x8C71, 0x8C71, 0x8C72, 0x8C72, 0x8C72, 0x8C72, 0x8C72, 
  0x8C92, 0x8C92, 0x8C92, 0x8C92, 0x9492, 0x9492, 0x9492, 0x9492, 
  0x9492, 0x94B2, 0x94B2, 0x94B2, 0x94B2, 0x94B2, 0x94B2, 0x94B2, 
  0x94B2, 0x94B2, 0x94B2, 0x94B2, 0x94B3, 0x94B2, 0x94B3, 0x94B2, 
  0x94B2, 0x94B3, 0x94B3, 0x94B3, 0x94B3, 0x94B3, 0x94B3, 0x94B3, 
  0x94B3, 0x94B3, 0x94B3, 0x94B2, 0x94B2, 0x94B2, 0x94B2, 0x94B2, 
  0x94B2, 0x94B2, 0x9492, 0x9492, 0x94B2, 0x9492, 0x9492, 0x9492, 
  0x8C92, 0x8C92, 0x8C92, 0x8C92, 0x8C92, 0x8C92, 0x8C92, 0x8C72, 
  0x8C72, 0x8C72, 0x8C71, 0x8C71, 0x8C71, 0x8C51, 0x8C51, 0x8C51, 
  0x8C51, 0x8451, 0x8451, 0x8451, 0x8431, 0x8431, 0x8431, 0x8430, 
  0x8430, 0x8430, 0x8410, 0x8410, 0x8410, 0x7C10, 0x7C10, 0x7C10, 
  0x7C10, 0x7BF0, 0x7BEF, 0x7BF0, 0x7BF0, 0x7C10, 0x0000, 0x0000, 
  0x0000, 0x0000, 0x0000, 0x0000, 0x0000, 0x0000, 0x0000, 0x0000, 
  
  0x0000, 0x0000, 0x0000, 0x0000, 0x0000, 0x0000, 0x0000, 0x0000, 
  0x0000, 0x738E, 0x7BEF, 0x7BF0, 0x7C10, 0x8410, 0x8430, 0x8431, 
  0x8431, 0x8431, 0x8431, 0x8451, 0x8C51, 0x8C51, 0x8C51, 0x8C51, 
  0x8C51, 0x8C71, 0x8C71, 0x8C72, 0x8C72, 0x8C72, 0x8C72, 0x8C72, 
  0x8C72, 0x8C92, 0x8C92, 0x8C92, 0x9492, 0x9492, 0x9492, 0x8C92, 
  0x9492, 0x94B2, 0x94B2, 0x94B2, 0x94B2, 0x94B2, 0x94B2, 0x94B2, 
  0x94B2, 0x94B2, 0x94B2, 0x94B2, 0x94B3, 0x94B3, 0x94B2, 0x94B2, 
  0x94B3, 0x94B3, 0x94B2, 0x94B2, 0x94B3, 0x94B3, 0x94B3, 0x94B3, 
  0x94B3, 0x94B3, 0x94B3, 0x94B2, 0x94B2, 0x94B2, 0x94B2, 0x94B2, 
  0x94B2, 0x94B2, 0x9492, 0x9492, 0x9492, 0x9492, 0x9492, 0x8C92, 
  0x8C92, 0x8C92, 0x8C92, 0x8C92, 0x8C92, 0x8C92, 0x8C72, 0x8C72, 
  0x8C72, 0x8C71, 0x8C71, 0x8C71, 0x8C71, 0x8C51, 0x8C51, 0x8451, 
  0x8C51, 0x8451, 0x8451, 0x8451, 0x8431, 0x8431, 0x8431, 0x8430, 
  0x8430, 0x8430, 0x8430, 0x8410, 0x8410, 0x7C10, 0x7C10, 0x7C10, 
  0x7BF0, 0x7BF0, 0x7BEF, 0x7BF0, 0x7BF0, 0x7BD0, 0x0000, 0x0000, 
  0x0000, 0x0000, 0x0000, 0x0000, 0x0000, 0x0000, 0x0000, 0x0000, 
  
  0x0000, 0x0000, 0x0000, 0x0000, 0x0000, 0x0000, 0x0000, 0x0000, 
  0x0000, 0x6B6D, 0x7BEF, 0x7BF0, 0x7C10, 0x8410, 0x8430, 0x8430, 
  0x8431, 0x8431, 0x8431, 0x8451, 0x8451, 0x8451, 0x8C51, 0x8C51, 
  0x8C51, 0x8C71, 0x8C71, 0x8C71, 0x8C72, 0x8C72, 0x8C71, 0x8C72, 
  0x8C72, 0x8C92, 0x8C92, 0x8C92, 0x9492, 0x9492, 0x9492, 0x9492, 
  0x9492, 0x9492, 0x94B2, 0x94B2, 0x94B2, 0x94B2, 0x94B2, 0x94B2, 
  0x94B2, 0x94B2, 0x94B2, 0x94B2, 0x94B2, 0x94B2, 0x94B2, 0x94B2, 
  0x94B2, 0x94B2, 0x94B3, 0x94B2, 0x94B2, 0x94B3, 0x94B2, 0x94B2, 
  0x94B2, 0x94B2, 0x94B2, 0x94B2, 0x94B2, 0x94B2, 0x94B2, 0x94B2, 
  0x94B2, 0x94B2, 0x9492, 0x9492, 0x9492, 0x9492, 0x9492, 0x9492, 
  0x9492, 0x8C92, 0x8C92, 0x8C72, 0x8C72, 0x8C72, 0x8C72, 0x8C72, 
  0x8C72, 0x8C71, 0x8C71, 0x8C71, 0x8C71, 0x8C51, 0x8C51, 0x8451, 
  0x8451, 0x8451, 0x8451, 0x8431, 0x8431, 0x8431, 0x8431, 0x8430, 
  0x8430, 0x8430, 0x8430, 0x8410, 0x7C10, 0x7C10, 0x7C10, 0x7C10, 
  0x7BF0, 0x7BF0, 0x7BF0, 0x7BF0, 0x7BF0, 0x738E, 0x0000, 0x0000, 
  0x0000, 0x0000, 0x0000, 0x0000, 0x0000, 0x0000, 0x0000, 0x0000, 
  
  0x0000, 0x0000, 0x0000, 0x0000, 0x0000, 0x0000, 0x0000, 0x0000, 
  0x0000, 0x6BEF, 0x7BF0, 0x7BF0, 0x7C10, 0x8410, 0x8430, 0x8430, 
  0x8431, 0x8431, 0x8431, 0x8451, 0x8451, 0x8C51, 0x8C51, 0x8C51, 
  0x8C51, 0x8C71, 0x8C71, 0x8C71, 0x8C72, 0x8C72, 0x8C72, 0x8C72, 
  0x8C72, 0x8C92, 0x8C72, 0x8C92, 0x9492, 0x9492, 0x9492, 0x9492, 
  0x9492, 0x9492, 0x94B2, 0x94B2, 0x94B2, 0x94B2, 0x94B2, 0x94B2, 
  0x94B2, 0x94B3, 0x94B2, 0x94B2, 0x94B3, 0x94B2, 0x94B2, 0x94B2, 
  0x94B2, 0x94B2, 0x94B3, 0x94B3, 0x94B2, 0x94B2, 0x94B2, 0x94B2, 
  0x94B2, 0x94B2, 0x94B2, 0x94B2, 0x94B3, 0x94B2, 0x94B2, 0x94B2, 
  0x94B2, 0x94B2, 0x9492, 0x9492, 0x9492, 0x9492, 0x9492, 0x9492, 
  0x9492, 0x8C92, 0x8C92, 0x8C72, 0x8C72, 0x8C92, 0x8C92, 0x8C72, 
  0x8C72, 0x8C71, 0x8C71, 0x8C71, 0x8C71, 0x8C51, 0x8C51, 0x8C51, 
  0x8C51, 0x8451, 0x8451, 0x8431, 0x8431, 0x8431, 0x8431, 0x8430, 
  0x8430, 0x8430, 0x8410, 0x8410, 0x7C10, 0x7C10, 0x7C10, 0x7C10, 
  0x7BF0, 0x7BF0, 0x7BF0, 0x7C10, 0x7C10, 0x7BEF, 0x0000, 0x0000, 
  0x0000, 0x0000, 0x0000, 0x0000, 0x0000, 0x0000, 0x0000, 0x0000, 
  
  0x0000, 0x0000, 0x0000, 0x0000, 0x0000, 0x0000, 0x0000, 0x0000, 
  0x0000, 0x63AE, 0x7C10, 0x7BF0, 0x7C10, 0x8410, 0x8430, 0x8431, 
  0x8431, 0x8431, 0x8451, 0x8451, 0x8451, 0x8C51, 0x8451, 0x8C51, 
  0x8C51, 0x8C71, 0x8C71, 0x8C71, 0x8C71, 0x8C72, 0x8C72, 0x8C72, 
  0x8C92, 0x8C92, 0x8C72, 0x8C92, 0x8C92, 0x8C92, 0x8C92, 0x9492, 
  0x9492, 0x9492, 0x9492, 0x94B2, 0x94B2, 0x9492, 0x94B2, 0x94B2, 
  0x94B2, 0x94B2, 0x94B2, 0x94B2, 0x94B3, 0x94B2, 0x94B2, 0x94B2, 
  0x94B2, 0x94B2, 0x94B2, 0x94B2, 0x94B2, 0x94B2, 0x94B2, 0x94B2, 
  0x94B2, 0x94B2, 0x94B2, 0x94B2, 0x94B2, 0x94B2, 0x94B2, 0x94B2, 
  0x9492, 0x9492, 0x9492, 0x9492, 0x9492, 0x9492, 0x9492, 0x9492, 
  0x8C92, 0x8C92, 0x8C92, 0x8C92, 0x8C92, 0x8C72, 0x8C72, 0x8C72, 
  0x8C72, 0x8C71, 0x8C71, 0x8C71, 0x8C71, 0x8C51, 0x8451, 0x8451, 
  0x8451, 0x8451, 0x8451, 0x8451, 0x8431, 0x8431, 0x8431, 0x8430, 
  0x8430, 0x8430, 0x8410, 0x8410, 0x8410, 0x7C10, 0x7C10, 0x7BF0, 
  0x7BF0, 0x7BF0, 0x7BF0, 0x7C10, 0x8410, 0x738E, 0x0000, 0x0000, 
  0x0000, 0x0000, 0x0000, 0x0000, 0x0000, 0x0000, 0x0000, 0x0000, 
  
  0x0000, 0x0000, 0x0000, 0x0000, 0x0000, 0x0000, 0x0000, 0x0000, 
  0x0000, 0x7BCF, 0x7BF0, 0x7BF0, 0x7BF0, 0x8410, 0x8430, 0x8431, 
  0x8431, 0x8431, 0x8431, 0x8451, 0x8451, 0x8451, 0x8451, 0x8C51, 
  0x8C51, 0x8C71, 0x8C71, 0x8C71, 0x8C72, 0x8C72, 0x8C72, 0x8C72, 
  0x8C72, 0x8C92, 0x8C92, 0x8C92, 0x8C92, 0x8C92, 0x8C92, 0x8C92, 
  0x9492, 0x9492, 0x9492, 0x9492, 0x9492, 0x9492, 0x94B2, 0x94B2, 
  0x94B2, 0x94B2, 0x94B2, 0x94B2, 0x94B2, 0x94B3, 0x94B3, 0x94B2, 
  0x94B2, 0x94B2, 0x94B2, 0x94B2, 0x94B2, 0x94B3, 0x94B2, 0x94B2, 
  0x94B2, 0x94B2, 0x94B2, 0x94B3, 0x94B2, 0x94B2, 0x94B2, 0x94B2, 
  0x94B2, 0x9492, 0x9492, 0x9492, 0x9492, 0x9492, 0x9492, 0x9492, 
  0x8C92, 0x8C92, 0x8C92, 0x8C92, 0x8C92, 0x8C72, 0x8C72, 0x8C72, 
  0x8C72, 0x8C71, 0x8C71, 0x8C71, 0x8C71, 0x8C51, 0x8451, 0x8451, 
  0x8451, 0x8451, 0x8451, 0x8431, 0x8431, 0x8431, 0x8431, 0x8430, 
  0x8430, 0x8430, 0x8430, 0x8410, 0x8410, 0x7C10, 0x7C10, 0x7C10, 
  0x7BF0, 0x7BF0, 0x7BF0, 0x8430, 0x8410, 0x39C7, 0x0000, 0x0000, 
  0x0000, 0x0000, 0x0000, 0x0000, 0x0000, 0x0000, 0x0000, 0x0000, 
  
  0x0000, 0x0000, 0x0000, 0x0000, 0x0000, 0x0000, 0x0000, 0x0000, 
  0x0000, 0x0000, 0x7BF0, 0x7BF0, 0x7C10, 0x8410, 0x8430, 0x8431, 
  0x8431, 0x8431, 0x8451, 0x8451, 0x8451, 0x8451, 0x8C51, 0x8C51, 
  0x8C51, 0x8C71, 0x8C71, 0x8C71, 0x8C71, 0x8C71, 0x8C72, 0x8C72, 
  0x8C72, 0x8C72, 0x8C92, 0x8C92, 0x8C92, 0x9492, 0x8C92, 0x8C92, 
  0x9492, 0x9492, 0x9492, 0x9492, 0x9492, 0x9492, 0x94B2, 0x94B2, 
  0x94B2, 0x94B2, 0x94B2, 0x94B2, 0x94B2, 0x94B2, 0x94B3, 0x94B3, 
  0x94B2, 0x94B2, 0x94B2, 0x94B3, 0x94B2, 0x94B2, 0x94B3, 0x94B2, 
  0x94B2, 0x94B2, 0x94B2, 0x94B2, 0x94B2, 0x94B2, 0x94B2, 0x94B2, 
  0x94B2, 0x94B2, 0x9492, 0x9492, 0x9492, 0x9492, 0x9492, 0x9492, 
  0x8C92, 0x8C92, 0x8C92, 0x8C72, 0x8C92, 0x8C72, 0x8C72, 0x8C72, 
  0x8C72, 0x8C71, 0x8C71, 0x8C71, 0x8C51, 0x8C51, 0x8C51, 0x8C51, 
  0x8451, 0x8451, 0x8451, 0x8431, 0x8431, 0x8431, 0x8430, 0x8430, 
  0x8431, 0x8430, 0x8430, 0x8410, 0x8410, 0x7C10, 0x7C10, 0x7C10, 
  0x7BF0, 0x7BF0, 0x7BEF, 0x7C10, 0x7BF0, 0x0000, 0x0000, 0x0000, 
  0x0000, 0x0000, 0x0000, 0x0000, 0x0000, 0x0000, 0x0000, 0x0000, 
  
  0x0000, 0x0000, 0x0000, 0x0000, 0x0000, 0x0000, 0x0000, 0x0000, 
  0x0000, 0x0000, 0x7C10, 0x7BF0, 0x7C10, 0x8410, 0x8430, 0x8430, 
  0x8430, 0x8431, 0x8431, 0x8451, 0x8451, 0x8451, 0x8451, 0x8C51, 
  0x8C51, 0x8C71, 0x8C71, 0x8C71, 0x8C71, 0x8C72, 0x8C72, 0x8C92, 
  0x8C72, 0x8C72, 0x8C92, 0x8C92, 0x8C92, 0x8C92, 0x8C92, 0x9492, 
  0x9492, 0x9492, 0x94B2, 0x94B2, 0x9492, 0x9492, 0x9492, 0x94B2, 
  0x94B2, 0x94B2, 0x94B2, 0x94B2, 0x94B2, 0x94B2, 0x94B2, 0x94B2, 
  0x94B2, 0x94B2, 0x94B2, 0x94B2, 0x94B2, 0x94B2, 0x94B2, 0x94B2, 
  0x94B3, 0x94B2, 0x94B2, 0x94B2, 0x94B2, 0x94B2, 0x94B2, 0x9492, 
  0x94B2, 0x9492, 0x9492, 0x9492, 0x9492, 0x8C92, 0x8C92, 0x9492, 
  0x8C92, 0x8C92, 0x8C92, 0x8C72, 0x8C92, 0x8C72, 0x8C72, 0x8C72, 
  0x8C71, 0x8C71, 0x8C71, 0x8C51, 0x8C51, 0x8C51, 0x8C51, 0x8451, 
  0x8451, 0x8451, 0x8451, 0x8451, 0x8431, 0x8431, 0x8430, 0x8430, 
  0x8430, 0x8410, 0x8410, 0x8410, 0x8410, 0x8410, 0x7C10, 0x7C10, 
  0x7BF0, 0x7BF0, 0x7BF0, 0x7C10, 0x7C10, 0x0000, 0x0000, 0x0000, 
  0x0000, 0x0000, 0x0000, 0x0000, 0x0000, 0x0000, 0x0000, 0x0000, 
  
  0x0000, 0x0000, 0x0000, 0x0000, 0x0000, 0x0000, 0x0000, 0x0000, 
  0x0000, 0x0000, 0x7C10, 0x7C10, 0x7BF0, 0x8410, 0x8410, 0x8430, 
  0x8431, 0x8431, 0x8431, 0x8451, 0x8451, 0x8451, 0x8451, 0x8C51, 
  0x8C51, 0x8C51, 0x8C71, 0x8C71, 0x8C71, 0x8C71, 0x8C72, 0x8C72, 
  0x8C72, 0x8C72, 0x8C92, 0x8C92, 0x8C92, 0x8C92, 0x8C92, 0x8C92, 
  0x8C92, 0x9492, 0x9492, 0x9492, 0x9492, 0x9492, 0x9492, 0x9492, 
  0x94B2, 0x9492, 0x94B2, 0x94B2, 0x94B2, 0x94B2, 0x94B2, 0x94B2, 
  0x94B2, 0x94B2, 0x94B2, 0x94B2, 0x94B2, 0x94B2, 0x94B2, 0x94B2, 
  0x94B2, 0x9492, 0x9492, 0x94B2, 0x94B2, 0x94B2, 0x9492, 0x9492, 
  0x9492, 0x9492, 0x9492, 0x9492, 0x9492, 0x8C92, 0x8C92, 0x8C92, 
  0x8C92, 0x8C92, 0x8C92, 0x8C92, 0x8C72, 0x8C72, 0x8C72, 0x8C72, 
  0x8C72, 0x8C71, 0x8C71, 0x8C51, 0x8C51, 0x8C51, 0x8C51, 0x8451, 
  0x8451, 0x8451, 0x8451, 0x8451, 0x8431, 0x8431, 0x8430, 0x8430, 
  0x8430, 0x8410, 0x8410, 0x8410, 0x7C10, 0x7C10, 0x7C10, 0x7C10, 
  0x7C10, 0x7BF0, 0x7BF0, 0x8431, 0x8430, 0x0000, 0x0000, 0x0000, 
  0x0000, 0x0000, 0x0000, 0x0000, 0x0000, 0x0000, 0x0000, 0x0000, 
  
  0x0000, 0x0000, 0x0000, 0x0000, 0x0000, 0x0000, 0x0000, 0x0000, 
  0x0000, 0x0000, 0x7C10, 0x7BF0, 0x7BF0, 0x7C10, 0x8410, 0x8430, 
  0x8431, 0x8431, 0x8431, 0x8451, 0x8451, 0x8451, 0x8C51, 0x8C51, 
  0x8C51, 0x8C71, 0x8C71, 0x8C71, 0x8C71, 0x8C71, 0x8C72, 0x8C72, 
  0x8C72, 0x8C72, 0x8C92, 0x8C92, 0x8C92, 0x8C92, 0x8C92, 0x8C92, 
  0x8C92, 0x8C92, 0x9492, 0x9492, 0x9492, 0x94B2, 0x94B2, 0x94B2, 
  0x9492, 0x9492, 0x94B2, 0x94B2, 0x94B2, 0x94B2, 0x94B2, 0x94B2, 
  0x94B2, 0x94B2, 0x94B2, 0x94B2, 0x94B2, 0x94B2, 0x94B2, 0x94B2, 
  0x94B2, 0x9492, 0x9492, 0x94B2, 0x94B2, 0x9492, 0x9492, 0x9492, 
  0x9492, 0x9492, 0x9492, 0x9492, 0x8C92, 0x8C92, 0x8C92, 0x8C92, 
  0x8C92, 0x8C92, 0x8C92, 0x8C92, 0x8C72, 0x8C72, 0x8C72, 0x8C72, 
  0x8C72, 0x8C71, 0x8C71, 0x8C71, 0x8C71, 0x8C51, 0x8451, 0x8451, 
  0x8451, 0x8451, 0x8451, 0x8451, 0x8431, 0x8431, 0x8431, 0x8430, 
  0x8430, 0x8410, 0x8410, 0x8410, 0x7C10, 0x7C10, 0x7C10, 0x7C10, 
  0x7BF0, 0x7BF0, 0x7BF0, 0x8431, 0x8430, 0x0000, 0x0000, 0x0000, 
  0x0000, 0x0000, 0x0000, 0x0000, 0x0000, 0x0000, 0x0000, 0x0000, 
  
  0x0000, 0x0000, 0x0000, 0x0000, 0x0000, 0x0000, 0x0000, 0x0000, 
  0x0000, 0x0000, 0x7BF0, 0x7BF0, 0x7BF0, 0x7C10, 0x8430, 0x8430, 
  0x8431, 0x8431, 0x8431, 0x8451, 0x8451, 0x8451, 0x8451, 0x8C51, 
  0x8C51, 0x8C51, 0x8C71, 0x8C71, 0x8C72, 0x8C71, 0x8C72, 0x8C72, 
  0x8C72, 0x8C92, 0x8C92, 0x8C92, 0x8C92, 0x8C92, 0x8C92, 0x8C92, 
  0x8C92, 0x8C92, 0x9492, 0x9492, 0x9492, 0x94B2, 0x94B2, 0x94B2, 
  0x9492, 0x94B2, 0x94B2, 0x94B2, 0x94B2, 0x94B2, 0x94B2, 0x94B3, 
  0x94B2, 0x94B2, 0x94B2, 0x94B2, 0x94B2, 0x94B2, 0x94B2, 0x94B2, 
  0x94B2, 0x94B2, 0x94B2, 0x94B2, 0x94B2, 0x9492, 0x9492, 0x94B2, 
  0x9492, 0x9492, 0x9492, 0x9492, 0x9492, 0x9492, 0x9492, 0x8C92, 
  0x8C92, 0x8C92, 0x8C92, 0x8C92, 0x8C72, 0x8C72, 0x8C72, 0x8C72, 
  0x8C72, 0x8C71, 0x8C71, 0x8C71, 0x8C51, 0x8C51, 0x8451, 0x8451, 
  0x8451, 0x8451, 0x8451, 0x8451, 0x8431, 0x8431, 0x8431, 0x8431, 
  0x8430, 0x8430, 0x8410, 0x8410, 0x7C10, 0x7C10, 0x7C10, 0x7C10, 
  0x7BF0, 0x7BEF, 0x7BF0, 0x8430, 0x7BF0, 0x0000, 0x0000, 0x0000, 
  0x0000, 0x0000, 0x0000, 0x0000, 0x0000, 0x0000, 0x0000, 0x0000, 
  
  0x0000, 0x0000, 0x0000, 0x0000, 0x0000, 0x0000, 0x0000, 0x0000, 
  0x0000, 0x0000, 0x7C10, 0x7BF0, 0x7BF0, 0x7C10, 0x8430, 0x8430, 
  0x8431, 0x8431, 0x8431, 0x8451, 0x8451, 0x8451, 0x8451, 0x8C51, 
  0x8C51, 0x8C51, 0x8C71, 0x8C71, 0x8C71, 0x8C71, 0x8C72, 0x8C72, 
  0x8C72, 0x8C72, 0x8C92, 0x8C92, 0x8C92, 0x8C92, 0x8C92, 0x8C92, 
  0x8C92, 0x9492, 0x9492, 0x9492, 0x9492, 0x9492, 0x94B2, 0x94B2, 
  0x94B2, 0x94B2, 0x9492, 0x9492, 0x94B2, 0x94B2, 0x94B2, 0x94B2, 
  0x94B2, 0x94B2, 0x94B2, 0x94B2, 0x94B2, 0x94B2, 0x94B2, 0x94B2, 
  0x9492, 0x94B2, 0x94B2, 0x94B2, 0x9492, 0x9492, 0x9492, 0x94B2, 
  0x9492, 0x9492, 0x9492, 0x9492, 0x9492, 0x9492, 0x8C92, 0x8C92, 
  0x8C92, 0x8C92, 0x8C92, 0x8C92, 0x8C72, 0x8C72, 0x8C72, 0x8C71, 
  0x8C72, 0x8C71, 0x8C71, 0x8C71, 0x8C51, 0x8C51, 0x8C51, 0x8451, 
  0x8451, 0x8451, 0x8451, 0x8431, 0x8431, 0x8431, 0x8430, 0x8430, 
  0x8430, 0x8430, 0x8430, 0x8410, 0x7C10, 0x7C10, 0x7C10, 0x7BF0, 
  0x7BF0, 0x7BEF, 0x7BF0, 0x7C10, 0x7C10, 0x0000, 0x0000, 0x0000, 
  0x0000, 0x0000, 0x0000, 0x0000, 0x0000, 0x0000, 0x0000, 0x0000, 
  
  0x0000, 0x0000, 0x0000, 0x0000, 0x0000, 0x0000, 0x0000, 0x0000, 
  0x0000, 0x0000, 0x7C10, 0x7BF0, 0x7BF0, 0x7C10, 0x8430, 0x8430, 
  0x8431, 0x8431, 0x8431, 0x8451, 0x8451, 0x8451, 0x8451, 0x8451, 
  0x8C51, 0x8C51, 0x8C71, 0x8C71, 0x8C71, 0x8C71, 0x8C72, 0x8C72, 
  0x8C72, 0x8C72, 0x8C72, 0x8C92, 0x8C92, 0x8C92, 0x8C92, 0x8C92, 
  0x8C92, 0x9492, 0x9492, 0x9492, 0x9492, 0x9492, 0x9492, 0x9492, 
  0x9492, 0x9492, 0x9492, 0x94B2, 0x94B2, 0x94B2, 0x9492, 0x94B2, 
  0x94B2, 0x94B2, 0x94B2, 0x94B2, 0x94B2, 0x94B2, 0x94B2, 0x9492, 
  0x9492, 0x94B2, 0x94B2, 0x9492, 0x9492, 0x9492, 0x9492, 0x9492, 
  0x9492, 0x9492, 0x9492, 0x9492, 0x9492, 0x8C92, 0x8C92, 0x8C92, 
  0x8C92, 0x8C92, 0x8C92, 0x8C92, 0x8C72, 0x8C72, 0x8C72, 0x8C72, 
  0x8C71, 0x8C71, 0x8C71, 0x8C71, 0x8C51, 0x8C51, 0x8C51, 0x8451, 
  0x8451, 0x8451, 0x8451, 0x8431, 0x8431, 0x8431, 0x8430, 0x8430, 
  0x8430, 0x8410, 0x8410, 0x8410, 0x7C10, 0x7C10, 0x7C10, 0x7C10, 
  0x7BF0, 0x7BEF, 0x7BF0, 0x8431, 0x7C30, 0x0000, 0x0000, 0x0000, 
  0x0000, 0x0000, 0x0000, 0x0000, 0x0000, 0x0000, 0x0000, 0x0000, 
  
  0x0000, 0x0000, 0x0000, 0x0000, 0x0000, 0x0000, 0x0000, 0x0000, 
  0x0000, 0x0000, 0x8410, 0x7BF0, 0x7BF0, 0x7C10, 0x8410, 0x8430, 
  0x8430, 0x8431, 0x8431, 0x8451, 0x8451, 0x8451, 0x8451, 0x8451, 
  0x8C51, 0x8C51, 0x8C71, 0x8C71, 0x8C71, 0x8C71, 0x8C72, 0x8C72, 
  0x8C72, 0x8C72, 0x8C92, 0x8C92, 0x8C92, 0x8C92, 0x8C92, 0x8C92, 
  0x8C92, 0x9492, 0x9492, 0x9492, 0x9492, 0x9492, 0x9492, 0x9492, 
  0x9492, 0x9492, 0x9492, 0x94B2, 0x94B2, 0x94B2, 0x9492, 0x94B2, 
  0x94B2, 0x94B2, 0x94B2, 0x94B2, 0x94B2, 0x94B2, 0x94B2, 0x9492, 
  0x9492, 0x94B2, 0x9492, 0x9492, 0x9492, 0x9492, 0x9492, 0x9492, 
  0x9492, 0x9492, 0x8C92, 0x9492, 0x9492, 0x8C92, 0x8C92, 0x8C92, 
  0x8C92, 0x8C92, 0x8C92, 0x8C72, 0x8C92, 0x8C72, 0x8C71, 0x8C72, 
  0x8C72, 0x8C71, 0x8C71, 0x8C71, 0x8C51, 0x8C51, 0x8C51, 0x8451, 
  0x8451, 0x8451, 0x8451, 0x8451, 0x8431, 0x8431, 0x8431, 0x8430, 
  0x8430, 0x8410, 0x8410, 0x8410, 0x7C10, 0x7C10, 0x7C10, 0x7C10, 
  0x7BF0, 0x7BEF, 0x7BF0, 0x8431, 0x8410, 0x0000, 0x0000, 0x0000, 
  0x0000, 0x0000, 0x0000, 0x0000, 0x0000, 0x0000, 0x0000, 0x0000, 
  
  0x0000, 0x0000, 0x0000, 0x0000, 0x0000, 0x0000, 0x0000, 0x0000, 
  0x0000, 0x0000, 0x7BD0, 0x7BF0, 0x7BF0, 0x7C10, 0x8430, 0x8430, 
  0x8430, 0x8431, 0x8431, 0x8431, 0x8451, 0x8451, 0x8451, 0x8451, 
  0x8C51, 0x8C51, 0x8C71, 0x8C71, 0x8C71, 0x8C72, 0x8C72, 0x8C72, 
  0x8C72, 0x8C72, 0x8C72, 0x8C72, 0x8C92, 0x8C92, 0x8C92, 0x8C92, 
  0x8C92, 0x8C92, 0x8C92, 0x9492, 0x9492, 0x9492, 0x9492, 0x9492, 
  0x9492, 0x9492, 0x9492, 0x9492, 0x9492, 0x9492, 0x94B2, 0x94B2, 
  0x94B2, 0x9492, 0x9492, 0x9492, 0x94B2, 0x94B2, 0x94B2, 0x9492, 
  0x9492, 0x9492, 0x9492, 0x94B2, 0x94B2, 0x9492, 0x9492, 0x9492, 
  0x9492, 0x9492, 0x9492, 0x9492, 0x9492, 0x9492, 0x8C92, 0x8C92, 
  0x8C92, 0x8C92, 0x8C92, 0x8C72, 0x8C72, 0x8C72, 0x8C72, 0x8C72, 
  0x8C72, 0x8C71, 0x8C71, 0x8C71, 0x8C71, 0x8C51, 0x8C51, 0x8451, 
  0x8451, 0x8451, 0x8431, 0x8451, 0x8431, 0x8431, 0x8431, 0x8430, 
  0x8430, 0x8430, 0x8430, 0x8410, 0x7C10, 0x7C10, 0x7C10, 0x7BF0, 
  0x7BF0, 0x7BEF, 0x7C10, 0x8410, 0x7C30, 0x0000, 0x0000, 0x0000, 
  0x0000, 0x0000, 0x0000, 0x0000, 0x0000, 0x0000, 0x0000, 0x0000, 
  
  0x0000, 0x0000, 0x0000, 0x0000, 0x0000, 0x0000, 0x0000, 0x0000, 
  0x0000, 0x0000, 0x73F0, 0x7BF0, 0x7BF0, 0x7C10, 0x8410, 0x8430, 
  0x8430, 0x8431, 0x8431, 0x8451, 0x8451, 0x8451, 0x8451, 0x8451, 
  0x8C51, 0x8C51, 0x8C51, 0x8C51, 0x8C71, 0x8C71, 0x8C72, 0x8C72, 
  0x8C72, 0x8C72, 0x8C72, 0x8C72, 0x8C92, 0x8C92, 0x8C92, 0x8C92, 
  0x8C92, 0x8C92, 0x8C92, 0x9492, 0x9492, 0x9492, 0x9492, 0x9492, 
  0x9492, 0x9492, 0x9492, 0x9492, 0x9492, 0x9492, 0x9492, 0x9492, 
  0x9492, 0x9492, 0x9492, 0x9492, 0x9492, 0x9492, 0x94B2, 0x9492, 
  0x9492, 0x9492, 0x9492, 0x9492, 0x9492, 0x9492, 0x8C92, 0x9492, 
  0x9492, 0x9492, 0x9492, 0x9492, 0x8C92, 0x8C92, 0x8C92, 0x8C92, 
  0x8C92, 0x8C92, 0x8C72, 0x8C72, 0x8C72, 0x8C72, 0x8C71, 0x8C71, 
  0x8C71, 0x8C71, 0x8C71, 0x8C51, 0x8C51, 0x8C51, 0x8451, 0x8451, 
  0x8451, 0x8431, 0x8431, 0x8431, 0x8431, 0x8430, 0x8430, 0x8430, 
  0x8430, 0x8410, 0x8410, 0x7C10, 0x7C10, 0x7C10, 0x7BF0, 0x7BF0, 
  0x7BF0, 0x7BF0, 0x7BF0, 0x7C10, 0x73AF, 0x0000, 0x0000, 0x0000, 
  0x0000, 0x0000, 0x0000, 0x0000, 0x0000, 0x0000, 0x0000, 0x0000, 
  
  0x0000, 0x0000, 0x0000, 0x0000, 0x0000, 0x0000, 0x0000, 0x0000, 
  0x0000, 0x0000, 0x73EF, 0x7C10, 0x7BF0, 0x7C10, 0x8410, 0x8430, 
  0x8431, 0x8431, 0x8431, 0x8451, 0x8451, 0x8451, 0x8451, 0x8451, 
  0x8C51, 0x8C51, 0x8C51, 0x8C51, 0x8C71, 0x8C71, 0x8C72, 0x8C72, 
  0x8C72, 0x8C72, 0x8C72, 0x8C72, 0x8C72, 0x8C92, 0x8C92, 0x8C92, 
  0x8C92, 0x9492, 0x9492, 0x9492, 0x9492, 0x9492, 0x9492, 0x9492, 
  0x9492, 0x9492, 0x9492, 0x9492, 0x9492, 0x9492, 0x9492, 0x9492, 
  0x9492, 0x9492, 0x9492, 0x9492, 0x9492, 0x9492, 0x9492, 0x9492, 
  0x9492, 0x9492, 0x9492, 0x9492, 0x9492, 0x9492, 0x9492, 0x9492, 
  0x9492, 0x8C92, 0x8C92, 0x8C92, 0x8C92, 0x8C92, 0x8C92, 0x8C92, 
  0x8C92, 0x8C72, 0x8C72, 0x8C72, 0x8C72, 0x8C72, 0x8C72, 0x8C71, 
  0x8C71, 0x8C71, 0x8C51, 0x8C51, 0x8C51, 0x8C51, 0x8451, 0x8451, 
  0x8451, 0x8431, 0x8431, 0x8431, 0x8431, 0x8431, 0x8430, 0x8430, 
  0x8430, 0x8410, 0x8410, 0x7C10, 0x7C10, 0x7C10, 0x7BF0, 0x7BF0, 
  0x7BF0, 0x7BF0, 0x7BF0, 0x7C10, 0x7430, 0x0000, 0x0000, 0x0000, 
  0x0000, 0x0000, 0x0000, 0x0000, 0x0000, 0x0000, 0x0000, 0x0000, 
  
  0x0000, 0x0000, 0x0000, 0x0000, 0x0000, 0x0000, 0x0000, 0x0000, 
  0x0000, 0x0000, 0x7BEF, 0x7BF0, 0x7BF0, 0x7C10, 0x8430, 0x8430, 
  0x8431, 0x8431, 0x8431, 0x8451, 0x8451, 0x8451, 0x8451, 0x8451, 
  0x8C51, 0x8C51, 0x8C51, 0x8C71, 0x8C71, 0x8C71, 0x8C72, 0x8C72, 
  0x8C72, 0x8C72, 0x8C72, 0x8C72, 0x8C72, 0x8C92, 0x8C92, 0x8C92, 
  0x8C92, 0x8C92, 0x8C92, 0x8C92, 0x9492, 0x9492, 0x9492, 0x9492, 
  0x9492, 0x9492, 0x9492, 0x9492, 0x9492, 0x9492, 0x9492, 0x9492, 
  0x8C92, 0x8C92, 0x9492, 0x9492, 0x9492, 0x9492, 0x9492, 0x9492, 
  0x9492, 0x8C72, 0x8C72, 0x9492, 0x9492, 0x9492, 0x9492, 0x9492, 
  0x9492, 0x8C92, 0x8C92, 0x8C92, 0x8C92, 0x8C92, 0x8C92, 0x8C92, 
  0x8C72, 0x8C72, 0x8C72, 0x8C72, 0x8C72, 0x8C72, 0x8C72, 0x8C71, 
  0x8C71, 0x8C71, 0x8C51, 0x8C51, 0x8C51, 0x8C51, 0x8451, 0x8451, 
  0x8451, 0x8451, 0x8431, 0x8431, 0x8431, 0x8431, 0x8431, 0x8430, 
  0x8410, 0x8410, 0x8410, 0x7C10, 0x7C10, 0x7C10, 0x7C10, 0x7BF0, 
  0x7BF0, 0x7BF0, 0x7BF0, 0x7C10, 0x63AE, 0x0000, 0x0000, 0x0000, 
  0x0000, 0x0000, 0x0000, 0x0000, 0x0000, 0x0000, 0x0000, 0x0000, 
  
  0x0000, 0x0000, 0x0000, 0x0000, 0x0000, 0x0000, 0x0000, 0x0000, 
  0x0000, 0x0000, 0x5C71, 0x7BF0, 0x7BF0, 0x7C10, 0x8410, 0x8430, 
  0x8431, 0x8431, 0x8431, 0x8431, 0x8451, 0x8451, 0x8451, 0x8451, 
  0x8C51, 0x8C51, 0x8C51, 0x8C51, 0x8C51, 0x8C71, 0x8C71, 0x8C72, 
  0x8C72, 0x8C72, 0x8C72, 0x8C72, 0x8C72, 0x8C92, 0x8C92, 0x8C92, 
  0x8C92, 0x8C92, 0x8C92, 0x8C92, 0x8C92, 0x9492, 0x9492, 0x9492, 
  0x9492, 0x9492, 0x9492, 0x9492, 0x9492, 0x9492, 0x9492, 0x9492, 
  0x8C92, 0x8C92, 0x9492, 0x9492, 0x9492, 0x9492, 0x9492, 0x8C92, 
  0x8C72, 0x9D14, 0x9CF3, 0x8C72, 0x8C92, 0x9492, 0x9492, 0x8C92, 
  0x8C92, 0x8C92, 0x8C92, 0x8C92, 0x8C92, 0x8C92, 0x8C92, 0x8C92, 
  0x8C92, 0x8C72, 0x8C72, 0x8C72, 0x8C72, 0x8C72, 0x8C71, 0x8C71, 
  0x8C71, 0x8C71, 0x8C51, 0x8C51, 0x8C51, 0x8451, 0x8451, 0x8451, 
  0x8451, 0x8431, 0x8431, 0x8431, 0x8431, 0x8431, 0x8431, 0x8430, 
  0x8410, 0x8410, 0x8410, 0x7C10, 0x7C10, 0x7C10, 0x7C10, 0x7BF0, 
  0x7BF0, 0x7BF0, 0x7C10, 0x8410, 0x630C, 0x0000, 0x0000, 0x0000, 
  0x0000, 0x0000, 0x0000, 0x0000, 0x0000, 0x0000, 0x0000, 0x0000, 
  
  0x0000, 0x0000, 0x0000, 0x0000, 0x0000, 0x0000, 0x0000, 0x0000, 
  0x0000, 0x0000, 0x3269, 0x7C10, 0x7BF0, 0x7C10, 0x8410, 0x8410, 
  0x8430, 0x8431, 0x8431, 0x8431, 0x8451, 0x8451, 0x8451, 0x8C51, 
  0x8451, 0x8451, 0x8C51, 0x8C71, 0x8C71, 0x8C71, 0x8C71, 0x8C71, 
  0x8C71, 0x8C72, 0x8C72, 0x8C72, 0x8C72, 0x8C72, 0x8C92, 0x8C92, 
  0x8C92, 0x8C92, 0x8C92, 0x8C92, 0x9492, 0x8C92, 0x8C92, 0x8C92, 
  0x8C92, 0x9492, 0x9492, 0x94B2, 0x9492, 0x8C92, 0x8C92, 0x9492, 
  0x9492, 0x9492, 0x8C92, 0x8C92, 0x9492, 0x9492, 0x8C92, 0x8C72, 
  0xBE18, 0xEF7D, 0xBDF7, 0x8C51, 0x8C92, 0x8C92, 0x8C92, 0x8C92, 
  0x8C92, 0x8C92, 0x8C92, 0x8C92, 0x8C92, 0x8C92, 0x8C92, 0x8C92, 
  0x8C72, 0x8C72, 0x8C72, 0x8C72, 0x8C72, 0x8C72, 0x8C71, 0x8C71, 
  0x8C71, 0x8C71, 0x8C51, 0x8C51, 0x8451, 0x8451, 0x8C51, 0x8451, 
  0x8451, 0x8431, 0x8431, 0x8431, 0x8431, 0x8430, 0x8430, 0x8430, 
  0x8410, 0x8410, 0x8410, 0x7C10, 0x7C10, 0x7C10, 0x7BF0, 0x7BF0, 
  0x7BF0, 0x7BF0, 0x7C10, 0x8430, 0x0000, 0x0000, 0x0000, 0x0000, 
  0x0000, 0x0000, 0x0000, 0x0000, 0x0000, 0x0000, 0x0000, 0x0000, 
  
  0x0000, 0x0000, 0x0000, 0x0000, 0x0000, 0x0000, 0x0000, 0x0000, 
  0x0000, 0x0000, 0x0000, 0x7C10, 0x7BF0, 0x7C10, 0x8410, 0x8430, 
  0x8430, 0x8431, 0x8431, 0x8431, 0x8451, 0x8451, 0x8451, 0x8451, 
  0x8451, 0x8C51, 0x8C51, 0x8C51, 0x8C71, 0x8C71, 0x8C71, 0x8C71, 
  0x8C72, 0x8C72, 0x8C72, 0x8C72, 0x8C72, 0x8C72, 0x8C72, 0x8C72, 
  0x8C92, 0x8C92, 0x8C92, 0x8C92, 0x8C92, 0x8C92, 0x8C92, 0x8C92, 
  0x8C92, 0x9492, 0x9492, 0x9492, 0x9492, 0x8C92, 0x8C92, 0x8C92, 
  0x8C92, 0x8C92, 0x8C92, 0x8C92, 0x8C92, 0x8C92, 0x8C51, 0xB596, 
  0xF79E, 0xEF7D, 0xA534, 0x8C71, 0x8C92, 0x8C92, 0x8C92, 0x8C92, 
  0x8C92, 0x8C92, 0x8C92, 0x8C92, 0x8C92, 0x8C92, 0x8C92, 0x8C72, 
  0x8C72, 0x8C72, 0x8C72, 0x8C72, 0x8C72, 0x8C72, 0x8C72, 0x8C71, 
  0x8C71, 0x8C71, 0x8C51, 0x8C51, 0x8C51, 0x8451, 0x8451, 0x8451, 
  0x8431, 0x8431, 0x8431, 0x8431, 0x8431, 0x8430, 0x8430, 0x8430, 
  0x8410, 0x8410, 0x8410, 0x7C10, 0x7C10, 0x7C10, 0x7C10, 0x7BF0, 
  0x7BF0, 0x7BF0, 0x8430, 0x8430, 0x0000, 0x0000, 0x0000, 0x0000, 
  0x0000, 0x0000, 0x0000, 0x0000, 0x0000, 0x0000, 0x0000, 0x0000, 
  
  0x0000, 0x0000, 0x0000, 0x0000, 0x0000, 0x0000, 0x0000, 0x0000, 
  0x0000, 0x0000, 0x0000, 0x7C10, 0x7BF0, 0x7C10, 0x8410, 0x8430, 
  0x8430, 0x8431, 0x8431, 0x8431, 0x8451, 0x8451, 0x8451, 0x8451, 
  0x8451, 0x8C51, 0x8C51, 0x8C51, 0x8C71, 0x8C51, 0x8C71, 0x8C71, 
  0x8C71, 0x8C72, 0x8C72, 0x8C72, 0x8C72, 0x8C92, 0x8C72, 0x8C92, 
  0x8C92, 0x8C92, 0x8C92, 0x8C92, 0x8C92, 0x8C92, 0x8C92, 0x9492, 
  0x9492, 0x9492, 0x9492, 0x9492, 0x8C92, 0x8C92, 0x8C92, 0x8C92, 
  0x8C92, 0x8C92, 0x8C72, 0x8C72, 0x94B2, 0x8C92, 0x8C71, 0xC638, 
  0xE71C, 0xBDD7, 0x9492, 0x8C92, 0x8C71, 0x8C92, 0x8C92, 0x8C92, 
  0x8C92, 0x8C92, 0x8C92, 0x8C92, 0x8C92, 0x8C92, 0x8C72, 0x8C92, 
  0x8C72, 0x8C72, 0x8C72, 0x8C72, 0x8C72, 0x8C72, 0x8C71, 0x8C72, 
  0x8C71, 0x8C51, 0x8C51, 0x8C51, 0x8C51, 0x8451, 0x8451, 0x8451, 
  0x8451, 0x8451, 0x8431, 0x8431, 0x8431, 0x8431, 0x8430, 0x8410, 
  0x8430, 0x8410, 0x8410, 0x8410, 0x7C10, 0x7C10, 0x7C10, 0x7C10, 
  0x7BF0, 0x7BF0, 0x8410, 0x7C30, 0x0000, 0x0000, 0x0000, 0x0000, 
  0x0000, 0x0000, 0x0000, 0x0000, 0x0000, 0x0000, 0x0000, 0x0000, 
  
  0x0000, 0x0000, 0x0000, 0x0000, 0x0000, 0x0000, 0x0000, 0x0000, 
  0x0000, 0x0000, 0x0000, 0x7BF0, 0x7BF0, 0x7BF0, 0x7C10, 0x8430, 
  0x8430, 0x8431, 0x8431, 0x8431, 0x8431, 0x8451, 0x8451, 0x8451, 
  0x8451, 0x8451, 0x8C51, 0x8C51, 0x8C51, 0x8C51, 0x8C71, 0x8C71, 
  0x8C71, 0x8C72, 0x8C72, 0x8C72, 0x8C72, 0x8C72, 0x8C72, 0x8C92, 
  0x8C92, 0x8C92, 0x8C92, 0x8C92, 0x8C92, 0x8C92, 0x8C92, 0x9492, 
  0x8C92, 0x9492, 0x9492, 0x9492, 0x9492, 0x8C92, 0x8C92, 0x8C92, 
  0x8C92, 0x8C71, 0x9CD3, 0xBDF8, 0xD69A, 0xCE59, 0xB5B6, 0xBDF8, 
  0xCE7A, 0xCE9A, 0xD6BA, 0xC638, 0xA534, 0x8C72, 0x8C72, 0x8C92, 
  0x8C72, 0x8C92, 0x8C92, 0x8C92, 0x8C92, 0x8C92, 0x8C92, 0x8C92, 
  0x8C92, 0x8C72, 0x8C72, 0x8C72, 0x8C72, 0x8C71, 0x8C71, 0x8C71, 
  0x8C71, 0x8C71, 0x8C51, 0x8C51, 0x8C51, 0x8451, 0x8451, 0x8451, 
  0x8451, 0x8451, 0x8431, 0x8431, 0x8431, 0x8431, 0x8430, 0x8410, 
  0x8430, 0x8410, 0x8410, 0x7C10, 0x7C10, 0x7C10, 0x7C10, 0x7C10, 
  0x7BF0, 0x7BF0, 0x7C10, 0x7BF0, 0x0000, 0x0000, 0x0000, 0x0000, 
  0x0000, 0x0000, 0x0000, 0x0000, 0x0000, 0x0000, 0x0000, 0x0000, 
  
  0x0000, 0x0000, 0x0000, 0x0000, 0x0000, 0x0000, 0x0000, 0x0000, 
  0x0000, 0x0000, 0x0000, 0x7C10, 0x7BF0, 0x7C10, 0x7C10, 0x8430, 
  0x8430, 0x8431, 0x8431, 0x8431, 0x8431, 0x8451, 0x8451, 0x8451, 
  0x8451, 0x8C51, 0x8C51, 0x8C51, 0x8C51, 0x8C71, 0x8C71, 0x8C71, 
  0x8C71, 0x8C71, 0x8C72, 0x8C72, 0x8C72, 0x8C72, 0x8C72, 0x8C72, 
  0x8C72, 0x8C92, 0x8C92, 0x8C92, 0x8C92, 0x9492, 0x8C92, 0x8C92, 
  0x8C92, 0x8C92, 0x9492, 0x8C92, 0x8C92, 0x8C92, 0x8C92, 0x8C92, 
  0x8C71, 0x9CD3, 0xD6BA, 0xFFDF, 0xFFFF, 0xFFFF, 0xF79E, 0xEF5D, 
  0xF79E, 0xFFFF, 0xFFFF, 0xFFDF, 0xD6BA, 0x94D3, 0x8C71, 0x8C72, 
  0x8C72, 0x8C92, 0x8C92, 0x8C92, 0x8C92, 0x8C92, 0x8C72, 0x8C72, 
  0x8C92, 0x8C72, 0x8C72, 0x8C72, 0x8C72, 0x8C71, 0x8C71, 0x8C71, 
  0x8C71, 0x8C51, 0x8C51, 0x8451, 0x8C51, 0x8451, 0x8451, 0x8451, 
  0x8451, 0x8431, 0x8431, 0x8431, 0x8431, 0x8430, 0x8430, 0x8430, 
  0x8410, 0x8410, 0x8410, 0x8410, 0x7C10, 0x7C10, 0x7C10, 0x7BF0, 
  0x7BF0, 0x7BF0, 0x8431, 0x8430, 0x0000, 0x0000, 0x0000, 0x0000, 
  0x0000, 0x0000, 0x0000, 0x0000, 0x0000, 0x0000, 0x0000, 0x0000, 
  
  0x0000, 0x0000, 0x0000, 0x0000, 0x0000, 0x0000, 0x0000, 0x0000, 
  0x0000, 0x0000, 0x0000, 0x8410, 0x7BF0, 0x7BF0, 0x7C10, 0x8410, 
  0x8430, 0x8431, 0x8431, 0x8431, 0x8431, 0x8431, 0x8451, 0x8451, 
  0x8451, 0x8C51, 0x8C51, 0x8451, 0x8C51, 0x8C71, 0x8C71, 0x8C71, 
  0x8C71, 0x8C71, 0x8C71, 0x8C72, 0x8C72, 0x8C72, 0x8C72, 0x8C72, 
  0x8C92, 0x8C92, 0x8C92, 0x8C92, 0x8C92, 0x8C92, 0x8C92, 0x8C92, 
  0x8C92, 0x8C92, 0x8C92, 0x8C92, 0x8C92, 0x8C92, 0x8C92, 0x8C72, 
  0x8C72, 0xC659, 0xFFDF, 0xFFFF, 0xFFFF, 0xFFFF, 0xFFFF, 0xFFFF, 
  0xFFFF, 0xFFFF, 0xFFFF, 0xF7BE, 0xBE18, 0x9492, 0x8C72, 0x8C72, 
  0x8C72, 0x8C72, 0x8C92, 0x8C92, 0x8C72, 0x8C72, 0x8C72, 0x8C72, 
  0x8C72, 0x8C72, 0x8C72, 0x8C72, 0x8C72, 0x8C72, 0x8C71, 0x8C71, 
  0x8C71, 0x8C51, 0x8451, 0x8451, 0x8451, 0x8451, 0x8451, 0x8451, 
  0x8451, 0x8431, 0x8431, 0x8431, 0x8431, 0x8430, 0x8430, 0x8430, 
  0x8410, 0x8410, 0x7C10, 0x7C10, 0x7C10, 0x7C10, 0x7C10, 0x7BF0, 
  0x7BF0, 0x7BF0, 0x8431, 0x8451, 0x0000, 0x0000, 0x0000, 0x0000, 
  0x0000, 0x0000, 0x0000, 0x0000, 0x0000, 0x0000, 0x0000, 0x0000, 
  
  0x0000, 0x0000, 0x0000, 0x0000, 0x0000, 0x0000, 0x0000, 0x0000, 
  0x0000, 0x0000, 0x0000, 0x7C10, 0x7BF0, 0x7BF0, 0x7C10, 0x8410, 
  0x8430, 0x8431, 0x8431, 0x8431, 0x8431, 0x8431, 0x8451, 0x8451, 
  0x8451, 0x8451, 0x8451, 0x8451, 0x8C51, 0x8C71, 0x8C71, 0x8C71, 
  0x8C71, 0x8C71, 0x8C71, 0x8C71, 0x8C72, 0x8C92, 0x8C72, 0x8C72, 
  0x8C92, 0x8C92, 0x8C92, 0x8C92, 0x8C92, 0x8C92, 0x8C92, 0x8C92, 
  0x8C92, 0x8C92, 0x8C92, 0x9492, 0x9492, 0x8C92, 0x8C72, 0x8C71, 
  0x94D3, 0xEF5D, 0xFFFF, 0xFFFF, 0xFFFF, 0xFFFF, 0xFFFF, 0xFFFF, 
  0xFFFF, 0xFFFF, 0xFFFF, 0xDEFB, 0x94B2, 0x8C71, 0x8C72, 0x8C72, 
  0x8C72, 0x8C72, 0x8C92, 0x8C72, 0x8C72, 0x8C72, 0x8C72, 0x8C72, 
  0x8C72, 0x8C72, 0x8C72, 0x8C71, 0x8C71, 0x8C71, 0x8C71, 0x8C51, 
  0x8C51, 0x8C51, 0x8C51, 0x8451, 0x8451, 0x8451, 0x8431, 0x8451, 
  0x8431, 0x8431, 0x8431, 0x8431, 0x8431, 0x8431, 0x8430, 0x8430, 
  0x8410, 0x8410, 0x7C10, 0x7C10, 0x7C10, 0x7C10, 0x7C10, 0x7BF0, 
  0x7BEF, 0x7BF0, 0x8410, 0x8410, 0x0000, 0x0000, 0x0000, 0x0000, 
  0x0000, 0x0000, 0x0000, 0x0000, 0x0000, 0x0000, 0x0000, 0x0000, 
  
  0x0000, 0x0000, 0x0000, 0x0000, 0x0000, 0x0000, 0x0000, 0x0000, 
  0x0000, 0x0000, 0x0000, 0x7BF0, 0x7BF0, 0x7BF0, 0x7C10, 0x8410, 
  0x8430, 0x8431, 0x8431, 0x8431, 0x8431, 0x8431, 0x8451, 0x8451, 
  0x8451, 0x8451, 0x8451, 0x8C51, 0x8C51, 0x8C51, 0x8C51, 0x8C51, 
  0x8C71, 0x8C71, 0x8C71, 0x8C71, 0x8C72, 0x8C72, 0x8C72, 0x8C72, 
  0x8C72, 0x8C92, 0x8C92, 0x8C92, 0x8C92, 0x8C92, 0x8C92, 0x8C92, 
  0x8C92, 0x8C92, 0x8C92, 0x9492, 0x8C92, 0x8C92, 0x8C72, 0x8C51, 
  0x9CF4, 0xF79E, 0xFFFF, 0xFFFF, 0xFFFF, 0xFFFF, 0xFFFF, 0xFFFF, 
  0xFFFF, 0xFFFF, 0xFFDF, 0xCE59, 0x8451, 0x8C72, 0x8C72, 0x8C72, 
  0x8C72, 0x8C72, 0x8C92, 0x8C72, 0x8C72, 0x8C72, 0x8C72, 0x8C72, 
  0x8C72, 0x8C72, 0x8C72, 0x8C71, 0x8C71, 0x8C71, 0x8C71, 0x8C51, 
  0x8C51, 0x8C51, 0x8C51, 0x8C51, 0x8451, 0x8451, 0x8451, 0x8431, 
  0x8431, 0x8431, 0x8431, 0x8431, 0x8431, 0x8430, 0x8410, 0x8430, 
  0x8410, 0x8410, 0x7C10, 0x7C10, 0x7C10, 0x7C10, 0x7BF0, 0x7BF0, 
  0x7BEF, 0x7BF0, 0x7C10, 0x7BF0, 0x0000, 0x0000, 0x0000, 0x0000, 
  0x0000, 0x0000, 0x0000, 0x0000, 0x0000, 0x0000, 0x0000, 0x0000, 
  
  0x0000, 0x0000, 0x0000, 0x0000, 0x0000, 0x0000, 0x0000, 0x0000, 
  0x0000, 0x0000, 0x0000, 0x7BF0, 0x7BF0, 0x7BF0, 0x7C10, 0x8410, 
  0x8430, 0x8431, 0x8431, 0x8431, 0x8431, 0x8431, 0x8451, 0x8451, 
  0x8451, 0x8451, 0x8C51, 0x8C51, 0x8C51, 0x8C71, 0x8C71, 0x8C71, 
  0x8C71, 0x8C71, 0x8C71, 0x8C71, 0x8C72, 0x8C72, 0x8C72, 0x8C72, 
  0x8C72, 0x8C92, 0x8C72, 0x8C72, 0x8C92, 0x8C92, 0x8C92, 0x8C92, 
  0x8C92, 0x8C92, 0x8C92, 0x8C92, 0x8C92, 0x8C92, 0x8C92, 0x8C71, 
  0x9CF3, 0xEF7D, 0xFFFF, 0xFFFF, 0xFFFF, 0xFFFF, 0xFFFF, 0xFFFF, 
  0xFFFF, 0xFFFF, 0xFFDF, 0xD6BA, 0x8C51, 0x8C51, 0x8C72, 0x8C72, 
  0x8C72, 0x8C72, 0x8C92, 0x8C72, 0x8C72, 0x8C72, 0x8C72, 0x8C72, 
  0x8C72, 0x8C72, 0x8C72, 0x8C71, 0x8C71, 0x8C71, 0x8C71, 0x8C51, 
  0x8C51, 0x8C51, 0x8C51, 0x8451, 0x8451, 0x8451, 0x8451, 0x8431, 
  0x8431, 0x8431, 0x8431, 0x8431, 0x8430, 0x8430, 0x8430, 0x8430, 
  0x8410, 0x8410, 0x7C10, 0x7C10, 0x7C10, 0x7BF0, 0x7BF0, 0x7BF0, 
  0x7BEF, 0x7BF0, 0x7C10, 0x7BF0, 0x0000, 0x0000, 0x0000, 0x0000, 
  0x0000, 0x0000, 0x0000, 0x0000, 0x0000, 0x0000, 0x0000, 0x0000, 
  
  0x0000, 0x0000, 0x0000, 0x0000, 0x0000, 0x0000, 0x0000, 0x0000, 
  0x0000, 0x0000, 0x0000, 0x6BB1, 0x7BF0, 0x7BF0, 0x7C10, 0x8410, 
  0x8430, 0x8430, 0x8431, 0x8431, 0x8431, 0x8431, 0x8431, 0x8451, 
  0x8451, 0x8451, 0x8451, 0x8C51, 0x8C51, 0x8C51, 0x8C71, 0x8C71, 
  0x8C71, 0x8C71, 0x8C71, 0x8C71, 0x8C71, 0x8C72, 0x8C72, 0x8C72, 
  0x8C72, 0x8C72, 0x8C72, 0x8C92, 0x8C92, 0x8C92, 0x8C92, 0x8C92, 
  0x8C92, 0x8C92, 0x8C92, 0x8C92, 0x8C92, 0x8C92, 0x8C72, 0x8C71, 
  0x94B2, 0xE71C, 0xFFFF, 0xFFFF, 0xFFFF, 0xFFFF, 0xFFFF, 0xFFFF, 
  0xFFFF, 0xFFFF, 0xFFFF, 0xEF7E, 0xAD76, 0x8451, 0x8C71, 0x8C72, 
  0x8C72, 0x8C72, 0x8C72, 0x8C72, 0x8C72, 0x8C72, 0x8C72, 0x8C72, 
  0x8C72, 0x8C72, 0x8C71, 0x8C71, 0x8C71, 0x8C71, 0x8C71, 0x8C51, 
  0x8C51, 0x8C51, 0x8451, 0x8451, 0x8451, 0x8451, 0x8451, 0x8431, 
  0x8431, 0x8431, 0x8431, 0x8430, 0x8430, 0x8430, 0x8430, 0x8410, 
  0x8430, 0x8410, 0x7C10, 0x7C10, 0x7C10, 0x7C10, 0x7C10, 0x7BF0, 
  0x7BF0, 0x7C10, 0x8430, 0x8410, 0x0000, 0x0000, 0x0000, 0x0000, 
  0x0000, 0x0000, 0x0000, 0x0000, 0x0000, 0x0000, 0x0000, 0x0000, 
  
  0x0000, 0x0000, 0x0000, 0x0000, 0x0000, 0x0000, 0x0000, 0x0000, 
  0x0000, 0x0000, 0x31F4, 0x4254, 0x6B71, 0x7BF0, 0x7C10, 0x8410, 
  0x8430, 0x8430, 0x8431, 0x8431, 0x8431, 0x8431, 0x8431, 0x8451, 
  0x8451, 0x8451, 0x8C51, 0x8451, 0x8C51, 0x8C51, 0x8C51, 0x8C71, 
  0x8C71, 0x8C71, 0x8C71, 0x8C71, 0x8C71, 0x8C72, 0x8C72, 0x8C72, 
  0x8C72, 0x8C92, 0x8C92, 0x8C92, 0x8C92, 0x8C92, 0x8C92, 0x8C92, 
  0x8C92, 0x8C92, 0x8C92, 0x8C92, 0x8C92, 0x8C72, 0x8C72, 0x8C72, 
  0x8C71, 0xC639, 0xFFDF, 0xFFFF, 0xFFFF, 0xFFFF, 0xFFFF, 0xFFFF, 
  0xFFFF, 0xFFFF, 0xFFFF, 0xFFFF, 0xEF5D, 0xAD55, 0x8451, 0x8C72, 
  0x8C72, 0x8C72, 0x8C72, 0x8C72, 0x8C72, 0x8C72, 0x8C72, 0x8C72, 
  0x8C72, 0x8C72, 0x8C71, 0x8C71, 0x8C71, 0x8C71, 0x8C51, 0x8C51, 
  0x8C51, 0x8C51, 0x8451, 0x8451, 0x8451, 0x8451, 0x8451, 0x8451, 
  0x8431, 0x8431, 0x8431, 0x8431, 0x8430, 0x8430, 0x8430, 0x8410, 
  0x8410, 0x8410, 0x7C10, 0x7C10, 0x7C10, 0x7C10, 0x7BF0, 0x7BF0, 
  0x7BEF, 0x7C10, 0x73F0, 0x6B91, 0x0000, 0x0000, 0x0000, 0x0000, 
  0x0000, 0x0000, 0x0000, 0x0000, 0x0000, 0x0000, 0x0000, 0x0000, 
  
  0x0000, 0x0000, 0x0000, 0x0000, 0x0000, 0x0000, 0x0000, 0x0000, 
  0x0000, 0x3A14, 0x31F4, 0x31D5, 0x52F2, 0x7BF0, 0x7C10, 0x8410, 
  0x8430, 0x8430, 0x8431, 0x8431, 0x8431, 0x8431, 0x8431, 0x8451, 
  0x8451, 0x8451, 0x8451, 0x8451, 0x8C51, 0x8C51, 0x8C51, 0x8C71, 
  0x8C71, 0x8C71, 0x8C71, 0x8C71, 0x8C71, 0x8C72, 0x8C72, 0x8C72, 
  0x8C72, 0x8C72, 0x8C72, 0x8C72, 0x8C92, 0x8C92, 0x8C92, 0x8C92, 
  0x8C92, 0x8C92, 0x8C92, 0x8C92, 0x8C92, 0x8C72, 0x8C72, 0x8C72, 
  0x8C71, 0xA535, 0xEF7D, 0xFFFF, 0xFFFF, 0xFFFF, 0xFFFF, 0xFFFF, 
  0xFFFF, 0xFFFF, 0xFFFF, 0xFFFF, 0xEF7D, 0xB596, 0x8451, 0x8C71, 
  0x8C72, 0x8C72, 0x8C72, 0x8C72, 0x8C72, 0x8C72, 0x8C72, 0x8C72, 
  0x8C72, 0x8C71, 0x8C71, 0x8C71, 0x8C51, 0x8C51, 0x8C51, 0x8C51, 
  0x8C51, 0x8C51, 0x8451, 0x8451, 0x8451, 0x8451, 0x8451, 0x8431, 
  0x8431, 0x8431, 0x8431, 0x8431, 0x8430, 0x8430, 0x8410, 0x8410, 
  0x8410, 0x7C10, 0x7C10, 0x7C10, 0x7C10, 0x7BF0, 0x7BF0, 0x7BF0, 
  0x7BEF, 0x7BF0, 0x52B2, 0x39F3, 0x18F3, 0x0000, 0x0000, 0x0000, 
  0x0000, 0x0000, 0x0000, 0x0000, 0x0000, 0x0000, 0x0000, 0x0000, 
  
  0x0000, 0x0000, 0x0000, 0x0000, 0x0000, 0x0000, 0x0000, 0x0000, 
  0x31D4, 0x31F4, 0x29B5, 0x29B5, 0x52D3, 0x7BF0, 0x7C10, 0x7C10, 
  0x8430, 0x8430, 0x8430, 0x8430, 0x8431, 0x8431, 0x8431, 0x8431, 
  0x8451, 0x8451, 0x8451, 0x8451, 0x8451, 0x8C51, 0x8C71, 0x8C71, 
  0x8C71, 0x8C71, 0x8C71, 0x8C72, 0x8C72, 0x8C72, 0x8C72, 0x8C72, 
  0x8C72, 0x8C72, 0x8C72, 0x8C72, 0x8C92, 0x8C92, 0x8C92, 0x8C92, 
  0x8C72, 0x8C92, 0x8C92, 0x8C92, 0x8C92, 0x8C72, 0x8C72, 0x8C72, 
  0x8C71, 0x8C72, 0xC618, 0xFFDF, 0xFFFF, 0xFFFF, 0xFFFF, 0xFFFF, 
  0xFFFF, 0xFFFF, 0xFFFF, 0xFFDF, 0xD69A, 0x94B2, 0x8C51, 0x8C71, 
  0x8C71, 0x8C72, 0x8C72, 0x8C72, 0x8C72, 0x8C72, 0x8C72, 0x8C72, 
  0x8C72, 0x8C71, 0x8C71, 0x8C71, 0x8C51, 0x8C51, 0x8C51, 0x8C51, 
  0x8C51, 0x8C51, 0x8451, 0x8451, 0x8451, 0x8451, 0x8451, 0x8431, 
  0x8431, 0x8431, 0x8431, 0x8431, 0x8430, 0x8430, 0x8410, 0x7C10, 
  0x7C10, 0x7C10, 0x7C10, 0x7C10, 0x7C10, 0x7C10, 0x7BF0, 0x7BF0, 
  0x7BEF, 0x73B1, 0x3A13, 0x29B3, 0x31B3, 0x212F, 0x0000, 0x0000, 
  0x0000, 0x0000, 0x0000, 0x0000, 0x0000, 0x0000, 0x0000, 0x0000, 
  
  0x0000, 0x0000, 0x0000, 0x0000, 0x0000, 0x0000, 0x0000, 0x2992, 
  0x31D4, 0x29B4, 0x2995, 0x2996, 0x4AB4, 0x73D0, 0x7C10, 0x8410, 
  0x8410, 0x8430, 0x8430, 0x8431, 0x8431, 0x8431, 0x8431, 0x8451, 
  0x8451, 0x8451, 0x8451, 0x8451, 0x8C51, 0x8C51, 0x8C51, 0x8C51, 
  0x8C51, 0x8C51, 0x8C71, 0x8C71, 0x8C71, 0x8C72, 0x8C72, 0x8C72, 
  0x8C72, 0x8C72, 0x8C72, 0x8C72, 0x8C72, 0x8C92, 0x8C92, 0x8C72, 
  0x8C92, 0x8C92, 0x8C92, 0x8C92, 0x8C72, 0x8C72, 0x8C72, 0x8C71, 
  0x8C71, 0x8C51, 0x94B3, 0xD69A, 0xF79E, 0xF7BE, 0xEF7D, 0xE73C, 
  0xEF5D, 0xF7BE, 0xF7BE, 0xD6BB, 0x9CF4, 0x8451, 0x8C71, 0x8C71, 
  0x8C71, 0x8C72, 0x8C72, 0x8C72, 0x8C72, 0x8C72, 0x8C72, 0x8C72, 
  0x8C71, 0x8C72, 0x8C71, 0x8C71, 0x8C71, 0x8C51, 0x8C71, 0x8C51, 
  0x8C51, 0x8C51, 0x8451, 0x8451, 0x8451, 0x8451, 0x8431, 0x8431, 
  0x8431, 0x8431, 0x8431, 0x8431, 0x8430, 0x8430, 0x8410, 0x8410, 
  0x8410, 0x7C10, 0x7C10, 0x7C10, 0x7C10, 0x7BF0, 0x7BF0, 0x7BF0, 
  0x7BEF, 0x6B91, 0x29D4, 0x2173, 0x2993, 0x29B3, 0x00FB, 0x0000, 
  0x0000, 0x0000, 0x0000, 0x0000, 0x0000, 0x0000, 0x0000, 0x0000, 
  
  0x0000, 0x0000, 0x0000, 0x0000, 0x0000, 0x0000, 0x2173, 0x31D3, 
  0x31B4, 0x2995, 0x2996, 0x29B7, 0x4AB4, 0x73D0, 0x7C10, 0x7C10, 
  0x8410, 0x8430, 0x8430, 0x8430, 0x8431, 0x8431, 0x8451, 0x8431, 
  0x8431, 0x8451, 0x8451, 0x8451, 0x8C51, 0x8C51, 0x8C51, 0x8C51, 
  0x8C51, 0x8C51, 0x8C71, 0x8C71, 0x8C71, 0x8C71, 0x8C71, 0x8C71, 
  0x8C72, 0x8C72, 0x8C72, 0x8C72, 0x8C72, 0x8C72, 0x8C72, 0x8C72, 
  0x8C72, 0x8C92, 0x8C92, 0x8C92, 0x8C72, 0x8C72, 0x8C72, 0x8C72, 
  0x8C72, 0x8C71, 0x8C51, 0x9CD3, 0xBDD7, 0xBDF7, 0xAD75, 0xA514, 
  0xAD55, 0xBDD7, 0xBDD7, 0x9CF4, 0x8C51, 0x8C71, 0x8C71, 0x8C71, 
  0x8C71, 0x8C71, 0x8C72, 0x8C72, 0x8C72, 0x8C72, 0x8C72, 0x8C72, 
  0x8C72, 0x8C71, 0x8C71, 0x8C71, 0x8C71, 0x8C71, 0x8C51, 0x8C51, 
  0x8C51, 0x8451, 0x8451, 0x8451, 0x8451, 0x8451, 0x8431, 0x8431, 
  0x8431, 0x8431, 0x8431, 0x8431, 0x8430, 0x8430, 0x8410, 0x8410, 
  0x8410, 0x7C10, 0x7C10, 0x7C10, 0x7C10, 0x7BF0, 0x7BF0, 0x7BF0, 
  0x7BEF, 0x6B71, 0x29B5, 0x2174, 0x2173, 0x29B2, 0x2151, 0x0000, 
  0x0000, 0x0000, 0x0000, 0x0000, 0x0000, 0x0000, 0x0000, 0x0000, 
  
  0x0000, 0x0000, 0x0000, 0x0000, 0x0000, 0x0000, 0x29B2, 0x31D3, 
  0x2994, 0x2996, 0x2997, 0x29B8, 0x4A95, 0x73D0, 0x7C10, 0x7C10, 
  0x8410, 0x8430, 0x8430, 0x8430, 0x8431, 0x8431, 0x8431, 0x8431, 
  0x8431, 0x8451, 0x8451, 0x8451, 0x8C51, 0x8C51, 0x8C51, 0x8C51, 
  0x8C51, 0x8C51, 0x8C71, 0x8C71, 0x8C71, 0x8C71, 0x8C72, 0x8C71, 
  0x8C72, 0x8C72, 0x8C72, 0x8C72, 0x8C72, 0x8C72, 0x8C72, 0x8C72, 
  0x8C72, 0x8C72, 0x8C92, 0x8C72, 0x8C72, 0x8C72, 0x8C72, 0x8C72, 
  0x8C72, 0x8C71, 0x8C71, 0x8C71, 0x8C72, 0x8C72, 0x8C51, 0x8451, 
  0x8C51, 0x8C72, 0x8C72, 0x8C51, 0x8C51, 0x8C71, 0x8C71, 0x8C71, 
  0x8C71, 0x8C71, 0x8C72, 0x8C72, 0x8C72, 0x8C72, 0x8C72, 0x8C71, 
  0x8C71, 0x8C71, 0x8C71, 0x8C51, 0x8C51, 0x8C51, 0x8C51, 0x8C51, 
  0x8C51, 0x8451, 0x8451, 0x8451, 0x8451, 0x8431, 0x8431, 0x8431, 
  0x8431, 0x8431, 0x8431, 0x8431, 0x8430, 0x8430, 0x8410, 0x8410, 
  0x8410, 0x7C10, 0x7C10, 0x7C10, 0x7C10, 0x7BF0, 0x7BF0, 0x7BF0, 
  0x7BEF, 0x6372, 0x29B6, 0x2175, 0x2174, 0x2992, 0x29B1, 0x108F, 
  0x0000, 0x0000, 0x0000, 0x0000, 0x0000, 0x0000, 0x0000, 0x0000, 
  
  0x0000, 0x0000, 0x0000, 0x0000, 0x0000, 0x2133, 0x31B3, 0x29B3, 
  0x2995, 0x29B6, 0x29B7, 0x29B8, 0x4A96, 0x73D1, 0x7C10, 0x7C10, 
  0x8410, 0x8430, 0x8430, 0x8430, 0x8431, 0x8431, 0x8431, 0x8431, 
  0x8451, 0x8451, 0x8451, 0x8451, 0x8451, 0x8451, 0x8C51, 0x8C51, 
  0x8C51, 0x8C51, 0x8C51, 0x8C51, 0x8C71, 0x8C71, 0x8C71, 0x8C72, 
  0x8C72, 0x8C71, 0x8C72, 0x8C72, 0x8C72, 0x8C72, 0x8C72, 0x8C72, 
  0x8C92, 0x8C92, 0x8C72, 0x8C72, 0x8C72, 0x8C72, 0x8C72, 0x8C72, 
  0x8C72, 0x8C72, 0x8C71, 0x8C71, 0x8C51, 0x8C51, 0x8C71, 0x8C71, 
  0x8C71, 0x8C51, 0x8C51, 0x8C71, 0x8C71, 0x8C71, 0x8C71, 0x8C71, 
  0x8C71, 0x8C72, 0x8C72, 0x8C71, 0x8C72, 0x8C71, 0x8C71, 0x8C71, 
  0x8C71, 0x8C71, 0x8C71, 0x8C51, 0x8C51, 0x8C51, 0x8C51, 0x8C51, 
  0x8451, 0x8451, 0x8451, 0x8451, 0x8431, 0x8451, 0x8431, 0x8431, 
  0x8431, 0x8431, 0x8431, 0x8431, 0x8430, 0x8430, 0x8430, 0x8410, 
  0x8410, 0x8410, 0x7C10, 0x7C10, 0x7C10, 0x7C10, 0x7BF0, 0x7BF0, 
  0x7C0F, 0x6352, 0x29B6, 0x2176, 0x2174, 0x2173, 0x2992, 0x2191, 
  0x0000, 0x0000, 0x0000, 0x0000, 0x0000, 0x0000, 0x0000, 0x0000, 
  
  0x0000, 0x0000, 0x0000, 0x0000, 0x0018, 0x31B3, 0x29B3, 0x2994, 
  0x2996, 0x29B7, 0x29B8, 0x29D9, 0x4A97, 0x73D1, 0x7C10, 0x7C10, 
  0x8410, 0x8430, 0x8430, 0x8430, 0x8431, 0x8431, 0x8431, 0x8431, 
  0x8451, 0x8451, 0x8451, 0x8451, 0x8451, 0x8451, 0x8C51, 0x8C71, 
  0x8C51, 0x8C71, 0x8C71, 0x8C71, 0x8C71, 0x8C71, 0x8C71, 0x8C72, 
  0x8C71, 0x8C71, 0x8C72, 0x8C72, 0x8C72, 0x8C72, 0x8C72, 0x8C72, 
  0x8C72, 0x8C72, 0x8C72, 0x8C72, 0x8C72, 0x8C72, 0x8C72, 0x8C72, 
  0x8C72, 0x8C72, 0x8C71, 0x8C71, 0x8C71, 0x8C71, 0x8C71, 0x8C71, 
  0x8C71, 0x8C71, 0x8C71, 0x8C71, 0x8C71, 0x8C71, 0x8C71, 0x8C71, 
  0x8C72, 0x8C72, 0x8C72, 0x8C71, 0x8C72, 0x8C72, 0x8C71, 0x8C71, 
  0x8C71, 0x8C71, 0x8C51, 0x8C51, 0x8C51, 0x8C51, 0x8451, 0x8C51, 
  0x8451, 0x8451, 0x8451, 0x8451, 0x8431, 0x8431, 0x8431, 0x8431, 
  0x8431, 0x8431, 0x8431, 0x8430, 0x8430, 0x8430, 0x8430, 0x8410, 
  0x8410, 0x7C10, 0x7C10, 0x7C10, 0x7C10, 0x7C10, 0x7C10, 0x7BF0, 
  0x7C0F, 0x6333, 0x29B7, 0x2176, 0x2175, 0x2174, 0x2172, 0x2991, 
  0x0870, 0x0000, 0x0000, 0x0000, 0x0000, 0x0000, 0x0000, 0x0000, 
  
  0x0000, 0x0000, 0x0000, 0x0000, 0x2992, 0x31D2, 0x2993, 0x2995, 
  0x2996, 0x29B7, 0x29D8, 0x29D9, 0x4277, 0x73B1, 0x7C10, 0x7C10, 
  0x8410, 0x8430, 0x8430, 0x8430, 0x8430, 0x8430, 0x8431, 0x8451, 
  0x8451, 0x8451, 0x8451, 0x8451, 0x8451, 0x8C51, 0x8C51, 0x8C51, 
  0x8C51, 0x8C71, 0x8C71, 0x8C71, 0x8C71, 0x8C71, 0x8C72, 0x8C71, 
  0x8C71, 0x8C71, 0x8C71, 0x8C71, 0x8C72, 0x8C72, 0x8C72, 0x8C72, 
  0x8C72, 0x8C72, 0x8C72, 0x8C72, 0x8C72, 0x8C72, 0x8C72, 0x8C72, 
  0x8C72, 0x8C72, 0x8C72, 0x8C72, 0x8C72, 0x8C72, 0x8C71, 0x8C71, 
  0x8C71, 0x8C71, 0x8C71, 0x8C71, 0x8C72, 0x8C72, 0x8C72, 0x8C72, 
  0x8C72, 0x8C72, 0x8C72, 0x8C71, 0x8C71, 0x8C71, 0x8C71, 0x8C71, 
  0x8C71, 0x8C71, 0x8C51, 0x8C51, 0x8C51, 0x8C51, 0x8451, 0x8451, 
  0x8C51, 0x8451, 0x8451, 0x8451, 0x8451, 0x8431, 0x8431, 0x8431, 
  0x8431, 0x8431, 0x8431, 0x8430, 0x8430, 0x8410, 0x8410, 0x8410, 
  0x8410, 0x7C10, 0x7C10, 0x7C10, 0x7C10, 0x7BF0, 0x7BF0, 0x7BF0, 
  0x7C10, 0x5B13, 0x21B7, 0x2176, 0x2175, 0x2174, 0x2173, 0x2171, 
  0x2190, 0x0000, 0x0000, 0x0000, 0x0000, 0x0000, 0x0000, 0x0000
  
};

#endif // BUSY_NO_INTERRUPTING_H
