// Auto-generated from busy-stay-clear.png
// Image dimensions: 128x128
#ifndef BUSY_STAY_CLEAR_H
#define BUSY_STAY_CLEAR_H

#include <Arduino.h>

#define BUSY_STAY_CLEAR_WIDTH 128
#define BUSY_STAY_CLEAR_HEIGHT 128

static const uint16_t busy_stay_clear[] PROGMEM = {
  0x0000, 0x0000, 0x0000, 0x0000, 0x0000, 0x0000, 0x0000, 0x0000, 
  0x0000, 0x0000, 0x0000, 0x0000, 0x0000, 0x0000, 0x0000, 0x0000, 
  0x0000, 0x0000, 0x0000, 0x0000, 0xF34D, 0xEAEB, 0xF0E4, 0xF820, 
  0xF0C3, 0xF36C, 0xFBCE, 0x0000, 0x0000, 0x0000, 0x0000, 0x0000, 
  0x0000, 0x0000, 0x0000, 0x0000, 0x0000, 0x0000, 0xEF5D, 0xEE59, 
  0xEAEC, 0xE8E2, 0xE920, 0xE980, 0xF180, 0xF9A1, 0xFA23, 0xFAC6, 
  0xFAE7, 0xFB08, 0xFB08, 0xFB28, 0xFB08, 0xFB28, 0xFB08, 0xFB27, 
  0xFB47, 0xFB67, 0xFB67, 0xFB67, 0xFB67, 0xFB88, 0xFBC8, 0xFC88, 
  0xFD08, 0xFD08, 0xFD08, 0xFD08, 0xFD08, 0xFD29, 0xFD28, 0xFD28, 
  0xFC68, 0xFB88, 0xFB68, 0xFB88, 0xFB88, 0xFB68, 0xFB67, 0xFB67, 
  0xFB47, 0xFB06, 0xFAC6, 0xFA85, 0xFA64, 0xFA43, 0xFA01, 0xF9E0, 
  0xF1A0, 0xE8A0, 0xE8C3, 0xEB0C, 0xD514, 0x0000, 0x0000, 0x0000, 
  0x0000, 0x0000, 0x0000, 0x0000, 0x0000, 0x0000, 0xF3AE, 0xF2AA, 
  0xF104, 0xEACB, 0xEDB7, 0xF30C, 0x0000, 0x0000, 0x0000, 0x0000, 
  0x0000, 0x0000, 0x0000, 0x0000, 0x0000, 0x0000, 0x0000, 0x0000, 
  0x0000, 0x0000, 0x0000, 0x0000, 0x0000, 0x0000, 0x0000, 0x0000, 
  
  0x0000, 0x0000, 0x0000, 0x0000, 0x0000, 0x0000, 0x0000, 0x0000, 
  0x0000, 0x0000, 0x0000, 0x0000, 0x0000, 0x0000, 0x0000, 0x0000, 
  0x0000, 0x0000, 0x0000, 0xDCD3, 0xEB4D, 0xE965, 0xF061, 0xF8C2, 
  0xF040, 0xF2CA, 0xF3AD, 0x0000, 0x0000, 0x0000, 0x0000, 0x0000, 
  0x0000, 0x0000, 0x0000, 0x0000, 0x0000, 0x0000, 0xEC93, 0xEC31, 
  0xE964, 0xE900, 0xE9A0, 0xF180, 0xF980, 0xF9E2, 0xFAE4, 0xFB66, 
  0xFB87, 0xFB68, 0xFB68, 0xFB48, 0xFB68, 0xFB68, 0xFB88, 0xFBA8, 
  0xFBA8, 0xFB88, 0xFB67, 0xFB47, 0xFB27, 0xFB07, 0xF387, 0xF407, 
  0xFC67, 0xFCA8, 0xFCC8, 0xFCE8, 0xFD08, 0xFD08, 0xFD08, 0xFD28, 
  0xFCC8, 0xFBC8, 0xFB68, 0xFB88, 0xFB88, 0xFB68, 0xFB67, 0xFB67, 
  0xFB47, 0xFB26, 0xFAC6, 0xFAA5, 0xFA84, 0xFA43, 0xFA22, 0xF9E0, 
  0xF9C0, 0xE920, 0xE861, 0xEA49, 0xECD3, 0xFFFF, 0x0000, 0x0000, 
  0x0000, 0x0000, 0x0000, 0x0000, 0x0000, 0x0000, 0xF2EB, 0xF207, 
  0xF020, 0xF0C3, 0xEA08, 0xF38E, 0xF451, 0xCCB2, 0x0000, 0x0000, 
  0x0000, 0x0000, 0x0000, 0x0000, 0x0000, 0x0000, 0x0000, 0x0000, 
  0x0000, 0x0000, 0x0000, 0x0000, 0x0000, 0x0000, 0x0000, 0x0000, 
  
  0x0000, 0x0000, 0x0000, 0x0000, 0x0000, 0x0000, 0x0000, 0x0000, 
  0x0000, 0x0000, 0x0000, 0x0000, 0x0000, 0x0000, 0x0000, 0x0000, 
  0x0000, 0x0000, 0x0000, 0xF471, 0xEA8A, 0xF102, 0xF961, 0xF9A3, 
  0xF881, 0xF124, 0xF3AE, 0xFC10, 0x0000, 0x0000, 0x0000, 0x0000, 
  0x0000, 0x0000, 0x0000, 0x0000, 0x0000, 0xFDB7, 0xF30C, 0xEA49, 
  0xE8E0, 0xE980, 0xF180, 0xF960, 0xF9E1, 0xFAA3, 0xFB65, 0xFBA7, 
  0xFBC8, 0xFBC8, 0xFBC8, 0xFBA8, 0xFBA8, 0xFBA8, 0xFB88, 0xFB07, 
  0xF286, 0xEA25, 0xE9A4, 0xE963, 0xE923, 0xE8E2, 0xE8E2, 0xE8E2, 
  0xE942, 0xE9C3, 0xEA03, 0xEA64, 0xEB25, 0xF3A6, 0xF447, 0xFCE8, 
  0xFD08, 0xFC28, 0xFB88, 0xFB88, 0xFB88, 0xFB88, 0xFB67, 0xFB67, 
  0xFB67, 0xFB46, 0xFAE6, 0xFAA5, 0xFA64, 0xFA43, 0xFA22, 0xF9E1, 
  0xF9E0, 0xF180, 0xE860, 0xE904, 0xEC71, 0xED34, 0x0000, 0x0000, 
  0x0000, 0x0000, 0x0000, 0x0000, 0x0000, 0x0000, 0xF34C, 0xF228, 
  0xF840, 0xF881, 0xF061, 0xE966, 0xEB2D, 0xF410, 0xB3AE, 0x0000, 
  0x0000, 0x0000, 0x0000, 0x0000, 0x0000, 0x0000, 0x0000, 0x0000, 
  0x0000, 0x0000, 0x0000, 0x0000, 0x0000, 0x0000, 0x0000, 0x0000, 
  
  0x0000, 0x0000, 0x0000, 0x0000, 0x0000, 0x0000, 0x0000, 0x0000, 
  0x0000, 0x0000, 0x0000, 0x0000, 0x0000, 0x0000, 0x0000, 0x0000, 
  0x0000, 0x0000, 0xBBD2, 0xF3CF, 0xE924, 0xF100, 0xFAA3, 0xFA65, 
  0xF881, 0xF0C2, 0xEC0F, 0xF618, 0x0000, 0x0000, 0x0000, 0x0000, 
  0x0000, 0x0000, 0x0000, 0x0000, 0x0000, 0xF493, 0xEAAA, 0xE943, 
  0xE940, 0xE9A0, 0xF160, 0xF9A0, 0xFA62, 0xFB25, 0xFB86, 0xFBA7, 
  0xFBA8, 0xFBC8, 0xFBC8, 0xFBA8, 0xF2E7, 0xE9E4, 0xF143, 0xF103, 
  0xF103, 0xF0E3, 0xF0E3, 0xF104, 0xF124, 0xF145, 0xF165, 0xF145, 
  0xF144, 0xF124, 0xF103, 0xF0E3, 0xF103, 0xF102, 0xE942, 0xE9E3, 
  0xEB25, 0xFC07, 0xFBA8, 0xFB88, 0xFB88, 0xFB88, 0xFB87, 0xFB87, 
  0xFB67, 0xFB46, 0xFB06, 0xFAA5, 0xFA84, 0xFA64, 0xFA43, 0xFA01, 
  0xF9E0, 0xF1C0, 0xE8A0, 0xE882, 0xEAEB, 0xEDD7, 0x0000, 0x0000, 
  0x0000, 0x0000, 0x0000, 0x0000, 0x0000, 0x0000, 0xF3EF, 0xF269, 
  0xF861, 0xF943, 0xF981, 0xF0E1, 0xE8E3, 0xEAAB, 0xEBCF, 0xD249, 
  0x0000, 0x0000, 0x0000, 0x0000, 0x0000, 0x0000, 0x0000, 0x0000, 
  0x0000, 0x0000, 0x0000, 0x0000, 0x0000, 0x0000, 0x0000, 0x0000, 
  
  0x0000, 0x0000, 0x0000, 0x0000, 0x0000, 0x0000, 0x0000, 0x0000, 
  0x0000, 0x0000, 0x0000, 0x0000, 0x0000, 0x0000, 0x0000, 0x0000, 
  0x0000, 0xF061, 0xEB0D, 0xE9E8, 0xE8E1, 0xFA01, 0xFB24, 0xFAC5, 
  0xF8C1, 0xF0C2, 0xEA68, 0xF619, 0x0000, 0x0000, 0x0000, 0x0000, 
  0x0000, 0x0000, 0x0000, 0x0000, 0xF679, 0xF2CC, 0xE984, 0xE940, 
  0xE9A0, 0xF180, 0xF980, 0xFA21, 0xFAE3, 0xFB66, 0xFB87, 0xFBA8, 
  0xFBA8, 0xFB88, 0xEAA6, 0xE163, 0xE8A2, 0xF0C2, 0xF104, 0xF186, 
  0xF9C7, 0xFA08, 0xFA28, 0xFA69, 0xFA8A, 0xFA8A, 0xFAAA, 0xFAAA, 
  0xFA8A, 0xFA69, 0xFA49, 0xFA28, 0xFA07, 0xF9A6, 0xF165, 0xF104, 
  0xF0C2, 0xE922, 0xEA04, 0xFB07, 0xFB88, 0xFB87, 0xFB87, 0xFB87, 
  0xFB67, 0xFB66, 0xFB26, 0xFAC5, 0xFA64, 0xFA44, 0xFA43, 0xFA01, 
  0xF9E0, 0xF9C0, 0xE920, 0xE861, 0xEA08, 0xF575, 0x0000, 0x0000, 
  0x0000, 0x0000, 0x0000, 0x0000, 0x0000, 0x0000, 0xF36C, 0xF207, 
  0xF061, 0xF963, 0xFAC4, 0xFA61, 0xF140, 0xE902, 0xEA08, 0xF2EC, 
  0xF472, 0xFFFF, 0x0000, 0x0000, 0x0000, 0x0000, 0x0000, 0x0000, 
  0x0000, 0x0000, 0x0000, 0x0000, 0x0000, 0x0000, 0x0000, 0x0000, 
  
  0x0000, 0x0000, 0x0000, 0x0000, 0x0000, 0x0000, 0x0000, 0x0000, 
  0x0000, 0x0000, 0x0000, 0x0000, 0x0000, 0x0000, 0x0000, 0x0000, 
  0x0000, 0xF411, 0xEAAA, 0xE903, 0xF160, 0xFAA2, 0xFB25, 0xFB26, 
  0xF942, 0xF061, 0xF1E7, 0xFB4D, 0x0000, 0x0000, 0x0000, 0x0000, 
  0x0000, 0x0000, 0x0000, 0xD40F, 0xED35, 0xE9C6, 0xE941, 0xE9A0, 
  0xE980, 0xF180, 0xFA01, 0xFAC3, 0xFB25, 0xFB66, 0xFB87, 0xFB88, 
  0xFB47, 0xE9C4, 0xE8A2, 0xF082, 0xF124, 0xF9C7, 0xFA28, 0xFA8A, 
  0xFAAA, 0xFACB, 0xFAEB, 0xFB0C, 0xFB0C, 0xFB0C, 0xFB0C, 0xFB0C, 
  0xFB0C, 0xFB0C, 0xFAEB, 0xFAEB, 0xFACB, 0xFACB, 0xFA8A, 0xFA28, 
  0xF9A6, 0xF104, 0xF0A2, 0xE902, 0xF265, 0xFB47, 0xFB67, 0xFB67, 
  0xFB67, 0xFB66, 0xFB46, 0xFAE5, 0xFA65, 0xFA44, 0xFA23, 0xFA02, 
  0xF9E1, 0xF9C0, 0xF160, 0xE860, 0xE965, 0xF32C, 0xFCB2, 0x0000, 
  0x0000, 0x0000, 0x0000, 0x0000, 0x0000, 0x0000, 0xF471, 0xF289, 
  0xF081, 0xF902, 0xFAE6, 0xFB24, 0xFA82, 0xF180, 0xE8E0, 0xEA07, 
  0xF2AB, 0xF493, 0xFD55, 0x0000, 0x0000, 0x0000, 0x0000, 0x0000, 
  0x0000, 0x0000, 0x0000, 0x0000, 0x0000, 0x0000, 0x0000, 0x0000, 
  
  0x0000, 0x0000, 0x0000, 0x0000, 0x0000, 0x0000, 0x0000, 0x0000, 
  0x0000, 0x0000, 0x0000, 0x0000, 0x0000, 0x0000, 0x0000, 0x0000, 
  0xFE9A, 0xF431, 0xEA07, 0xE941, 0xFA20, 0xFAC4, 0xFB46, 0xFB66, 
  0xF9C3, 0xF040, 0xF1C6, 0xF2EA, 0xEBCB, 0x0000, 0x0000, 0x0000, 
  0x0000, 0x0000, 0xFBEF, 0xF3F0, 0xEAEB, 0xE921, 0xE9A0, 0xE980, 
  0xF160, 0xF9C0, 0xFA82, 0xFAE4, 0xFAE5, 0xF265, 0xE9E4, 0xE9A4, 
  0xE902, 0xF0A2, 0xF124, 0xF1A6, 0xFA28, 0xFA8A, 0xFACB, 0xFAEB, 
  0xFB0C, 0xFB0C, 0xFB0C, 0xFB0C, 0xFB0C, 0xFB0C, 0xFB0C, 0xFB0C, 
  0xFB0C, 0xFB0C, 0xFB0C, 0xFB0C, 0xFB0C, 0xFB0C, 0xFB0C, 0xFACB, 
  0xFAAA, 0xFA28, 0xF1A6, 0xF0E3, 0xE8A1, 0xE143, 0xE1A3, 0xEA04, 
  0xF2C5, 0xFB26, 0xFB46, 0xFB05, 0xFA85, 0xFA44, 0xFA23, 0xFA02, 
  0xF9C1, 0xF9C0, 0xF1A0, 0xE8A0, 0xE861, 0xF3EF, 0xF514, 0x0000, 
  0x0000, 0x0000, 0x0000, 0x0000, 0x0000, 0x0000, 0xF618, 0xEB0B, 
  0xF0E2, 0xF8C1, 0xFAA5, 0xFB46, 0xFAE4, 0xFA82, 0xF1E0, 0xE920, 
  0xE944, 0xEACB, 0xF30D, 0xFC10, 0x0000, 0x0000, 0x0000, 0x0000, 
  0x0000, 0x0000, 0x0000, 0x0000, 0x0000, 0x0000, 0x0000, 0x0000, 
  
  0x0000, 0x0000, 0x0000, 0x0000, 0x0000, 0x0000, 0x0000, 0x0000, 
  0x0000, 0x0000, 0x0000, 0x0000, 0x0000, 0x0000, 0x0000, 0x0000, 
  0xFD14, 0xEAAB, 0xE922, 0xF1A0, 0xFA62, 0xFAE5, 0xFB46, 0xFB46, 
  0xFA63, 0xF0A0, 0xF103, 0xF3AE, 0xFC50, 0x0000, 0x0000, 0x0000, 
  0x0000, 0x0000, 0xECB4, 0xEBF0, 0xE963, 0xE960, 0xE9C0, 0xF160, 
  0xF980, 0xFA21, 0xFA63, 0xF1E3, 0xE102, 0xE881, 0xF082, 0xF0A2, 
  0xF0E3, 0xF186, 0xFA08, 0xFA28, 0xFA69, 0xFAAA, 0xFACB, 0xFACB, 
  0xFAEB, 0xFAEB, 0xFAEB, 0xFAEB, 0xFAEB, 0xFACB, 0xFACB, 0xFACB, 
  0xFACB, 0xFACB, 0xFACB, 0xFACB, 0xFAEB, 0xFAEB, 0xFAEB, 0xFAEB, 
  0xFACB, 0xFA8A, 0xFA49, 0xF9E7, 0xF144, 0xF0A2, 0xF082, 0xE881, 
  0xE0A1, 0xE963, 0xF284, 0xFAE5, 0xFAA5, 0xFA44, 0xFA43, 0xFA02, 
  0xF9C1, 0xF9C0, 0xF1A0, 0xE8C0, 0xE861, 0xEA49, 0xF534, 0x0000, 
  0x0000, 0x0000, 0x0000, 0x0000, 0x0000, 0x0000, 0xF598, 0xF2AA, 
  0xF124, 0xF081, 0xFA64, 0xFB66, 0xFB26, 0xFAC4, 0xFA62, 0xFA00, 
  0xE960, 0xE963, 0xEA07, 0xF36D, 0xFD57, 0x0000, 0x0000, 0x0000, 
  0x0000, 0x0000, 0x0000, 0x0000, 0x0000, 0x0000, 0x0000, 0x0000, 
  
  0x0000, 0x0000, 0x0000, 0x0000, 0x0000, 0x0000, 0x0000, 0x0000, 
  0x0000, 0x0000, 0x0000, 0x0000, 0x0000, 0x0000, 0x0000, 0xFB6D, 
  0xF30D, 0xE9A5, 0xE940, 0xFA00, 0xFA83, 0xFB05, 0xFB27, 0xFB27, 
  0xFAC4, 0xF900, 0xF040, 0xEB6D, 0xF410, 0x0000, 0x0000, 0x0000, 
  0x0000, 0xF679, 0xEB4D, 0xEA48, 0xE900, 0xE9C0, 0xF180, 0xF180, 
  0xF9C0, 0xF1C2, 0xE902, 0xF0A2, 0xF0E3, 0xF165, 0xF9A6, 0xF9C7, 
  0xF9C7, 0xFA28, 0xFA69, 0xFA49, 0xFA69, 0xFA8A, 0xFAAA, 0xFAAA, 
  0xFACB, 0xFACB, 0xFAAA, 0xFAAA, 0xFAAA, 0xFAAA, 0xFAAA, 0xFAAA, 
  0xFAAA, 0xFAAA, 0xFAAA, 0xFAAA, 0xFAAA, 0xFAAA, 0xFAAA, 0xFAAA, 
  0xFA8A, 0xFA69, 0xFA69, 0xFA69, 0xF9E7, 0xF9A6, 0xF986, 0xF186, 
  0xF124, 0xF0C2, 0xE8C2, 0xE983, 0xF224, 0xFA44, 0xFA23, 0xFA02, 
  0xF9E1, 0xF9C0, 0xF1A0, 0xE8E0, 0xE840, 0xE9E7, 0xF4F4, 0x0000, 
  0x0000, 0x0000, 0x0000, 0x0000, 0x0000, 0x0000, 0xFBCF, 0xF269, 
  0xF165, 0xF060, 0xFA23, 0xFB46, 0xFB47, 0xFB06, 0xFAA4, 0xFA42, 
  0xFA00, 0xF180, 0xE941, 0xEA06, 0xEACB, 0xEDD7, 0x0000, 0x0000, 
  0x0000, 0x0000, 0x0000, 0x0000, 0x0000, 0x0000, 0x0000, 0x0000, 
  
  0x0000, 0x0000, 0x0000, 0x0000, 0x0000, 0x0000, 0x0000, 0x0000, 
  0x0000, 0x0000, 0x0000, 0x0000, 0x0000, 0x0000, 0xF88B, 0xF38E, 
  0xEA48, 0xE921, 0xF1C0, 0xFA21, 0xFAA4, 0xFB06, 0xFB27, 0xFB27, 
  0xFAC4, 0xF9A1, 0xF060, 0xE965, 0xF36D, 0xFB2C, 0x0000, 0x0000, 
  0x0000, 0xED14, 0xEA48, 0xE962, 0xE980, 0xE9A0, 0xF160, 0xF160, 
  0xF121, 0xE8C2, 0xF104, 0xF9A6, 0xFA28, 0xFA69, 0xFA69, 0xFA49, 
  0xFA28, 0xFA49, 0xFA69, 0xFA28, 0xFA49, 0xFA69, 0xFA8A, 0xFA8A, 
  0xFA8A, 0xFA8A, 0xFA8A, 0xFA8A, 0xFA8A, 0xFA8A, 0xFA69, 0xFA69, 
  0xFA69, 0xFA69, 0xFA69, 0xFA69, 0xFA69, 0xFA8A, 0xFA69, 0xFA69, 
  0xFA49, 0xFA08, 0xFA28, 0xFA49, 0xF9E7, 0xF9E7, 0xFA28, 0xFA49, 
  0xFA49, 0xFA08, 0xF165, 0xF0C3, 0xE8E2, 0xF183, 0xFA03, 0xFA02, 
  0xF9C1, 0xF9C0, 0xF9A0, 0xE900, 0xE820, 0xEA08, 0xF3AE, 0xFFFF, 
  0x0000, 0x0000, 0x0000, 0x0000, 0x0000, 0x0000, 0x0000, 0xF34C, 
  0xF1E7, 0xF060, 0xF9E2, 0xFB06, 0xFB47, 0xFB27, 0xFAE6, 0xFAA4, 
  0xFA42, 0xF9E0, 0xF1A0, 0xE960, 0xE9A4, 0xEB0B, 0xEC72, 0xFB0C, 
  0x0000, 0x0000, 0x0000, 0x0000, 0x0000, 0x0000, 0x0000, 0x0000, 
  
  0x0000, 0x0000, 0x0000, 0x0000, 0x0000, 0x0000, 0x0000, 0x0000, 
  0x0000, 0x0000, 0x0000, 0x0000, 0x0000, 0x0000, 0xFCF5, 0xF32D, 
  0xE9E5, 0xE980, 0xF9E0, 0xFA43, 0xFAC5, 0xFB06, 0xFB27, 0xFB27, 
  0xFAE5, 0xFA22, 0xF0C0, 0xF0C2, 0xF34D, 0xF431, 0x0000, 0x0000, 
  0xF555, 0xEB6E, 0xE983, 0xE980, 0xE9A0, 0xE960, 0xF120, 0xF0C1, 
  0xF0C3, 0xF9A6, 0xFA49, 0xFAAA, 0xFACB, 0xFAAA, 0xFA8A, 0xFA49, 
  0xFA08, 0xFA49, 0xFA69, 0xFA08, 0xFA28, 0xFA49, 0xFA49, 0xFA69, 
  0xFA69, 0xFA69, 0xFA69, 0xFA69, 0xFA69, 0xFA49, 0xFA49, 0xFA49, 
  0xFA49, 0xFA49, 0xFA49, 0xFA49, 0xFA49, 0xFA49, 0xFA28, 0xFA08, 
  0xF9E7, 0xF9A6, 0xF9C7, 0xFA28, 0xF9C7, 0xF9C7, 0xFA28, 0xFA8A, 
  0xFAAA, 0xFAAA, 0xFA69, 0xFA08, 0xF124, 0xF0C2, 0xF122, 0xF9A2, 
  0xF9C1, 0xF9A0, 0xF9A0, 0xF120, 0xE840, 0xE965, 0xED14, 0xF6FB, 
  0x0000, 0x0000, 0x0000, 0x0000, 0x0000, 0x0000, 0x0000, 0xF430, 
  0xEA49, 0xF040, 0xF9C1, 0xFAE5, 0xFB27, 0xFB27, 0xFB06, 0xFAE6, 
  0xFA84, 0xFA22, 0xF9E0, 0xF1A0, 0xE980, 0xE983, 0xEA28, 0xEB8E, 
  0xDDB6, 0x0000, 0x0000, 0x0000, 0x0000, 0x0000, 0x0000, 0x0000, 
  
  0x0000, 0x0000, 0x0000, 0x0000, 0x0000, 0x0000, 0x0000, 0x0000, 
  0x0000, 0x0000, 0x0000, 0x0000, 0x0000, 0x0000, 0xEDB7, 0xEA28, 
  0xE941, 0xF1C0, 0xFA01, 0xFA84, 0xFAE6, 0xFB07, 0xFB27, 0xFB27, 
  0xFAE5, 0xFA42, 0xF120, 0xE8C1, 0xEA89, 0xED35, 0xD555, 0xE534, 
  0xF514, 0xE9E7, 0xE941, 0xE9C0, 0xE980, 0xE8E0, 0xF0A1, 0xF124, 
  0xFA08, 0xFAAA, 0xFAEB, 0xFAEB, 0xFACB, 0xFAAA, 0xFA69, 0xFA28, 
  0xF9E7, 0xFA28, 0xFA49, 0xF9E7, 0xFA08, 0xFA28, 0xFA28, 0xFA28, 
  0xFA49, 0xFA49, 0xFA49, 0xFA49, 0xFA49, 0xFA49, 0xFA28, 0xFA28, 
  0xFA28, 0xFA28, 0xFA28, 0xFA28, 0xFA28, 0xFA08, 0xFA08, 0xF9C7, 
  0xF9A6, 0xF965, 0xF9A6, 0xFA08, 0xF186, 0xF9A6, 0xFA08, 0xFA69, 
  0xFAAA, 0xFACB, 0xFAEB, 0xFAAA, 0xFA69, 0xF9A6, 0xF0E3, 0xF0C1, 
  0xF161, 0xF9A0, 0xF9A0, 0xF140, 0xE840, 0xE904, 0xF4B2, 0xFC92, 
  0x0000, 0x0000, 0x0000, 0x0000, 0x0000, 0x0000, 0x0000, 0xF410, 
  0xEA28, 0xF060, 0xF9A1, 0xFAC4, 0xFB07, 0xFB27, 0xFB27, 0xFB07, 
  0xFAC6, 0xFA84, 0xFA22, 0xF9E0, 0xF1A0, 0xE960, 0xE921, 0xEA48, 
  0xEBCF, 0xEC52, 0xF800, 0x0000, 0x0000, 0x0000, 0x0000, 0x0000, 
  
  0x0000, 0x0000, 0x0000, 0x0000, 0x0000, 0x0000, 0x0000, 0x0000, 
  0x0000, 0x0000, 0x0000, 0x0000, 0x0000, 0xE472, 0xEBCF, 0xE9A4, 
  0xE980, 0xF9E0, 0xFA22, 0xFAA5, 0xFAE6, 0xFB07, 0xFB27, 0xFB27, 
  0xFAE6, 0xFA63, 0xF9A0, 0xF0C0, 0xE984, 0xED35, 0xEDF7, 0xF431, 
  0xEBCF, 0xE942, 0xE9A0, 0xE9A0, 0xE8E0, 0xF0A1, 0xF165, 0xFA49, 
  0xFACB, 0xFB0C, 0xFB0C, 0xFAEB, 0xFAAA, 0xFA69, 0xFA28, 0xFA08, 
  0xF9C7, 0xFA28, 0xFA28, 0xF9A6, 0xF9C7, 0xF9E7, 0xFA08, 0xFA28, 
  0xFA28, 0xFA28, 0xFA28, 0xFA28, 0xFA28, 0xFA28, 0xFA28, 0xFA28, 
  0xFA28, 0xFA28, 0xFA28, 0xFA08, 0xFA08, 0xF9E7, 0xF9C7, 0xF9A6, 
  0xF986, 0xF145, 0xF186, 0xF9E7, 0xF165, 0xF165, 0xF9E7, 0xFA49, 
  0xFA8A, 0xFACB, 0xFAEB, 0xFAEB, 0xFACB, 0xFA8A, 0xF9E7, 0xF104, 
  0xF0A1, 0xF140, 0xF9A0, 0xF140, 0xE840, 0xE965, 0xF38E, 0xE36D, 
  0x0000, 0x0000, 0x0000, 0x0000, 0x0000, 0x0000, 0x0000, 0xF34D, 
  0xF1C6, 0xF0A0, 0xF980, 0xFA83, 0xFB06, 0xFB27, 0xFB27, 0xFB07, 
  0xFAE7, 0xFAC6, 0xFA84, 0xFA22, 0xF9E1, 0xF1A0, 0xE980, 0xE921, 
  0xE985, 0xF30C, 0xF410, 0xF800, 0x0000, 0x0000, 0x0000, 0x0000, 
  
  0x0000, 0x0000, 0x0000, 0x0000, 0x0000, 0x0000, 0x0000, 0x0000, 
  0x0000, 0x0000, 0x0000, 0x0000, 0xFFFF, 0xF30C, 0xE9C6, 0xE940, 
  0xF1A0, 0xF9E1, 0xFA63, 0xFAA5, 0xFAE7, 0xFB07, 0xFB08, 0xFB07, 
  0xFAE7, 0xFA64, 0xF9E1, 0xF100, 0xF122, 0xF36D, 0xEDB7, 0xEB2C, 
  0xEA69, 0xE940, 0xE9C0, 0xE900, 0xF0A2, 0xF186, 0xFA69, 0xFAEB, 
  0xFB0C, 0xFB0C, 0xFACB, 0xFAAA, 0xFA8A, 0xFA49, 0xFA08, 0xF9E7, 
  0xF9A6, 0xFA08, 0xFA28, 0xF986, 0xF9A6, 0xF9C7, 0xF9C7, 0xF9E7, 
  0xFA08, 0xFA08, 0xFA08, 0xFA08, 0xFA08, 0xFA08, 0xFA08, 0xFA08, 
  0xFA08, 0xFA08, 0xFA08, 0xF9E7, 0xF9E7, 0xF9C7, 0xF9A6, 0xF986, 
  0xF965, 0xF124, 0xF165, 0xF9E7, 0xF165, 0xF165, 0xF9C7, 0xFA08, 
  0xFA69, 0xFAAA, 0xFACB, 0xFAEB, 0xFAEB, 0xFAEB, 0xFAAA, 0xFA28, 
  0xF124, 0xF0A1, 0xE940, 0xF120, 0xE840, 0xE986, 0xEAEB, 0xC578, 
  0x0000, 0x0000, 0x0000, 0x0000, 0x0000, 0x0000, 0x0000, 0xF431, 
  0xF248, 0xE8C1, 0xF160, 0xFA43, 0xFAC6, 0xFB07, 0xFB28, 0xFB08, 
  0xFB07, 0xFAE7, 0xFAA6, 0xFA65, 0xFA23, 0xF9E1, 0xF9A0, 0xE9A0, 
  0xE920, 0xE964, 0xEBCF, 0xF34D, 0xB104, 0x0000, 0x0000, 0x0000, 
  
  0x0000, 0x0000, 0x0000, 0x0000, 0x0000, 0x0000, 0x0000, 0x0000, 
  0x0000, 0x0000, 0x0000, 0x0000, 0xE555, 0xEACB, 0xE942, 0xE980, 
  0xF9C0, 0xFA02, 0xFA85, 0xFAC6, 0xFAE7, 0xFB08, 0xFB08, 0xFB08, 
  0xFAE7, 0xFA85, 0xFA02, 0xF140, 0xE901, 0xF1E6, 0xEE19, 0xEA89, 
  0xE9A3, 0xE980, 0xE900, 0xF0A2, 0xF9A6, 0xFA8A, 0xFAEB, 0xFB0C, 
  0xFB0C, 0xFACB, 0xFAAA, 0xFA8A, 0xFA69, 0xFA28, 0xF9E7, 0xF9C7, 
  0xF986, 0xF9E7, 0xFA08, 0xF965, 0xF986, 0xF986, 0xF9A6, 0xF9C7, 
  0xF9C7, 0xF9C7, 0xF9E7, 0xF9E7, 0xF9E7, 0xF9E7, 0xF9E7, 0xF9E7, 
  0xF9E7, 0xF9E7, 0xF9E7, 0xF9C7, 0xF9C7, 0xF9C7, 0xF9A6, 0xF965, 
  0xF145, 0xF104, 0xF145, 0xF9C7, 0xF145, 0xF145, 0xF9A6, 0xF9E7, 
  0xFA28, 0xFA69, 0xFA8A, 0xFAAA, 0xFACB, 0xFAEB, 0xFAEB, 0xFAAA, 
  0xFA28, 0xF124, 0xF081, 0xE8E0, 0xE840, 0xE924, 0xEC71, 0xF5FB, 
  0x0000, 0x0000, 0x0000, 0x0000, 0x0000, 0x0000, 0x0000, 0xED35, 
  0xEAA9, 0xE8E1, 0xF140, 0xFA42, 0xFAA5, 0xFB07, 0xFB08, 0xFB08, 
  0xFB08, 0xFAE7, 0xFAE7, 0xFAA6, 0xFA85, 0xFA23, 0xF9E1, 0xF9A0, 
  0xE9A0, 0xE940, 0xE923, 0xEAAB, 0xF2CB, 0xD596, 0x0000, 0x0000, 
  
  0x0000, 0x0000, 0x0000, 0x0000, 0x0000, 0x0000, 0x0000, 0x0000, 
  0x0000, 0x0000, 0x0000, 0xECD5, 0xF431, 0xEA28, 0xE940, 0xF1A0, 
  0xF9E1, 0xFA43, 0xFAA5, 0xFAC7, 0xFB07, 0xFB08, 0xFB08, 0xFB08, 
  0xFAE7, 0xFAA6, 0xFA22, 0xF9A0, 0xF0E0, 0xF184, 0xEC72, 0xE9E5, 
  0xE981, 0xE900, 0xF0C2, 0xF9C7, 0xFA8A, 0xFAEB, 0xFB0C, 0xFAEB, 
  0xFACB, 0xFAAA, 0xFA8A, 0xFA69, 0xFA28, 0xFA08, 0xF9C7, 0xF9A6, 
  0xF965, 0xF9A6, 0xF9E7, 0xF124, 0xF145, 0xF965, 0xF965, 0xF986, 
  0xF9A6, 0xF9A6, 0xF9C7, 0xF9C7, 0xF9C7, 0xF9C7, 0xF9C7, 0xF9C7, 
  0xF9C7, 0xF9C7, 0xF9C7, 0xF9C7, 0xF9A6, 0xF986, 0xF986, 0xF145, 
  0xF124, 0xF0E3, 0xF124, 0xF9A6, 0xF124, 0xF124, 0xF986, 0xF9C7, 
  0xFA08, 0xFA49, 0xFA69, 0xFA8A, 0xFAAA, 0xFACB, 0xFACB, 0xFAEB, 
  0xFACB, 0xFA49, 0xF165, 0xF061, 0xE040, 0xE903, 0xF492, 0xFE59, 
  0x0000, 0x0000, 0x0000, 0x0000, 0x0000, 0x0000, 0x0000, 0xED96, 
  0xEAA9, 0xE901, 0xF140, 0xFA02, 0xFA85, 0xFAE7, 0xFB08, 0xFB08, 
  0xFB08, 0xFB08, 0xFB07, 0xFAE7, 0xFAA6, 0xFA85, 0xFA43, 0xF9E2, 
  0xF9C0, 0xF1A0, 0xE940, 0xE901, 0xEA28, 0xEBCF, 0xFD55, 0x0000, 
  
  0x0000, 0x0000, 0x0000, 0x0000, 0x0000, 0x0000, 0x0000, 0x0000, 
  0x0000, 0x0000, 0x0000, 0xF3AF, 0xEA29, 0xE922, 0xE980, 0xF9C0, 
  0xFA02, 0xFA64, 0xFAC6, 0xFAE7, 0xFB08, 0xFB08, 0xFB08, 0xFB08, 
  0xFAE7, 0xFAC6, 0xFA43, 0xF9C1, 0xF120, 0xF142, 0xF30B, 0xE962, 
  0xE920, 0xF0A2, 0xF9C7, 0xFA8A, 0xFAEB, 0xFB0C, 0xFAEB, 0xFACB, 
  0xFAAA, 0xFA8A, 0xFA49, 0xFA28, 0xFA28, 0xF9E7, 0xF9C7, 0xF986, 
  0xF145, 0xF186, 0xF9C7, 0xF0E3, 0xF104, 0xF124, 0xF145, 0xF965, 
  0xF986, 0xF986, 0xF9A6, 0xF9A6, 0xF9A6, 0xF9A6, 0xF9A6, 0xF9A6, 
  0xF9A6, 0xF9A6, 0xF9A6, 0xF9A6, 0xF986, 0xF986, 0xF165, 0xF124, 
  0xF104, 0xF0C3, 0xF124, 0xF9A6, 0xF104, 0xF104, 0xF165, 0xF9A6, 
  0xF9E7, 0xFA28, 0xFA49, 0xFA69, 0xFA8A, 0xFA8A, 0xFAAA, 0xFACB, 
  0xFACB, 0xFAAA, 0xFA49, 0xF124, 0xE861, 0xE103, 0xEB6D, 0x0000, 
  0x0000, 0x0000, 0x0000, 0x0000, 0x0000, 0x0000, 0x0000, 0xF5D8, 
  0xF2A9, 0xF102, 0xF140, 0xF9E1, 0xFA85, 0xFAE7, 0xFB08, 0xFB08, 
  0xFB08, 0xFB08, 0xFB08, 0xFB07, 0xFAE7, 0xFAC6, 0xFA85, 0xFA44, 
  0xFA02, 0xF9C0, 0xF1C0, 0xE980, 0xE962, 0xEA28, 0xF2CB, 0xF38E, 
  
  0x0000, 0x0000, 0x0000, 0x0000, 0x0000, 0x0000, 0x0000, 0x0000, 
  0x0000, 0x0000, 0xFCD3, 0xF472, 0xE985, 0xE920, 0xF1A0, 0xF9C1, 
  0xFA43, 0xFAA5, 0xFAC7, 0xFB07, 0xFB08, 0xFB08, 0xFB08, 0xFB08, 
  0xFB08, 0xFAC7, 0xFA65, 0xF9E2, 0xF980, 0xE921, 0xF227, 0xE901, 
  0xF0A1, 0xF1A6, 0xFA8A, 0xFAEB, 0xFAEB, 0xFACB, 0xFAAA, 0xFA8A, 
  0xFA69, 0xFA49, 0xFA28, 0xFA28, 0xFA08, 0xF9E7, 0xF9A6, 0xF986, 
  0xF124, 0xF165, 0xF9A6, 0xF0C3, 0xF0E3, 0xF104, 0xF124, 0xF145, 
  0xF945, 0xF965, 0xF986, 0xF986, 0xF986, 0xF986, 0xF986, 0xF986, 
  0xF986, 0xF986, 0xF986, 0xF986, 0xF965, 0xF945, 0xF145, 0xF104, 
  0xF0E3, 0xF0C3, 0xF104, 0xF186, 0xF0E3, 0xF0E3, 0xF145, 0xF986, 
  0xF9C7, 0xFA08, 0xFA28, 0xFA49, 0xFA49, 0xFA69, 0xFA8A, 0xFAAA, 
  0xFACB, 0xFACB, 0xFACB, 0xFA28, 0xF124, 0xE8C3, 0xE145, 0xA841, 
  0x0000, 0x0000, 0x0000, 0x0000, 0x0000, 0x0000, 0x0000, 0xEE5A, 
  0xF2AA, 0xF122, 0xF120, 0xF9E1, 0xFA64, 0xFAC7, 0xFB08, 0xFB08, 
  0xFB08, 0xFB08, 0xFB08, 0xFB08, 0xFB07, 0xFAE7, 0xFAC6, 0xFA85, 
  0xFA64, 0xFA02, 0xF9C0, 0xF1A0, 0xE980, 0xE921, 0xE985, 0xF28A, 
  
  0x0000, 0x0000, 0x0000, 0x0000, 0x0000, 0x0000, 0x0000, 0x0000, 
  0x0000, 0x0000, 0xEB0D, 0xEA8A, 0xE942, 0xE980, 0xF9C0, 0xFA02, 
  0xFA64, 0xFAA6, 0xFAE7, 0xFB08, 0xFB08, 0xFB08, 0xFB08, 0xFB08, 
  0xFB08, 0xFAE7, 0xFA86, 0xFA03, 0xF9C0, 0xF1A2, 0xE964, 0xE880, 
  0xF124, 0xFA49, 0xFACB, 0xFAEB, 0xFACB, 0xFAAA, 0xFA8A, 0xFA69, 
  0xFA49, 0xFA28, 0xFA28, 0xFA08, 0xF9E7, 0xF9C7, 0xF986, 0xF165, 
  0xF0E3, 0xF145, 0xF986, 0xF0A2, 0xF0C3, 0xF0C3, 0xF0E3, 0xF104, 
  0xF124, 0xF145, 0xF965, 0xF965, 0xF965, 0xF965, 0xF965, 0xF965, 
  0xF965, 0xF965, 0xF965, 0xF945, 0xF145, 0xF124, 0xF104, 0xF0E3, 
  0xF0C3, 0xF0A2, 0xF0E3, 0xF165, 0xF0C3, 0xF0C3, 0xF124, 0xF965, 
  0xF9A6, 0xF9E7, 0xFA08, 0xFA28, 0xFA28, 0xFA49, 0xFA69, 0xFA8A, 
  0xFAAA, 0xFACB, 0xFACB, 0xFAAA, 0xFA08, 0xF104, 0xE841, 0xD041, 
  0x0000, 0x0000, 0x0000, 0x0000, 0x0000, 0x0000, 0x0000, 0xE65B, 
  0xF2CA, 0xF143, 0xF140, 0xF9C1, 0xFA64, 0xFAC6, 0xFAE8, 0xFB08, 
  0xFB08, 0xFB28, 0xFB08, 0xFB08, 0xFB08, 0xFAE7, 0xFAE7, 0xFAC6, 
  0xFAA5, 0xFA44, 0xFA02, 0xF9C0, 0xF1C0, 0xE980, 0xE920, 0xE985, 
  
  0x0000, 0x0000, 0x0000, 0x0000, 0x0000, 0x0000, 0x0000, 0x0000, 
  0x0000, 0xFA49, 0xF2AB, 0xE985, 0xE940, 0xF1A0, 0xF9C1, 0xFA43, 
  0xFAA5, 0xFAC6, 0xFAE7, 0xFB08, 0xFB08, 0xFB08, 0xFB28, 0xFB08, 
  0xFB08, 0xFAE7, 0xFAA6, 0xFA64, 0xFA22, 0xF1C1, 0xE0A1, 0xF0A2, 
  0xF9C7, 0xFAAA, 0xFACB, 0xFACB, 0xFAAA, 0xFA8A, 0xFA49, 0xFA28, 
  0xFA28, 0xFA28, 0xFA08, 0xF9E7, 0xF9C7, 0xF9A6, 0xF965, 0xF145, 
  0xF0C3, 0xF124, 0xF965, 0xF082, 0xF082, 0xF0A2, 0xF0C3, 0xF0E3, 
  0xF104, 0xF124, 0xF124, 0xF145, 0xF945, 0xF145, 0xF145, 0xF945, 
  0xF945, 0xF145, 0xF145, 0xF124, 0xF124, 0xF104, 0xF0E3, 0xF0C3, 
  0xF0A2, 0xF082, 0xF0C3, 0xF145, 0xF0A2, 0xF0A2, 0xF104, 0xF145, 
  0xF986, 0xF9C7, 0xF9E7, 0xFA08, 0xFA28, 0xFA28, 0xFA49, 0xFA49, 
  0xFA69, 0xFAAA, 0xFACB, 0xFACB, 0xFA8A, 0xF1A6, 0xF0A2, 0xE041, 
  0xC820, 0x0000, 0x0000, 0x0000, 0x0000, 0x0000, 0x0000, 0xEE39, 
  0xF2CA, 0xF142, 0xF140, 0xF9C1, 0xFA44, 0xFAA6, 0xFAE7, 0xFB08, 
  0xFB08, 0xFB28, 0xFB08, 0xFB08, 0xFB08, 0xFB08, 0xFAE7, 0xFAE7, 
  0xFAC6, 0xFA85, 0xFA64, 0xFA22, 0xF9E1, 0xF1C0, 0xE9A0, 0xE921, 
  
  0x0000, 0x0000, 0x0000, 0x0000, 0x0000, 0x0000, 0x0000, 0x0000, 
  0x0000, 0xEE39, 0xEA49, 0xE921, 0xE9A0, 0xF9C0, 0xFA02, 0xFA64, 
  0xFAA6, 0xFAE7, 0xFB07, 0xFB08, 0xFB08, 0xFB08, 0xFB08, 0xFB08, 
  0xFAE8, 0xFAE8, 0xFAC6, 0xFA85, 0xFA64, 0xE962, 0xE861, 0xF145, 
  0xFA28, 0xFAAA, 0xFAAA, 0xFA8A, 0xFA69, 0xFA49, 0xFA28, 0xFA08, 
  0xFA08, 0xFA08, 0xF9E7, 0xF9C7, 0xF9A6, 0xF986, 0xF145, 0xF124, 
  0xF0A2, 0xF104, 0xF165, 0xF061, 0xF061, 0xF082, 0xF0A2, 0xF0C3, 
  0xF0E3, 0xF0E3, 0xF104, 0xF124, 0xF124, 0xF124, 0xF124, 0xF124, 
  0xF124, 0xF124, 0xF104, 0xF104, 0xF0E3, 0xF0E3, 0xF0C3, 0xF0A2, 
  0xF082, 0xF061, 0xF0C3, 0xF124, 0xF082, 0xF082, 0xF0E3, 0xF124, 
  0xF165, 0xF9A6, 0xF9C7, 0xF9E7, 0xFA08, 0xFA08, 0xFA28, 0xFA49, 
  0xFA49, 0xFA8A, 0xFAAA, 0xFACB, 0xFAAA, 0xFA49, 0xF124, 0xE861, 
  0xD820, 0x0000, 0x0000, 0x0000, 0x0000, 0x0000, 0x0000, 0xEDB7, 
  0xF2C9, 0xE942, 0xF160, 0xF9C1, 0xFA44, 0xFAA6, 0xFAE7, 0xFB08, 
  0xFB08, 0xFB08, 0xFB08, 0xFB08, 0xFB08, 0xFB08, 0xFB08, 0xFB07, 
  0xFAE7, 0xFAC6, 0xFAA5, 0xFA64, 0xFA22, 0xF9E1, 0xF1C0, 0xE9A0, 
  
  0x0000, 0x0000, 0x0000, 0x0000, 0x0000, 0x0000, 0x0000, 0x0000, 
  0xFDD7, 0xEBCF, 0xEA27, 0xE960, 0xF1A0, 0xF9C1, 0xFA23, 0xFA85, 
  0xFAC6, 0xFAE7, 0xFB08, 0xFB08, 0xFB08, 0xFB08, 0xFB08, 0xFB08, 
  0xFB08, 0xFAE7, 0xFAE7, 0xFAC6, 0xFA65, 0xE8E2, 0xF0C3, 0xF9C7, 
  0xFA69, 0xFA8A, 0xFA8A, 0xFA49, 0xFA28, 0xFA08, 0xFA08, 0xF9E7, 
  0xF9E7, 0xF9E7, 0xF9C7, 0xF9A6, 0xF986, 0xF965, 0xF124, 0xF0E3, 
  0xF082, 0xF0E3, 0xF145, 0xF041, 0xF041, 0xF061, 0xF082, 0xF0A2, 
  0xF0C3, 0xF0C3, 0xF0E3, 0xF0E3, 0xF0E3, 0xF0E3, 0xF0E3, 0xF0E3, 
  0xF0E3, 0xF0E3, 0xF0E3, 0xF0E3, 0xF0C3, 0xF0C3, 0xF0A2, 0xF082, 
  0xF061, 0xF041, 0xF0A2, 0xF104, 0xF061, 0xF061, 0xF0C3, 0xF104, 
  0xF145, 0xF986, 0xF9A6, 0xF9C7, 0xF9E7, 0xF9E7, 0xFA08, 0xFA28, 
  0xFA28, 0xFA49, 0xFA69, 0xFAAA, 0xFAAA, 0xFA8A, 0xF9E7, 0xF0A2, 
  0xE841, 0xD041, 0x0000, 0x0000, 0x0000, 0x0000, 0x0000, 0xF4D4, 
  0xEA89, 0xE941, 0xF160, 0xF9C1, 0xFA44, 0xFAA6, 0xFAE7, 0xFAE8, 
  0xFB08, 0xFB08, 0xFB08, 0xFB08, 0xFB08, 0xFB08, 0xFB08, 0xFB08, 
  0xFB07, 0xFAE7, 0xFAC6, 0xFAA5, 0xFA64, 0xFA23, 0xF9E1, 0xF9C0, 
  
  0x0000, 0x0000, 0x0000, 0x0000, 0x0000, 0x0000, 0x0000, 0x0000, 
  0xF3AE, 0xEA08, 0xE901, 0xE980, 0xF9A0, 0xFA02, 0xFA64, 0xFAA6, 
  0xFAE7, 0xFB07, 0xFB08, 0xFB08, 0xFB08, 0xFB08, 0xFB08, 0xFB08, 
  0xFB08, 0xFB08, 0xFAE7, 0xFAE7, 0xF225, 0xF0A2, 0xF145, 0xF9E7, 
  0xFA49, 0xFA69, 0xFA49, 0xFA08, 0xF9E7, 0xF9E7, 0xF9C7, 0xF9C7, 
  0xF9C7, 0xF9C7, 0xF9A6, 0xF986, 0xF965, 0xF145, 0xF104, 0xF0C3, 
  0xF061, 0xF0A2, 0xF124, 0xF041, 0xF041, 0xF041, 0xF061, 0xF082, 
  0xF0A2, 0xF0C3, 0xF0C3, 0xF0C3, 0xF0C3, 0xF0C3, 0xF0C3, 0xF0C3, 
  0xF0C3, 0xF0C3, 0xF0C3, 0xF0C3, 0xF0A2, 0xF0A2, 0xF082, 0xF061, 
  0xF041, 0xF041, 0xF0A2, 0xF104, 0xF061, 0xF061, 0xF0A2, 0xF0C3, 
  0xF104, 0xF145, 0xF986, 0xF9A6, 0xF9C7, 0xF9C7, 0xF9E7, 0xFA08, 
  0xFA08, 0xFA28, 0xFA49, 0xFA69, 0xFA8A, 0xFA8A, 0xFA28, 0xF124, 
  0xE861, 0xD020, 0x0000, 0x0000, 0x0000, 0x0000, 0x0000, 0xF451, 
  0xEA68, 0xE920, 0xF180, 0xF9E1, 0xFA44, 0xFAC6, 0xFAE7, 0xFB08, 
  0xFB08, 0xFB08, 0xFB08, 0xFB08, 0xFB08, 0xFB08, 0xFB08, 0xFB08, 
  0xFB08, 0xFAE7, 0xFAE7, 0xFAC6, 0xFAA5, 0xFA64, 0xFA22, 0xF9E1, 
  
  0x0000, 0x0000, 0x0000, 0x0000, 0x0000, 0x0000, 0x0000, 0xAB6E, 
  0xF2CB, 0xE923, 0xE940, 0xF1C0, 0xF9E1, 0xFA43, 0xFA85, 0xFAC6, 
  0xFAE7, 0xFB08, 0xFB08, 0xFB08, 0xFB28, 0xFB28, 0xFB28, 0xFB28, 
  0xFB28, 0xFB08, 0xFB08, 0xFAE7, 0xE9C4, 0xF0C2, 0xF165, 0xF9E7, 
  0xFA28, 0xFA28, 0xF9E7, 0xF9C7, 0xF9C7, 0xF9C7, 0xF9A6, 0xF9A6, 
  0xF9A6, 0xF986, 0xF986, 0xF965, 0xF145, 0xF104, 0xF0C3, 0xF0A2, 
  0xF041, 0xF0A2, 0xF124, 0xE841, 0xF041, 0xF041, 0xF041, 0xF061, 
  0xF082, 0xF082, 0xF0A2, 0xF0A2, 0xF0A2, 0xF0A2, 0xF0A2, 0xF0A2, 
  0xF0A2, 0xF0A2, 0xF0A2, 0xF082, 0xF082, 0xF082, 0xF061, 0xF041, 
  0xF041, 0xF041, 0xF0A2, 0xF0E3, 0xF041, 0xF041, 0xF082, 0xF0C3, 
  0xF0E3, 0xF124, 0xF965, 0xF986, 0xF986, 0xF9A6, 0xF9C7, 0xF9C7, 
  0xF9E7, 0xFA08, 0xFA08, 0xFA49, 0xFA69, 0xFA69, 0xFA49, 0xF186, 
  0xE882, 0xE020, 0x6020, 0x0000, 0x0000, 0x0000, 0x0000, 0xEC10, 
  0xEA89, 0xF100, 0xF1A0, 0xF9E2, 0xFA65, 0xFAE6, 0xFB28, 0xFB28, 
  0xFB28, 0xFB28, 0xFB28, 0xFB28, 0xFB28, 0xFB28, 0xFB28, 0xFB28, 
  0xFB08, 0xFB08, 0xFB07, 0xFAE7, 0xFAC6, 0xFA85, 0xFA64, 0xFA22, 
  
  0x0000, 0x0000, 0x0000, 0x0000, 0x0000, 0x0000, 0x0000, 0xECF4, 
  0xEACB, 0xE901, 0xE9A0, 0xF9C0, 0xFA02, 0xFA64, 0xFAC6, 0xFB27, 
  0xFB27, 0xFB28, 0xFB28, 0xFB28, 0xFB28, 0xFB28, 0xFB28, 0xFB28, 
  0xFB28, 0xFB28, 0xFB08, 0xFAE7, 0xE943, 0xF0C3, 0xF186, 0xF9C7, 
  0xF9E7, 0xF9C7, 0xF9A6, 0xF986, 0xF986, 0xF986, 0xF986, 0xF986, 
  0xF986, 0xF986, 0xF965, 0xF145, 0xF104, 0xF0E3, 0xF0A2, 0xF082, 
  0xF041, 0xF082, 0xF104, 0xE841, 0xF041, 0xF041, 0xF041, 0xF061, 
  0xF061, 0xF082, 0xF082, 0xF082, 0xF082, 0xF082, 0xF082, 0xF082, 
  0xF082, 0xF082, 0xF082, 0xF082, 0xF061, 0xF061, 0xF041, 0xF041, 
  0xF041, 0xE841, 0xF0A2, 0xF0C3, 0xF041, 0xF041, 0xF061, 0xF082, 
  0xF0C3, 0xF104, 0xF124, 0xF965, 0xF965, 0xF986, 0xF9A6, 0xF9A6, 
  0xF9C7, 0xF9C7, 0xF9E7, 0xFA08, 0xFA28, 0xFA28, 0xFA28, 0xF9A6, 
  0xF082, 0xE841, 0xC820, 0x0000, 0x0000, 0x0000, 0xFCF3, 0xF2AA, 
  0xF1C5, 0xF120, 0xF9A0, 0xFA02, 0xFAA5, 0xFB27, 0xFB68, 0xFB68, 
  0xFB48, 0xFB28, 0xFB28, 0xFB28, 0xFB28, 0xFB28, 0xFB28, 0xFB28, 
  0xFB28, 0xFB08, 0xFB08, 0xFAE7, 0xFAE7, 0xFAC6, 0xFA85, 0xFA64, 
  
  0x0000, 0x0000, 0x0000, 0x0000, 0x0000, 0x0000, 0xE451, 0xECD3, 
  0xE9E6, 0xE940, 0xF1C0, 0xF9E0, 0xFA23, 0xFAC5, 0xFB47, 0xFBC8, 
  0xFC48, 0xFBC8, 0xFB48, 0xFB28, 0xFB28, 0xFB28, 0xFB28, 0xFB28, 
  0xFB28, 0xFB28, 0xFB28, 0xFAC7, 0xE903, 0xF0C3, 0xF165, 0xF986, 
  0xF986, 0xF986, 0xF965, 0xF965, 0xF965, 0xF965, 0xF965, 0xF965, 
  0xF165, 0xF145, 0xF124, 0xF104, 0xF0E3, 0xF0C3, 0xF082, 0xF061, 
  0xE841, 0xF061, 0xF104, 0xE841, 0xE841, 0xF041, 0xF041, 0xF041, 
  0xF041, 0xF041, 0xF061, 0xF061, 0xF061, 0xF041, 0xF041, 0xF061, 
  0xF061, 0xF061, 0xF041, 0xF041, 0xF041, 0xF041, 0xF041, 0xF041, 
  0xE841, 0xE841, 0xF082, 0xF0C3, 0xE841, 0xF041, 0xF041, 0xF082, 
  0xF0A2, 0xF0E3, 0xF104, 0xF124, 0xF145, 0xF965, 0xF986, 0xF986, 
  0xF9A6, 0xF9A6, 0xF9A6, 0xF9C7, 0xF9E7, 0xF9E7, 0xF9E7, 0xF9A6, 
  0xF0A2, 0xE841, 0xD020, 0x0000, 0x0000, 0x0000, 0xF4D4, 0xF2AA, 
  0xF142, 0xF140, 0xF9C0, 0xFA23, 0xFAE5, 0xFB47, 0xFBA8, 0xFC48, 
  0xFC08, 0xFB68, 0xFB28, 0xFB28, 0xFB28, 0xFB28, 0xFB28, 0xFB28, 
  0xFB28, 0xFB28, 0xFB28, 0xFB07, 0xFAE7, 0xFAE6, 0xFAA6, 0xFA85, 
  
  0x0000, 0x0000, 0x0000, 0x0000, 0x0000, 0x0000, 0xE472, 0xEB8E, 
  0xE902, 0xE9A0, 0xF9C0, 0xFA01, 0xFA64, 0xFB46, 0xFB67, 0xFBE8, 
  0xFCE8, 0xFCE8, 0xFBE8, 0xFB48, 0xFB29, 0xFB48, 0xFB48, 0xFB48, 
  0xFB68, 0xFB68, 0xFB68, 0xF2A6, 0xE8E2, 0xF0A2, 0xF124, 0xF124, 
  0xF124, 0xF124, 0xF124, 0xF124, 0xF124, 0xF145, 0xF145, 0xF124, 
  0xF124, 0xF104, 0xF104, 0xF0E3, 0xF0C3, 0xF082, 0xF061, 0xF041, 
  0xE841, 0xF041, 0xF104, 0xE841, 0xE841, 0xE841, 0xF041, 0xF041, 
  0xF041, 0xF041, 0xF041, 0xF041, 0xF041, 0xF041, 0xF041, 0xF041, 
  0xF041, 0xF041, 0xF041, 0xF041, 0xF041, 0xF041, 0xF041, 0xE841, 
  0xE841, 0xE841, 0xE882, 0xF0A2, 0xE841, 0xE841, 0xF041, 0xF061, 
  0xF082, 0xF0C3, 0xF0E3, 0xF104, 0xF124, 0xF145, 0xF965, 0xF986, 
  0xF986, 0xF986, 0xF986, 0xF986, 0xF9A6, 0xF9A6, 0xF9A6, 0xF986, 
  0xF0A2, 0xE841, 0xD041, 0x0000, 0x0000, 0xFAEB, 0xF38E, 0xF268, 
  0xE8E0, 0xF180, 0xF9C1, 0xFA64, 0xFB06, 0xFB67, 0xFBA8, 0xFCC8, 
  0xFD08, 0xFC48, 0xFB68, 0xFB28, 0xFB29, 0xFB48, 0xFB48, 0xFB48, 
  0xFB68, 0xFB68, 0xFB68, 0xFB48, 0xFB27, 0xFB07, 0xFAC6, 0xFAA5, 
  
  0x0000, 0x0000, 0x0000, 0x0000, 0x0000, 0x0000, 0xECD3, 0xE9C7, 
  0xE900, 0xF1C0, 0xF9C0, 0xFA23, 0xFAC5, 0xFB67, 0xFB68, 0xFBE8, 
  0xFCE8, 0xFD48, 0xFCE8, 0xFBE8, 0xFB49, 0xFB49, 0xFB68, 0xFB68, 
  0xFB68, 0xFB68, 0xFB68, 0xF286, 0xE8C2, 0xF0A2, 0xF0E3, 0xF0C3, 
  0xF0C3, 0xF0E3, 0xF0E3, 0xF0E3, 0xF104, 0xF104, 0xF104, 0xF104, 
  0xF104, 0xF0E3, 0xF0C3, 0xF0C3, 0xF082, 0xF061, 0xF041, 0xF041, 
  0xE841, 0xF041, 0xF0E3, 0xE041, 0xE841, 0xE841, 0xE841, 0xF041, 
  0xF041, 0xF041, 0xF041, 0xF041, 0xF041, 0xF041, 0xF041, 0xF041, 
  0xF041, 0xF041, 0xF041, 0xF041, 0xF041, 0xF041, 0xE841, 0xE841, 
  0xE841, 0xE041, 0xE882, 0xF0A2, 0xE841, 0xE841, 0xF041, 0xF041, 
  0xF061, 0xF0A2, 0xF0C3, 0xF0E3, 0xF104, 0xF124, 0xF124, 0xF145, 
  0xF965, 0xF145, 0xF145, 0xF965, 0xF965, 0xF965, 0xF965, 0xF965, 
  0xF0A2, 0xE841, 0xD841, 0x0000, 0x0000, 0xF514, 0xF32C, 0xE964, 
  0xE8E0, 0xF1A0, 0xFA02, 0xFA85, 0xFB26, 0xFB67, 0xFBA8, 0xFCA8, 
  0xFD48, 0xFD08, 0xFC48, 0xFB69, 0xFB49, 0xFB49, 0xFB68, 0xFB68, 
  0xFB68, 0xFB68, 0xFB68, 0xFB68, 0xFB47, 0xFB27, 0xFAE7, 0xFAC6, 
  
  0x0000, 0x0000, 0x0000, 0x0000, 0x0000, 0xED96, 0xEB8E, 0xE903, 
  0xE900, 0xF180, 0xF9C1, 0xFA64, 0xFB06, 0xFB67, 0xFB88, 0xFBE8, 
  0xFCE8, 0xFD48, 0xFD48, 0xFCE8, 0xFC09, 0xFB69, 0xFB68, 0xFB68, 
  0xFB68, 0xFB68, 0xFB68, 0xF286, 0xE8C2, 0xF082, 0xF0A2, 0xF082, 
  0xF082, 0xF0A2, 0xF0A2, 0xF0A2, 0xF0C3, 0xF0E3, 0xF0E3, 0xF0E3, 
  0xF0C3, 0xF0C3, 0xF0A2, 0xF082, 0xF061, 0xF041, 0xF041, 0xF041, 
  0xE041, 0xF041, 0xF0E3, 0xE041, 0xE041, 0xE841, 0xE841, 0xE841, 
  0xF041, 0xF041, 0xF041, 0xF041, 0xF041, 0xF041, 0xF041, 0xE841, 
  0xE841, 0xE841, 0xE841, 0xE841, 0xE841, 0xE841, 0xE841, 0xE841, 
  0xE041, 0xE041, 0xE882, 0xF0A2, 0xE841, 0xE841, 0xF041, 0xF041, 
  0xF041, 0xF082, 0xF0A2, 0xF0C3, 0xF0E3, 0xF0E3, 0xF104, 0xF124, 
  0xF124, 0xF124, 0xF124, 0xF124, 0xF145, 0xF145, 0xF145, 0xF145, 
  0xF0A2, 0xE841, 0xD841, 0x0000, 0xFFFF, 0xEC50, 0xF269, 0xE8A0, 
  0xF140, 0xF9C0, 0xFA23, 0xFAC5, 0xFB67, 0xFB67, 0xFBA8, 0xFC88, 
  0xFD48, 0xFD48, 0xFD08, 0xFC49, 0xFB89, 0xFB68, 0xFB68, 0xFB68, 
  0xFB68, 0xFB68, 0xFB68, 0xFB68, 0xFB68, 0xFB47, 0xFB27, 0xFAE6, 
  
  0x0000, 0x0000, 0x0000, 0x0000, 0x0000, 0xEC10, 0xF289, 0xE8C1, 
  0xE900, 0xF9A0, 0xF9E2, 0xFA85, 0xFB46, 0xFB87, 0xFB88, 0xFBE8, 
  0xFCC8, 0xFD48, 0xFD48, 0xFD49, 0xFCE9, 0xFC09, 0xFB68, 0xFB68, 
  0xFB88, 0xFB88, 0xFB68, 0xF266, 0xE8A2, 0xF082, 0xF082, 0xF061, 
  0xF061, 0xF061, 0xF061, 0xF082, 0xF0A2, 0xF0A2, 0xF0C3, 0xF0C3, 
  0xF0A2, 0xF082, 0xF082, 0xF061, 0xF041, 0xF041, 0xE841, 0xE841, 
  0xE041, 0xE841, 0xF0E3, 0xE041, 0xE041, 0xE041, 0xE841, 0xE841, 
  0xE841, 0xE841, 0xE841, 0xE841, 0xE841, 0xE841, 0xE841, 0xE841, 
  0xE841, 0xE841, 0xE841, 0xE841, 0xE841, 0xE841, 0xE841, 0xE041, 
  0xE041, 0xE041, 0xE882, 0xF0A2, 0xE041, 0xE041, 0xE841, 0xE841, 
  0xF041, 0xF041, 0xF061, 0xF082, 0xF0A2, 0xF0C3, 0xF0E3, 0xF104, 
  0xF104, 0xF0E3, 0xF0E3, 0xF104, 0xF104, 0xF104, 0xF104, 0xF124, 
  0xF0A2, 0xE841, 0xE041, 0x0000, 0xEBEF, 0xF34D, 0xE903, 0xE8A0, 
  0xF180, 0xF9E1, 0xFA64, 0xFB06, 0xFB67, 0xFB88, 0xFBA8, 0xFC88, 
  0xFD48, 0xFD48, 0xFD48, 0xFD09, 0xFC69, 0xFBA8, 0xFB68, 0xFB68, 
  0xFB88, 0xFB68, 0xFB68, 0xFB68, 0xFB68, 0xFB67, 0xFB47, 0xFB07, 
  
  0x0000, 0x0000, 0xFFFF, 0xF534, 0xF450, 0xF2CB, 0xE8E3, 0xE8A0, 
  0xF160, 0xF9C0, 0xFA23, 0xFAC5, 0xFB66, 0xFB87, 0xFBA8, 0xFBC8, 
  0xFCC8, 0xFD48, 0xFD28, 0xFD28, 0xFD29, 0xFCE9, 0xFC08, 0xFB68, 
  0xFB88, 0xFB88, 0xFB48, 0xFA26, 0xF165, 0xF9A6, 0xF0A2, 0xF041, 
  0xF041, 0xF041, 0xF041, 0xF041, 0xF061, 0xF082, 0xF082, 0xF082, 
  0xF082, 0xF061, 0xF041, 0xF041, 0xF041, 0xE841, 0xE841, 0xE841, 
  0xE041, 0xE841, 0xF0C3, 0xE041, 0xE041, 0xE041, 0xE041, 0xE841, 
  0xE841, 0xE841, 0xE841, 0xE841, 0xE841, 0xE841, 0xE841, 0xE841, 
  0xE841, 0xE841, 0xE841, 0xE841, 0xE841, 0xE841, 0xE041, 0xE041, 
  0xE041, 0xE041, 0xE882, 0xF082, 0xE041, 0xE041, 0xE841, 0xE841, 
  0xE841, 0xF041, 0xF041, 0xF061, 0xF082, 0xF0A2, 0xF0C3, 0xF0C3, 
  0xF0C3, 0xF0A2, 0xF0C3, 0xF0C3, 0xF0C3, 0xF0C3, 0xF0E3, 0xF186, 
  0xF9A6, 0xF145, 0xF186, 0xFA89, 0xF3EF, 0xE945, 0xE860, 0xF120, 
  0xF9A0, 0xF9E2, 0xFA84, 0xFB46, 0xFB87, 0xFB88, 0xFBA8, 0xFC68, 
  0xFD28, 0xFD28, 0xFD28, 0xFD29, 0xFD09, 0xFC48, 0xFBA8, 0xFB68, 
  0xFB88, 0xFB88, 0xFB68, 0xFB68, 0xFB68, 0xFB67, 0xFB47, 0xFB27, 
  
  0xDC92, 0xFD14, 0xF471, 0xF430, 0xF269, 0xE8C2, 0xE860, 0xE920, 
  0xF180, 0xF9C1, 0xFA43, 0xFB05, 0xFB66, 0xFB87, 0xFB88, 0xFBE8, 
  0xFCA8, 0xFD28, 0xFD28, 0xFD28, 0xFD29, 0xFD29, 0xFCC8, 0xFC08, 
  0xFB88, 0xFB69, 0xFB4A, 0xFAEB, 0xFB2C, 0xF9C7, 0xE061, 0xF041, 
  0xF041, 0xF041, 0xF041, 0xF041, 0xF041, 0xF041, 0xF061, 0xF061, 
  0xF061, 0xF041, 0xF041, 0xF041, 0xE841, 0xE841, 0xE841, 0xE841, 
  0xE041, 0xE841, 0xF0C3, 0xE041, 0xE041, 0xE041, 0xE041, 0xE041, 
  0xE041, 0xE041, 0xE041, 0xE041, 0xE041, 0xE841, 0xE041, 0xE041, 
  0xE041, 0xE041, 0xE041, 0xE041, 0xE041, 0xE041, 0xE041, 0xE041, 
  0xE041, 0xE041, 0xE882, 0xF082, 0xE041, 0xE041, 0xE841, 0xE841, 
  0xE841, 0xF041, 0xF041, 0xF041, 0xF061, 0xF082, 0xF0A2, 0xF0A2, 
  0xF082, 0xF082, 0xF082, 0xF0A2, 0xF0A2, 0xF0C3, 0xF0A2, 0xF104, 
  0xFAAA, 0xFB0C, 0xFAEB, 0xFB0C, 0xF124, 0xE860, 0xE8E0, 0xF180, 
  0xF9A0, 0xFA03, 0xFAC5, 0xFB46, 0xFB87, 0xFB88, 0xFBA8, 0xFC68, 
  0xFD28, 0xFD28, 0xFD28, 0xFD28, 0xFD29, 0xFD08, 0xFC48, 0xFB88, 
  0xFB88, 0xFB88, 0xFB68, 0xFB68, 0xFB68, 0xFB67, 0xFB67, 0xFB47, 
  
  0xF451, 0xF492, 0xF3AE, 0xF1C6, 0xE881, 0xE860, 0xE900, 0xF180, 
  0xF9A0, 0xF9E2, 0xFA84, 0xFB26, 0xFB67, 0xFB87, 0xFB88, 0xFBE8, 
  0xFCC8, 0xFD28, 0xFD09, 0xFD29, 0xFD29, 0xFD29, 0xFD28, 0xFCC8, 
  0xFBC9, 0xFB8B, 0xFB8D, 0xFBAE, 0xFAAA, 0xD082, 0xC820, 0xF041, 
  0xF041, 0xF041, 0xF041, 0xF041, 0xF041, 0xF041, 0xF041, 0xF041, 
  0xF041, 0xF041, 0xF041, 0xE841, 0xE841, 0xE841, 0xE841, 0xE841, 
  0xE041, 0xE841, 0xF0C3, 0xE041, 0xE041, 0xE041, 0xE041, 0xE041, 
  0xE041, 0xE041, 0xE041, 0xE041, 0xE041, 0xE041, 0xE041, 0xE041, 
  0xE041, 0xE041, 0xE041, 0xE041, 0xE041, 0xE041, 0xE041, 0xE041, 
  0xE041, 0xE041, 0xE861, 0xF082, 0xE041, 0xE041, 0xE841, 0xE841, 
  0xE841, 0xE841, 0xF041, 0xF041, 0xF041, 0xF061, 0xF082, 0xF082, 
  0xF061, 0xF061, 0xF061, 0xF082, 0xF082, 0xF082, 0xE861, 0xD041, 
  0xE965, 0xFB4D, 0xFB8E, 0xFAEB, 0xE903, 0xE8C0, 0xE960, 0xF980, 
  0xF9C1, 0xFA43, 0xFB05, 0xFB66, 0xFB87, 0xFB88, 0xFBA8, 0xFC88, 
  0xFD28, 0xFD08, 0xFD29, 0xFD29, 0xFD29, 0xFD28, 0xFCE8, 0xFC28, 
  0xFB88, 0xFB88, 0xFB88, 0xFB88, 0xFB68, 0xFB68, 0xFB67, 0xFB67, 
  
  0xF144, 0xF0E3, 0xE881, 0xE840, 0xE880, 0xE900, 0xF160, 0xF980, 
  0xF9A1, 0xFA23, 0xFAC5, 0xFB66, 0xFB87, 0xFB88, 0xFBA8, 0xFC28, 
  0xFCE8, 0xFD08, 0xFD08, 0xFD09, 0xFD29, 0xFD29, 0xFD28, 0xFD09, 
  0xFC4B, 0xFBAE, 0xFBAE, 0xFAEB, 0xE0C3, 0xB020, 0xB820, 0xE841, 
  0xF041, 0xF041, 0xE841, 0xE841, 0xE841, 0xF041, 0xF041, 0xF041, 
  0xF041, 0xF041, 0xE841, 0xE841, 0xE841, 0xE841, 0xE841, 0xE041, 
  0xD841, 0xE841, 0xF0A2, 0xE041, 0xE041, 0xE041, 0xE041, 0xE041, 
  0xE041, 0xE041, 0xE041, 0xE041, 0xE041, 0xE041, 0xE041, 0xE041, 
  0xE041, 0xE041, 0xE041, 0xE041, 0xE041, 0xE041, 0xE041, 0xE041, 
  0xE041, 0xD841, 0xE861, 0xF082, 0xE041, 0xE041, 0xE041, 0xE041, 
  0xE841, 0xE841, 0xE841, 0xF041, 0xF041, 0xF041, 0xF061, 0xF041, 
  0xF041, 0xF041, 0xF041, 0xF041, 0xF061, 0xF061, 0xE041, 0xC020, 
  0xC841, 0xF1A6, 0xFB6D, 0xFB8E, 0xF2EA, 0xF1C2, 0xF180, 0xF980, 
  0xF9E2, 0xFA84, 0xFB26, 0xFB87, 0xFB87, 0xFB88, 0xFBE8, 0xFCC8, 
  0xFD28, 0xFD08, 0xFD08, 0xFD09, 0xFD29, 0xFD28, 0xFD28, 0xFCC8, 
  0xFBE8, 0xFB68, 0xFB88, 0xFB88, 0xFB68, 0xFB68, 0xFB67, 0xFB67, 
  
  0xF060, 0xE860, 0xE8A0, 0xF0E0, 0xF140, 0xF180, 0xF9A0, 0xF9C1, 
  0xFA02, 0xFA64, 0xFB05, 0xFB66, 0xFB67, 0xFB88, 0xFBA8, 0xFC48, 
  0xFD08, 0xFD08, 0xFD08, 0xFD08, 0xFD08, 0xFD08, 0xFD09, 0xFCAA, 
  0xFBEE, 0xFBAE, 0xFB4D, 0xE924, 0xC020, 0xB020, 0xB820, 0xD841, 
  0xE841, 0xE841, 0xE841, 0xE841, 0xE841, 0xE841, 0xF041, 0xF041, 
  0xF041, 0xE841, 0xE841, 0xE841, 0xE841, 0xE841, 0xE041, 0xE041, 
  0xD841, 0xE841, 0xF0A2, 0xE041, 0xE041, 0xE041, 0xE041, 0xD841, 
  0xE041, 0xE041, 0xE041, 0xE041, 0xD841, 0xD841, 0xD841, 0xD841, 
  0xD841, 0xE041, 0xE041, 0xE041, 0xD841, 0xD841, 0xD841, 0xE041, 
  0xE041, 0xD841, 0xE861, 0xF061, 0xE041, 0xE041, 0xE041, 0xE041, 
  0xE841, 0xE841, 0xE841, 0xE841, 0xF041, 0xF041, 0xF041, 0xF041, 
  0xF041, 0xF041, 0xF041, 0xF041, 0xF041, 0xF041, 0xD820, 0xC020, 
  0xB820, 0xD041, 0xF228, 0xFBAE, 0xFB8E, 0xFB0A, 0xF9E2, 0xF9E2, 
  0xFA43, 0xFAE5, 0xFB46, 0xFB67, 0xFB87, 0xFB88, 0xFC08, 0xFCE8, 
  0xFD08, 0xFD08, 0xFD08, 0xFD08, 0xFD08, 0xFD08, 0xFD28, 0xFD28, 
  0xFCA8, 0xFBA8, 0xFB68, 0xFB88, 0xFB88, 0xFB88, 0xFB87, 0xFB67, 
  
  0xFA24, 0xFA04, 0xFA03, 0xFA23, 0xFA23, 0xFA23, 0xFA44, 0xFA64, 
  0xFA85, 0xFAE5, 0xFB46, 0xFB67, 0xFB67, 0xFB87, 0xFBA8, 0xFC88, 
  0xFD08, 0xFD08, 0xFD08, 0xFD08, 0xFD08, 0xFD08, 0xFCE9, 0xFBAA, 
  0xFAEB, 0xFA8A, 0xE904, 0xC041, 0xB020, 0xB020, 0xB020, 0xD041, 
  0xE841, 0xE841, 0xE841, 0xE841, 0xE841, 0xE841, 0xE841, 0xE841, 
  0xE841, 0xE841, 0xE841, 0xE841, 0xE841, 0xE041, 0xE041, 0xE041, 
  0xE041, 0xE041, 0xF082, 0xE041, 0xD841, 0xE041, 0xD841, 0xD841, 
  0xD841, 0xD841, 0xD841, 0xD841, 0xD841, 0xD841, 0xD841, 0xD841, 
  0xD841, 0xD841, 0xD841, 0xD841, 0xD841, 0xD841, 0xD841, 0xD841, 
  0xE041, 0xD841, 0xE861, 0xF061, 0xE041, 0xE041, 0xE041, 0xE041, 
  0xE041, 0xE841, 0xE841, 0xE841, 0xE841, 0xF041, 0xF041, 0xF041, 
  0xE841, 0xE841, 0xE841, 0xF041, 0xF041, 0xE841, 0xC820, 0xB820, 
  0xB820, 0xB820, 0xD041, 0xF1C7, 0xFACB, 0xFACA, 0xFA87, 0xFA85, 
  0xFAC5, 0xFB26, 0xFB66, 0xFB67, 0xFB67, 0xFB88, 0xFC48, 0xFCE8, 
  0xFD08, 0xFD08, 0xFD08, 0xFD08, 0xFD08, 0xFD08, 0xFD08, 0xFD28, 
  0xFD08, 0xFC48, 0xFB88, 0xFB88, 0xFB88, 0xFB88, 0xFB87, 0xFB87, 
  
  0xFB07, 0xFB08, 0xFB08, 0xFAE7, 0xFAC7, 0xFAC7, 0xFAC7, 0xFAE7, 
  0xFB27, 0xFB67, 0xFB67, 0xFB67, 0xFB88, 0xFB88, 0xFBE8, 0xFCC8, 
  0xFD08, 0xFD08, 0xFD08, 0xFD08, 0xFD08, 0xFD08, 0xFCA8, 0xF1C4, 
  0xF082, 0xE861, 0xC820, 0xB820, 0xB820, 0xB020, 0xB020, 0xD020, 
  0xE041, 0xE841, 0xE841, 0xE041, 0xE841, 0xE841, 0xE841, 0xE841, 
  0xE841, 0xE841, 0xE841, 0xE841, 0xE041, 0xE041, 0xE041, 0xE041, 
  0xE041, 0xE041, 0xF082, 0xD841, 0xD841, 0xD841, 0xD841, 0xD841, 
  0xD841, 0xD841, 0xD841, 0xD841, 0xD841, 0xD841, 0xD841, 0xD841, 
  0xD841, 0xD841, 0xD841, 0xD841, 0xD841, 0xD841, 0xD841, 0xD841, 
  0xD841, 0xD841, 0xE861, 0xF061, 0xE041, 0xE041, 0xE041, 0xE041, 
  0xE041, 0xE041, 0xE841, 0xE841, 0xE841, 0xE841, 0xE841, 0xE841, 
  0xE841, 0xE841, 0xE841, 0xE841, 0xE841, 0xE041, 0xC020, 0xB020, 
  0xB820, 0xB820, 0xB820, 0xD841, 0xF061, 0xF0C2, 0xF9C4, 0xFB07, 
  0xFB47, 0xFB67, 0xFB67, 0xFB87, 0xFB88, 0xFBA8, 0xFC88, 0xFD08, 
  0xFD08, 0xFD08, 0xFD08, 0xFD08, 0xFD08, 0xFD08, 0xFD08, 0xFD08, 
  0xFD08, 0xFCC8, 0xFC08, 0xFB88, 0xFB88, 0xFB87, 0xFB87, 0xFB87, 
  
  0xFAC7, 0xFB08, 0xFB08, 0xFB08, 0xFB08, 0xFB28, 0xFB28, 0xFB68, 
  0xFB88, 0xFBA8, 0xFB88, 0xFB88, 0xFB88, 0xFBA8, 0xFC68, 0xFD08, 
  0xFD08, 0xFD08, 0xFD08, 0xFD08, 0xFD08, 0xFD08, 0xFC67, 0xE942, 
  0xE841, 0xE841, 0xD020, 0xB820, 0xB820, 0xB020, 0xA820, 0xC820, 
  0xE041, 0xE041, 0xE041, 0xE041, 0xE041, 0xE041, 0xE041, 0xE841, 
  0xE841, 0xE841, 0xE841, 0xE041, 0xE041, 0xE041, 0xE041, 0xE041, 
  0xE041, 0xE041, 0xF061, 0xD841, 0xD841, 0xD841, 0xD841, 0xD841, 
  0xD841, 0xD841, 0xD841, 0xD841, 0xD841, 0xD041, 0xD041, 0xD841, 
  0xD841, 0xD841, 0xD841, 0xD841, 0xD041, 0xD841, 0xD841, 0xD841, 
  0xD841, 0xD841, 0xE841, 0xE861, 0xE041, 0xE041, 0xE041, 0xE041, 
  0xE041, 0xE041, 0xE041, 0xE841, 0xE841, 0xE841, 0xE841, 0xE841, 
  0xE841, 0xE041, 0xE041, 0xE841, 0xE841, 0xD841, 0xC020, 0xB020, 
  0xB820, 0xB820, 0xC020, 0xD841, 0xE841, 0xE861, 0xF1A4, 0xFB68, 
  0xFBA8, 0xFBA8, 0xFB88, 0xFB88, 0xFB88, 0xFC08, 0xFCE8, 0xFD08, 
  0xFD08, 0xFD08, 0xFD08, 0xFD08, 0xFD08, 0xFD08, 0xFD08, 0xFD08, 
  0xFD08, 0xFD08, 0xFCA8, 0xFBA8, 0xFB88, 0xFB87, 0xFB87, 0xFB87, 
  
  0xFAE6, 0xFB08, 0xFB28, 0xFB48, 0xFB48, 0xFB68, 0xFB88, 0xFBA8, 
  0xFBC8, 0xFBA8, 0xFBA8, 0xFBA8, 0xFB88, 0xFBE8, 0xFCC8, 0xFD08, 
  0xFD08, 0xFD08, 0xFD08, 0xFD08, 0xFD08, 0xFCE8, 0xFC27, 0xF0E2, 
  0xF041, 0xE841, 0xD020, 0xB820, 0xB820, 0xB020, 0xA820, 0xC820, 
  0xD841, 0xE041, 0xE041, 0xE041, 0xE041, 0xE041, 0xE041, 0xE841, 
  0xE841, 0xE841, 0xE041, 0xE041, 0xE041, 0xE041, 0xE041, 0xE041, 
  0xD841, 0xE041, 0xF041, 0xD841, 0xD841, 0xD841, 0xD841, 0xD041, 
  0xD041, 0xD041, 0xD041, 0xD041, 0xD041, 0xD041, 0xD041, 0xD041, 
  0xD041, 0xD041, 0xD041, 0xD041, 0xD041, 0xD041, 0xD041, 0xD841, 
  0xD841, 0xD841, 0xE041, 0xE841, 0xE041, 0xD841, 0xE041, 0xE041, 
  0xE041, 0xE041, 0xE041, 0xE041, 0xE841, 0xE841, 0xE841, 0xE041, 
  0xE041, 0xE041, 0xE041, 0xE041, 0xE041, 0xD820, 0xB820, 0xB020, 
  0xB020, 0xB820, 0xC020, 0xE041, 0xF041, 0xF041, 0xF984, 0xFBA8, 
  0xFBA8, 0xFBA8, 0xFBA8, 0xFB88, 0xFBC8, 0xFC88, 0xFD08, 0xFD08, 
  0xFD08, 0xFD08, 0xFD08, 0xFD08, 0xFD08, 0xFD08, 0xFD08, 0xFD08, 
  0xFD08, 0xFD08, 0xFCE8, 0xFC28, 0xFB88, 0xFB67, 0xFB87, 0xFB87, 
  
  0xFB66, 0xFB88, 0xFBA8, 0xFBA8, 0xFBA8, 0xFBA8, 0xFBC9, 0xFBC9, 
  0xFBC9, 0xFBA9, 0xFBA8, 0xFB88, 0xFBA8, 0xFC88, 0xFD08, 0xFCE8, 
  0xFCE8, 0xFCE8, 0xFCE8, 0xFCE8, 0xFCE8, 0xFCE8, 0xFBE7, 0xF081, 
  0xF041, 0xE841, 0xD020, 0xB820, 0xB020, 0xB020, 0xA820, 0xC020, 
  0xD841, 0xE041, 0xE041, 0xE041, 0xE041, 0xE041, 0xE041, 0xE041, 
  0xE041, 0xE041, 0xE041, 0xE041, 0xE041, 0xE041, 0xE041, 0xE041, 
  0xD841, 0xE041, 0xF041, 0xD041, 0xD041, 0xD041, 0xD041, 0xD041, 
  0xD041, 0xD041, 0xD041, 0xD041, 0xD041, 0xD041, 0xD041, 0xD041, 
  0xD041, 0xD041, 0xD041, 0xD041, 0xD041, 0xD041, 0xD041, 0xD041, 
  0xD041, 0xD041, 0xE041, 0xE841, 0xD841, 0xD841, 0xE041, 0xE041, 
  0xE041, 0xE041, 0xE041, 0xE041, 0xE041, 0xE041, 0xE041, 0xE041, 
  0xE041, 0xE041, 0xE041, 0xE041, 0xE041, 0xD020, 0xB820, 0xB020, 
  0xB020, 0xB020, 0xC020, 0xD841, 0xE841, 0xF041, 0xF163, 0xFB88, 
  0xFBA9, 0xFBA8, 0xFB88, 0xFBA8, 0xFC28, 0xFCE8, 0xFD08, 0xFCE8, 
  0xFCE8, 0xFCE8, 0xFCE8, 0xFCE8, 0xFCE8, 0xFCE8, 0xFCE8, 0xFCE8, 
  0xFCE8, 0xFCE8, 0xFCE8, 0xFC88, 0xFBA7, 0xFB67, 0xFB67, 0xFB67, 
  
  0xFBA7, 0xFBC8, 0xFBC8, 0xFBC8, 0xFBC8, 0xFBC9, 0xFBC9, 0xFBC9, 
  0xFBA9, 0xFBA9, 0xFBA9, 0xFBA9, 0xFC29, 0xFCE9, 0xFD09, 0xFCE9, 
  0xFD09, 0xFCE8, 0xFCE8, 0xFCE8, 0xFCE8, 0xFCE8, 0xFB86, 0xF061, 
  0xE841, 0xE041, 0xD020, 0xB820, 0xB020, 0xB020, 0xA820, 0xC020, 
  0xD841, 0xE041, 0xE041, 0xE041, 0xE041, 0xE041, 0xE041, 0xE041, 
  0xE041, 0xE041, 0xE041, 0xE041, 0xE041, 0xE041, 0xD841, 0xD841, 
  0xD841, 0xD841, 0xE841, 0xD041, 0xD041, 0xD041, 0xD041, 0xD041, 
  0xC841, 0xC841, 0xC841, 0xC841, 0xC820, 0xC820, 0xC820, 0xC841, 
  0xC841, 0xC841, 0xC841, 0xC841, 0xC841, 0xD041, 0xD041, 0xD041, 
  0xD041, 0xD041, 0xE041, 0xE841, 0xD841, 0xD841, 0xD841, 0xE041, 
  0xE041, 0xE041, 0xE041, 0xE041, 0xE041, 0xE041, 0xE041, 0xE041, 
  0xE041, 0xE041, 0xE041, 0xE041, 0xE041, 0xD020, 0xB020, 0xA820, 
  0xB020, 0xB020, 0xC020, 0xD841, 0xE841, 0xE841, 0xF123, 0xFB48, 
  0xFBA9, 0xFBA9, 0xFB89, 0xFBE9, 0xFCA9, 0xFD09, 0xFCE9, 0xFD09, 
  0xFCE8, 0xFCE8, 0xFCE8, 0xFCE8, 0xFCE8, 0xFCE8, 0xFCE8, 0xFCE8, 
  0xFCE8, 0xFCE8, 0xFCE8, 0xFCE8, 0xFC27, 0xFB67, 0xFB67, 0xFB67, 
  
  0xFBA7, 0xFBA8, 0xFBC8, 0xFBC8, 0xFBC9, 0xFBC9, 0xFBC9, 0xFBA9, 
  0xFBA9, 0xFBA9, 0xFB89, 0xFBE9, 0xFCC9, 0xFD09, 0xFD09, 0xFD09, 
  0xFCE9, 0xFCE9, 0xFCE8, 0xFCE8, 0xFCE8, 0xFCC8, 0xF325, 0xE861, 
  0xE841, 0xE841, 0xD041, 0xB820, 0xB020, 0xB020, 0xA820, 0xB820, 
  0xD841, 0xE041, 0xD841, 0xD841, 0xE041, 0xE041, 0xE041, 0xE041, 
  0xE041, 0xD841, 0xD841, 0xD841, 0xD841, 0xD841, 0xD041, 0xD041, 
  0xD041, 0xD041, 0xE041, 0xC841, 0xC841, 0xC841, 0xC841, 0xC820, 
  0xC820, 0xC820, 0xC820, 0xC820, 0xC820, 0xC020, 0xC020, 0xC820, 
  0xC820, 0xC820, 0xC820, 0xC820, 0xC820, 0xC820, 0xC841, 0xC841, 
  0xC841, 0xC841, 0xD841, 0xD841, 0xD041, 0xD041, 0xD041, 0xD841, 
  0xD841, 0xD841, 0xD841, 0xD841, 0xD841, 0xE041, 0xE041, 0xE041, 
  0xE041, 0xE041, 0xD841, 0xD841, 0xD841, 0xD020, 0xB020, 0xA820, 
  0xB020, 0xB020, 0xC820, 0xE041, 0xE841, 0xE841, 0xF102, 0xFB07, 
  0xFBA9, 0xFBA9, 0xFBC9, 0xFC89, 0xFD09, 0xFD09, 0xFD09, 0xFCE9, 
  0xFCE9, 0xFCE8, 0xFCE8, 0xFCE8, 0xFCE8, 0xFCE8, 0xFCE8, 0xFCE8, 
  0xFCE8, 0xFCE8, 0xFCE8, 0xFCE8, 0xFCA7, 0xFBA7, 0xFB47, 0xFB67, 
  
  0xFBA7, 0xFBA8, 0xFBC8, 0xFBC8, 0xFBA9, 0xFBA9, 0xFBA9, 0xFBA9, 
  0xFBA9, 0xFB89, 0xFBC9, 0xFC89, 0xFD09, 0xFD09, 0xFCE9, 0xFCE9, 
  0xFCE9, 0xFCE9, 0xFCE8, 0xFCE8, 0xFCE8, 0xFCC8, 0xF2E5, 0xE841, 
  0xF041, 0xE841, 0xD841, 0xC020, 0xB020, 0xA820, 0xA020, 0xB020, 
  0xC820, 0xD020, 0xD020, 0xD020, 0xD041, 0xD041, 0xD041, 0xD041, 
  0xD041, 0xD041, 0xD041, 0xD041, 0xD041, 0xD041, 0xD041, 0xD041, 
  0xD041, 0xD041, 0xE041, 0xC820, 0xC020, 0xC020, 0xC020, 0xC020, 
  0xC020, 0xC020, 0xC020, 0xC020, 0xC020, 0xC020, 0xC020, 0xC020, 
  0xC020, 0xC020, 0xC020, 0xC020, 0xC020, 0xC020, 0xC020, 0xC020, 
  0xC020, 0xC820, 0xD041, 0xD841, 0xD041, 0xD041, 0xD041, 0xD041, 
  0xD041, 0xD041, 0xD041, 0xD041, 0xD041, 0xD041, 0xD041, 0xD041, 
  0xD041, 0xD041, 0xD020, 0xD020, 0xD020, 0xC020, 0xA820, 0xA020, 
  0xB020, 0xB020, 0xC820, 0xE041, 0xF041, 0xF041, 0xF0E2, 0xFAE7, 
  0xFB89, 0xFBA9, 0xFC49, 0xFCE9, 0xFD09, 0xFCE9, 0xFCE9, 0xFCE9, 
  0xFCE9, 0xFCE9, 0xFCE8, 0xFCE8, 0xFCE8, 0xFCE8, 0xFCE8, 0xFCE8, 
  0xFCE8, 0xFCE8, 0xFCE8, 0xFCE7, 0xFCE7, 0xFC27, 0xFB67, 0xFB47, 
  
  0xFBA7, 0xFBA8, 0xFBA8, 0xFBA8, 0xFBA9, 0xFBA9, 0xFBA9, 0xFBA9, 
  0xFB89, 0xFBC9, 0xFC69, 0xFCE9, 0xFD09, 0xFCE9, 0xFCE9, 0xFCE9, 
  0xFCE9, 0xFCE9, 0xFCE8, 0xFCE8, 0xFCE8, 0xFCA8, 0xEA44, 0xE841, 
  0xE841, 0xE841, 0xD841, 0xC020, 0xB820, 0xC020, 0xC820, 0xE041, 
  0xE861, 0xF0A2, 0xF0A2, 0xF0C3, 0xF0E3, 0xF0E3, 0xF0E3, 0xF104, 
  0xF104, 0xF104, 0xF104, 0xF104, 0xF104, 0xF104, 0xF124, 0xF124, 
  0xF124, 0xF0E3, 0xD041, 0xA820, 0xB820, 0xB820, 0xB820, 0xB820, 
  0xB820, 0xB820, 0xB820, 0xB820, 0xB820, 0xB820, 0xB820, 0xB820, 
  0xB820, 0xB820, 0xB820, 0xB820, 0xB820, 0xB820, 0xB820, 0xB820, 
  0xB820, 0xB020, 0xB020, 0xE061, 0xF124, 0xF124, 0xF124, 0xF124, 
  0xF104, 0xF104, 0xF104, 0xF104, 0xF104, 0xF104, 0xF104, 0xF0E3, 
  0xF0E3, 0xF0C3, 0xF0C3, 0xF0A2, 0xF082, 0xE861, 0xD841, 0xC820, 
  0xB820, 0xB020, 0xC820, 0xE041, 0xE841, 0xE841, 0xE8C2, 0xF286, 
  0xFBA9, 0xFC29, 0xFCE9, 0xFD09, 0xFCE9, 0xFCE9, 0xFCE9, 0xFCE9, 
  0xFCE9, 0xFCE8, 0xFCE8, 0xFCE8, 0xFCE8, 0xFCE8, 0xFCE8, 0xFCE8, 
  0xFCE8, 0xFCE8, 0xFCE8, 0xFCC7, 0xFCE7, 0xFC87, 0xFBA7, 0xFB47, 
  
  0xFB88, 0xFBA8, 0xFBA8, 0xFBA9, 0xFBA9, 0xFBA9, 0xFBA9, 0xFB89, 
  0xFBA9, 0xFC49, 0xFCE9, 0xFCE9, 0xFCE9, 0xFCE9, 0xFCE9, 0xFCE9, 
  0xFCE9, 0xFCE9, 0xFCE8, 0xFCE8, 0xFC68, 0xEAC5, 0xE0C1, 0xF061, 
  0xF0C3, 0xF124, 0xF124, 0xF104, 0xF104, 0xF165, 0xF1A6, 0xF1C7, 
  0xF1C7, 0xF1C7, 0xF9E7, 0xFA08, 0xFA08, 0xFA08, 0xF9E7, 0xF9E7, 
  0xF9C7, 0xF9C7, 0xF9C7, 0xF9A6, 0xF9A6, 0xF9A6, 0xF986, 0xF986, 
  0xF124, 0xE841, 0xD841, 0xE841, 0xF061, 0xF061, 0xF061, 0xF061, 
  0xF061, 0xF061, 0xF061, 0xF061, 0xF061, 0xF061, 0xF061, 0xF061, 
  0xF061, 0xF061, 0xF061, 0xF061, 0xF061, 0xF061, 0xF061, 0xF061, 
  0xF061, 0xE841, 0xE041, 0xE041, 0xF0A2, 0xF165, 0xF986, 0xF9A6, 
  0xF9A6, 0xF9A6, 0xF9C7, 0xF9C7, 0xF9C7, 0xF9E7, 0xF9E7, 0xFA08, 
  0xFA08, 0xFA28, 0xFA08, 0xF1C7, 0xF1C7, 0xF1C7, 0xF1C7, 0xF186, 
  0xF145, 0xF0E3, 0xF104, 0xF145, 0xF104, 0xF0A2, 0xE861, 0xE143, 
  0xEAE6, 0xFC88, 0xFD09, 0xFCE9, 0xFCE9, 0xFCE9, 0xFCE9, 0xFCE9, 
  0xFCE9, 0xFCE8, 0xFCE8, 0xFCE8, 0xFCE8, 0xFCE8, 0xFCE8, 0xFCE8, 
  0xFCC8, 0xFCC8, 0xFCC8, 0xFCC7, 0xFCC7, 0xFCC7, 0xFC27, 0xFB67, 
  
  0xFB88, 0xFBA8, 0xFBA8, 0xFBA9, 0xFB89, 0xFB89, 0xFB89, 0xFBA9, 
  0xFC29, 0xFCC9, 0xFCE9, 0xFCE9, 0xFCE9, 0xFCE9, 0xFCE9, 0xFCE9, 
  0xFCE8, 0xFCE8, 0xFCC8, 0xF3C7, 0xE1A3, 0xF0A2, 0xF186, 0xFA69, 
  0xFAEB, 0xFAEB, 0xFACB, 0xFA69, 0xF9A6, 0xF124, 0xF124, 0xF124, 
  0xF124, 0xF124, 0xF124, 0xF145, 0xF986, 0xF9A6, 0xF9A6, 0xF9A6, 
  0xF9A6, 0xF9A6, 0xF986, 0xF986, 0xF986, 0xF986, 0xF986, 0xF124, 
  0xE041, 0xE841, 0xF0E3, 0xF145, 0xF124, 0xF124, 0xF124, 0xF104, 
  0xF104, 0xF104, 0xF104, 0xF104, 0xF104, 0xF104, 0xF104, 0xF104, 
  0xF104, 0xF104, 0xF104, 0xF104, 0xF104, 0xF104, 0xF124, 0xF124, 
  0xF124, 0xF145, 0xF124, 0xF0A2, 0xE041, 0xF0A2, 0xF165, 0xF965, 
  0xF986, 0xF986, 0xF986, 0xF986, 0xF9A6, 0xF9A6, 0xF9A6, 0xF9A6, 
  0xF9A6, 0xF986, 0xF145, 0xF124, 0xF124, 0xF124, 0xF124, 0xF124, 
  0xF145, 0xF9E7, 0xFAAA, 0xFAEB, 0xFAEB, 0xFAAA, 0xFA08, 0xF104, 
  0xE8E2, 0xE285, 0xF448, 0xFCE9, 0xFCE9, 0xFCE9, 0xFCE9, 0xFCE8, 
  0xFCE8, 0xFCC8, 0xFCC8, 0xFCE8, 0xFCE8, 0xFCE8, 0xFCE8, 0xFCC8, 
  0xFCC8, 0xFCC8, 0xFCC7, 0xFCC7, 0xFCC7, 0xFCC7, 0xFC87, 0xFBA7, 
  
  0xFB88, 0xFB88, 0xFB88, 0xFB89, 0xFB89, 0xFB89, 0xFB89, 0xFC09, 
  0xFCA9, 0xFCE9, 0xFCE9, 0xFCE9, 0xFCE9, 0xFCE9, 0xFCE9, 0xFCE9, 
  0xFCC8, 0xFC88, 0xF2E5, 0xF143, 0xF9A6, 0xFA69, 0xFAEB, 0xFB2C, 
  0xFB2C, 0xFAEB, 0xFAAA, 0xFA69, 0xF9E7, 0xF145, 0xF0E3, 0xF104, 
  0xF124, 0xF145, 0xF965, 0xF965, 0xF986, 0xF9C7, 0xF9C7, 0xFA08, 
  0xFA28, 0xFA49, 0xFA49, 0xFA49, 0xFA49, 0xFA49, 0xFA08, 0xE8C3, 
  0xE041, 0xF0E3, 0xF104, 0xF104, 0xF0C3, 0xF0C3, 0xF0C3, 0xF0A2, 
  0xF0A2, 0xF0A2, 0xF0A2, 0xF0A2, 0xF0A2, 0xF082, 0xF082, 0xF082, 
  0xF082, 0xF0A2, 0xF0A2, 0xF0A2, 0xF0A2, 0xF0A2, 0xF0A2, 0xF0C3, 
  0xF0C3, 0xF0E3, 0xF104, 0xF104, 0xE8A2, 0xE041, 0xF165, 0xFA28, 
  0xFA49, 0xFA49, 0xFA49, 0xFA49, 0xFA28, 0xFA08, 0xF9E7, 0xF9C7, 
  0xF9A6, 0xF986, 0xF965, 0xF165, 0xF145, 0xF124, 0xF0E3, 0xF104, 
  0xF186, 0xFA28, 0xFA8A, 0xFACB, 0xFB0C, 0xFB2C, 0xFB2C, 0xFACB, 
  0xFA28, 0xF144, 0xE9C4, 0xF3A7, 0xFCC8, 0xFCE9, 0xFCE9, 0xFCC8, 
  0xFCC8, 0xFCC8, 0xFCC8, 0xFCE8, 0xFCE8, 0xFCE8, 0xFCC8, 0xFCC8, 
  0xFCC8, 0xFCC8, 0xFCC7, 0xFCC7, 0xFCC7, 0xFCC7, 0xFCA7, 0xFBE7, 
  
  0xFB88, 0xFB88, 0xFB88, 0xFB89, 0xFB89, 0xFB89, 0xFBC9, 0xFC89, 
  0xFCE9, 0xFCE9, 0xFCE9, 0xFCE9, 0xFCE9, 0xFCE9, 0xFCE9, 0xFCE8, 
  0xFC47, 0xF265, 0xF1A5, 0xFA28, 0xFAAA, 0xFACB, 0xFACB, 0xFA8A, 
  0xFA49, 0xFA28, 0xFA08, 0xF9C7, 0xF186, 0xF124, 0xF104, 0xF104, 
  0xF145, 0xF186, 0xF9C7, 0xF9E7, 0xFA08, 0xFA28, 0xFA49, 0xFA49, 
  0xFA49, 0xFA49, 0xFA49, 0xFA49, 0xFA49, 0xFA28, 0xF165, 0xF082, 
  0xF145, 0xF9A6, 0xF986, 0xF186, 0xF165, 0xF124, 0xF0E3, 0xF0C3, 
  0xF0C3, 0xF0C3, 0xF0C3, 0xF0A2, 0xF0A2, 0xF0A2, 0xF082, 0xF0A2, 
  0xF0A2, 0xF0A2, 0xF0C3, 0xF0C3, 0xF0C3, 0xF0C3, 0xF0E3, 0xF104, 
  0xF145, 0xF165, 0xF186, 0xF986, 0xF9A6, 0xF0C3, 0xF0A2, 0xF9E7, 
  0xFA49, 0xFA49, 0xFA69, 0xFA49, 0xFA49, 0xFA49, 0xFA49, 0xFA28, 
  0xFA28, 0xFA08, 0xF9E7, 0xF1A6, 0xF165, 0xF124, 0xF0E3, 0xF104, 
  0xF145, 0xF1A6, 0xF9E7, 0xFA08, 0xFA28, 0xFA69, 0xFAAA, 0xFACB, 
  0xFACB, 0xFA8A, 0xF9E7, 0xF1A4, 0xF346, 0xFCC8, 0xFCE8, 0xFCC8, 
  0xFCC8, 0xFCC8, 0xFCC8, 0xFCE8, 0xFCE8, 0xFCE8, 0xFCC8, 0xFCC8, 
  0xFCC8, 0xFCC8, 0xFCC7, 0xFCC7, 0xFCC7, 0xFCC7, 0xFCC7, 0xFC27, 
  
  0xFB88, 0xFB88, 0xFB88, 0xFB88, 0xFB89, 0xFBA9, 0xFC69, 0xFCE9, 
  0xFCE9, 0xFCE9, 0xFCE9, 0xFCE9, 0xFCE9, 0xFCE8, 0xFCE8, 0xFCC8, 
  0xF2C5, 0xF185, 0xF9C7, 0xF9A6, 0xF165, 0xF124, 0xE8C3, 0xE082, 
  0xE061, 0xD841, 0xD841, 0xD841, 0xD841, 0xD841, 0xD841, 0xD861, 
  0xE061, 0xE061, 0xE082, 0xE082, 0xE082, 0xE082, 0xE082, 0xE082, 
  0xE082, 0xE082, 0xE082, 0xE082, 0xE0A2, 0xE0A2, 0xE061, 0xE061, 
  0xE0A2, 0xE0A2, 0xE0A2, 0xE082, 0xE082, 0xE082, 0xE061, 0xE061, 
  0xE061, 0xE061, 0xE061, 0xE061, 0xE041, 0xE061, 0xE041, 0xE041, 
  0xE061, 0xE061, 0xE061, 0xE061, 0xE061, 0xE061, 0xE061, 0xE061, 
  0xE082, 0xE082, 0xE0A2, 0xE0A2, 0xE0A2, 0xE082, 0xE061, 0xE082, 
  0xE0A2, 0xE0A2, 0xE0A2, 0xE082, 0xE082, 0xE082, 0xE082, 0xE0A2, 
  0xE082, 0xE082, 0xE061, 0xE061, 0xE061, 0xD841, 0xD841, 0xD041, 
  0xD041, 0xD041, 0xD041, 0xD841, 0xD841, 0xD861, 0xE082, 0xE8E3, 
  0xE924, 0xF165, 0xF1A6, 0xF9A6, 0xF184, 0xFC07, 0xFCE8, 0xFCE8, 
  0xFCE8, 0xFCE8, 0xFCE8, 0xFCE8, 0xFCE8, 0xFCE8, 0xFCE8, 0xFCC8, 
  0xFCC8, 0xFCC8, 0xFCC7, 0xFCC7, 0xFCC7, 0xFCC7, 0xFCC7, 0xFC67, 
  
  0xFB88, 0xFB88, 0xFB88, 0xFB69, 0xFB89, 0xFC29, 0xFCE9, 0xFCE9, 
  0xFCE9, 0xFCE9, 0xFCE9, 0xFCE9, 0xFCE9, 0xFCE8, 0xFCE8, 0xFC47, 
  0xF1C4, 0xF0C3, 0xF0A2, 0xE061, 0xD020, 0xC020, 0xB820, 0xB820, 
  0xB820, 0xB020, 0xB020, 0xA820, 0xA820, 0xA820, 0xA820, 0xA820, 
  0xA820, 0xA820, 0xB020, 0xB020, 0xB020, 0xB020, 0xB020, 0xB020, 
  0xB020, 0xB020, 0xB020, 0xB020, 0xB020, 0xB020, 0xB020, 0xB020, 
  0xB020, 0xB020, 0xB020, 0xB020, 0xB020, 0xB820, 0xB820, 0xB820, 
  0xB820, 0xB820, 0xB820, 0xB820, 0xB820, 0xB820, 0xB820, 0xB820, 
  0xB820, 0xB820, 0xB820, 0xB820, 0xB020, 0xB020, 0xB020, 0xB020, 
  0xB020, 0xB020, 0xB020, 0xB020, 0xB020, 0xB020, 0xB020, 0xB020, 
  0xB020, 0xB020, 0xB020, 0xB020, 0xB020, 0xB020, 0xB020, 0xB020, 
  0xB020, 0xB020, 0xB020, 0xB020, 0xB020, 0xB020, 0xA820, 0xA820, 
  0xA820, 0xA820, 0xB020, 0xB020, 0xB020, 0xB020, 0xB020, 0xB020, 
  0xB820, 0xC020, 0xD041, 0xE8A2, 0xF0C2, 0xF2C5, 0xFCC8, 0xFCE8, 
  0xFCE8, 0xFCE8, 0xFCE8, 0xFCE8, 0xFCE8, 0xFCE8, 0xFCC8, 0xFCC8, 
  0xFCC8, 0xFCC7, 0xFCC7, 0xFCC7, 0xFCC7, 0xFCC7, 0xFCA7, 0xFC86, 
  
  0xFB88, 0xFB88, 0xFB88, 0xFB89, 0xFC09, 0xFCC9, 0xFCE9, 0xFCE9, 
  0xFCE9, 0xFCE9, 0xFCE9, 0xFCE9, 0xFCE9, 0xFCE8, 0xFCE8, 0xFBC7, 
  0xE922, 0xE041, 0xC820, 0xB020, 0xA820, 0xA820, 0xB020, 0xB020, 
  0xA820, 0xA080, 0x9921, 0x9161, 0x8920, 0x8920, 0x9161, 0x9981, 
  0x9981, 0x9981, 0x9981, 0xA1A1, 0xA1A1, 0x9961, 0x8900, 0x80C0, 
  0x78A0, 0x70A0, 0x78A0, 0x78A0, 0x78A0, 0x78C0, 0x80C0, 0x80E0, 
  0x88E0, 0x88E0, 0x88E0, 0x8900, 0xA1A1, 0xA9C1, 0xA9A1, 0xA9C1, 
  0xA9C1, 0xA9C1, 0xA9C1, 0xA9C1, 0xA9C1, 0xA9A1, 0xA9A1, 0xA9A1, 
  0xA9A1, 0xA9A1, 0xA9A1, 0xA9A1, 0xA9A1, 0xA9A1, 0xA981, 0xA181, 
  0x9100, 0x78A0, 0x78A0, 0x78A0, 0x78A0, 0x7880, 0x7880, 0x7880, 
  0x7080, 0x7080, 0x7060, 0x7060, 0x7880, 0x88C0, 0x9100, 0x9921, 
  0x9921, 0x9921, 0x9901, 0x9101, 0x9100, 0x9100, 0x9100, 0x88C0, 
  0x80A0, 0x88C0, 0x9901, 0x9901, 0x9901, 0x9860, 0xA020, 0xA020, 
  0xA020, 0xA020, 0xA820, 0xB820, 0xD841, 0xF204, 0xFCA8, 0xFCE8, 
  0xFCE8, 0xFCE8, 0xFCE8, 0xFCE8, 0xFCE8, 0xFCE8, 0xFCC8, 0xFCC8, 
  0xFCC8, 0xFCC7, 0xFCC7, 0xFCC7, 0xFCC7, 0xFCA7, 0xFCA7, 0xFCA7, 
  
  0xFB88, 0xFB68, 0xFB68, 0xFBC9, 0xFC89, 0xFCE9, 0xFCE9, 0xFCE9, 
  0xFCE9, 0xFCE9, 0xFCE9, 0xFCE8, 0xFCE8, 0xFCE8, 0xFCE8, 0xFC27, 
  0xD983, 0xB820, 0xA820, 0x9820, 0x9820, 0x9820, 0x9820, 0x9901, 
  0x9261, 0x92C1, 0x92C1, 0x8A81, 0x7A20, 0x8A81, 0x9B01, 0x9B01, 
  0x9B21, 0x9B21, 0x9B21, 0x9B42, 0x9B21, 0x7A21, 0x5100, 0x48C0, 
  0x48E0, 0x50E0, 0x5100, 0x5100, 0x5920, 0x6160, 0x69A0, 0x71C0, 
  0x71E0, 0x7A00, 0x7A00, 0x7A20, 0xA362, 0xB3E3, 0xABC3, 0xB3E3, 
  0xB3E3, 0xB3E3, 0xB3E3, 0xB3E3, 0xABE3, 0xABE3, 0xABE3, 0xB3E3, 
  0xABE3, 0xABE3, 0xABE3, 0xABC3, 0xABC3, 0xABC3, 0xABC3, 0xA382, 
  0x7A20, 0x6160, 0x6160, 0x6160, 0x6160, 0x5940, 0x5920, 0x5100, 
  0x50E0, 0x48C0, 0x40C0, 0x40A0, 0x40A0, 0x48C0, 0x69C0, 0x8AA1, 
  0x8AC1, 0x8AA1, 0x8AA1, 0x8A81, 0x8A81, 0x8261, 0x8261, 0x7A01, 
  0x6180, 0x69A0, 0x7A41, 0x8261, 0x8281, 0x8A01, 0x8820, 0x9020, 
  0x9020, 0x9820, 0xA020, 0xA820, 0xB841, 0xEAA5, 0xFCC8, 0xFCE8, 
  0xFCE8, 0xFCE8, 0xFCE8, 0xFCE8, 0xFCE8, 0xFCC8, 0xFCC8, 0xFCC8, 
  0xFCC8, 0xFCC7, 0xFCC7, 0xFCC7, 0xFCC7, 0xFCA7, 0xFCA7, 0xFCA7, 
  
  0xFB68, 0xFB68, 0xFBA8, 0xFC69, 0xFCE9, 0xFCE9, 0xFCE9, 0xFCE9, 
  0xFCE9, 0xFCE9, 0xFCE8, 0xFCE8, 0xFCE8, 0xFCE8, 0xFCE8, 0xFCA8, 
  0xDA84, 0xB061, 0xA020, 0x9020, 0x9020, 0x9020, 0x8820, 0x99C1, 
  0x9B21, 0x9B01, 0x92E1, 0x8AA1, 0x8A81, 0x9B01, 0xA341, 0xA362, 
  0xA362, 0xAB82, 0xAB82, 0xABA2, 0xA342, 0x69A0, 0x48E0, 0x48E0, 
  0x5100, 0x5920, 0x6140, 0x6980, 0x71E0, 0x8220, 0x8260, 0x8A81, 
  0x8AA1, 0x8AA1, 0x8A80, 0x92E1, 0xB403, 0xBC43, 0xBC23, 0xBC43, 
  0xBC43, 0xBC43, 0xBC43, 0xBC43, 0xBC43, 0xBC43, 0xBC43, 0xBC43, 
  0xBC43, 0xBC43, 0xBC23, 0xBC23, 0xBC23, 0xBC23, 0xBC23, 0xB403, 
  0x9B01, 0x8240, 0x8220, 0x8240, 0x8240, 0x7A20, 0x7A00, 0x71E0, 
  0x69A0, 0x6160, 0x5920, 0x50E0, 0x48E0, 0x48C0, 0x5960, 0x92C1, 
  0x9B21, 0x9B01, 0x9301, 0x92E1, 0x92E1, 0x92C1, 0x8AA1, 0x8A81, 
  0x7A21, 0x71E0, 0x7A21, 0x8281, 0x8A81, 0x8A41, 0x8820, 0x9020, 
  0x8820, 0x9020, 0x9820, 0xA820, 0xC0C1, 0xF3E7, 0xFCC8, 0xFCC8, 
  0xFCC8, 0xFCE8, 0xFCE8, 0xFCE8, 0xFCE8, 0xFCC8, 0xFCC8, 0xFCC8, 
  0xFCC8, 0xFCC7, 0xFCC7, 0xFCA7, 0xFCA7, 0xFCA7, 0xFCA7, 0xFCA6, 
  
  0xFB68, 0xFB88, 0xFC28, 0xFCC8, 0xFCE8, 0xFCE9, 0xFCE9, 0xFCE9, 
  0xFCC9, 0xFCC8, 0xFCC8, 0xFCE8, 0xFCE8, 0xFCE8, 0xFCC8, 0xFCC8, 
  0xEBE7, 0xC162, 0xA020, 0x9020, 0x8820, 0x8820, 0x9020, 0x9A21, 
  0xA361, 0xA321, 0x9B01, 0x92E1, 0x9B01, 0xAB62, 0xABA2, 0xB3A2, 
  0xB3C2, 0xB3C2, 0xB3E2, 0xBC02, 0xB3C2, 0x8261, 0x6180, 0x6180, 
  0x71E0, 0x8A61, 0x9AE1, 0xA362, 0xB3C2, 0xBC02, 0xBC23, 0xBC23, 
  0xBC23, 0xBC23, 0xBC03, 0xC463, 0xCC84, 0xCC84, 0xCCA4, 0xCCA4, 
  0xCCA4, 0xCCA4, 0xCCA4, 0xCCA4, 0xCCA4, 0xCCA4, 0xCCA4, 0xCCA4, 
  0xCCA4, 0xCCA4, 0xCCA4, 0xC4A4, 0xC484, 0xC484, 0xC484, 0xC484, 
  0xC443, 0xB403, 0xB3E3, 0xBC03, 0xBC03, 0xBC03, 0xB3E2, 0xB3C2, 
  0xAB82, 0xA321, 0x92C1, 0x7A20, 0x69A0, 0x6160, 0x7A21, 0xA362, 
  0xAB82, 0xA362, 0xA361, 0xA341, 0xA321, 0x9B21, 0x9B01, 0x9AE1, 
  0x92A1, 0x8241, 0x8241, 0x8261, 0x8AA1, 0x8A41, 0x8820, 0x8820, 
  0x8820, 0x9020, 0x9820, 0xA861, 0xDA84, 0xFCA8, 0xFCC8, 0xFCC8, 
  0xFCE8, 0xFCE8, 0xFCE8, 0xFCE8, 0xFCE8, 0xFCC8, 0xFCC8, 0xFCC8, 
  0xFCC7, 0xFCC7, 0xFCC7, 0xFCA7, 0xFCA7, 0xFCA7, 0xFCA7, 0xFCA6, 
  
  0xFB68, 0xFBC8, 0xFC88, 0xFCE8, 0xFCE8, 0xFCC8, 0xFCC8, 0xFCC8, 
  0xFCC8, 0xFCC8, 0xFCC8, 0xFCE8, 0xFCE8, 0xFCE8, 0xFCE8, 0xFCE8, 
  0xFCC8, 0xE366, 0xB102, 0x9820, 0x8820, 0x8820, 0x8820, 0xA261, 
  0xAB82, 0xAB61, 0xA341, 0xA341, 0xAB81, 0xB3C2, 0xBBE2, 0xBC02, 
  0xBC22, 0xC423, 0xC443, 0xC443, 0xC443, 0xBC02, 0xAB82, 0xAB82, 
  0xBBE2, 0xC443, 0xCC83, 0xCCA3, 0xD4C3, 0xD4C4, 0xD4C4, 0xD4E4, 
  0xD4E4, 0xD4E4, 0xD504, 0xD504, 0xD504, 0xD504, 0xD505, 0xD505, 
  0xD505, 0xD505, 0xD505, 0xD505, 0xD505, 0xD505, 0xD505, 0xD505, 
  0xD505, 0xD505, 0xD505, 0xD505, 0xD505, 0xD505, 0xD4E4, 0xD4E4, 
  0xD4E4, 0xD4E4, 0xD4E4, 0xD4E4, 0xD4C4, 0xCCC4, 0xCCC4, 0xCCA4, 
  0xCCA4, 0xCC83, 0xC463, 0xBC23, 0xB3C2, 0xAB82, 0xB3E2, 0xBC02, 
  0xBC02, 0xB3E2, 0xB3C2, 0xB3A2, 0xAB82, 0xAB62, 0xA362, 0xA342, 
  0xA322, 0x92E1, 0x8A81, 0x8A81, 0x8AA1, 0x8A41, 0x8820, 0x8820, 
  0x8820, 0x9020, 0xA041, 0xCA03, 0xF447, 0xFCE8, 0xFCE8, 0xFCE8, 
  0xFCE8, 0xFCE8, 0xFCE8, 0xFCE8, 0xFCE8, 0xFCE8, 0xFCC8, 0xFCC8, 
  0xFCC7, 0xFCC7, 0xFCC7, 0xFCA7, 0xFCA7, 0xFCA7, 0xFC86, 0xFC86, 
  
  0xFB88, 0xFC48, 0xFCC8, 0xFCC8, 0xFCC8, 0xFCC8, 0xFCC8, 0xFCC8, 
  0xFCC8, 0xFCC8, 0xFCE8, 0xFCE8, 0xFCE8, 0xFCE8, 0xFCE8, 0xFCE8, 
  0xFCE8, 0xFCE8, 0xEBC6, 0xB122, 0x9840, 0x9020, 0x8820, 0xA2A1, 
  0xB3C2, 0xB3A1, 0xB3A1, 0xAB81, 0xBBE2, 0xBC02, 0xC422, 0xC443, 
  0xCC63, 0xCC83, 0xCC83, 0xCC83, 0xCCA3, 0xD4C3, 0xD4C3, 0xD4C3, 
  0xD4E3, 0xD4E3, 0xDCE4, 0xD504, 0xD4E4, 0xD504, 0xDD04, 0xDD24, 
  0xDD45, 0xDD45, 0xDD45, 0xE545, 0xE565, 0xE565, 0xE565, 0xE565, 
  0xE565, 0xE565, 0xE565, 0xE585, 0xE565, 0xE565, 0xE565, 0xE565, 
  0xE565, 0xE565, 0xE565, 0xE565, 0xE565, 0xE565, 0xE565, 0xDD65, 
  0xDD45, 0xDD45, 0xDD45, 0xDD45, 0xDD24, 0xDD24, 0xD504, 0xD4E4, 
  0xD4E4, 0xD4E4, 0xD4E4, 0xD4E4, 0xD4C4, 0xD4C3, 0xCCA3, 0xCC83, 
  0xCC63, 0xC443, 0xC423, 0xBC03, 0xBBE2, 0xB3C2, 0xB3A2, 0xAB82, 
  0xAB82, 0xA342, 0x9B01, 0x92C1, 0x92C1, 0x9261, 0x8820, 0x8820, 
  0x9020, 0x9881, 0xC203, 0xF447, 0xFCE8, 0xFCE8, 0xFCE8, 0xFCE8, 
  0xFCE8, 0xFCE8, 0xFCE8, 0xFCE8, 0xFCE8, 0xFCE8, 0xFCE8, 0xFCC8, 
  0xFCC7, 0xFCC7, 0xFCC7, 0xFCA7, 0xFCA7, 0xFC87, 0xFC86, 0xFC86, 
  
  0xFBE8, 0xFCA8, 0xFCC8, 0xFCC8, 0xFCC8, 0xFCC8, 0xFCC8, 0xFCC8, 
  0xFCE8, 0xFCE8, 0xFCE8, 0xFCE8, 0xFCE8, 0xFCE8, 0xFCE8, 0xFCE8, 
  0xFCE8, 0xFCE8, 0xFCE8, 0xF467, 0xC1C3, 0xA081, 0x9020, 0xAB01, 
  0xBBE2, 0xBBE2, 0xBBC1, 0xBBC2, 0xC422, 0xC442, 0xCC83, 0xCCA3, 
  0xD4A3, 0xD4C3, 0xD4E4, 0xDCE4, 0xDD04, 0xDD04, 0xDD04, 0xDD04, 
  0xDD04, 0xCC83, 0xBBE2, 0xAB62, 0xA362, 0xAB82, 0xB3A2, 0xBC02, 
  0xD4E4, 0xE585, 0xEDC5, 0xEDA5, 0xEDA5, 0xEDA6, 0xEDC6, 0xEDC6, 
  0xEDC6, 0xEDC6, 0xEDC6, 0xEDC6, 0xEDC6, 0xEDC6, 0xEDC6, 0xEDC6, 
  0xEDC6, 0xEDC6, 0xEDC6, 0xEDC6, 0xEDC6, 0xEDC6, 0xEDC6, 0xEDC6, 
  0xEDA5, 0xEDA5, 0xEDA5, 0xE545, 0xCC83, 0xB3E2, 0xABA2, 0xAB62, 
  0xA342, 0xAB82, 0xBC22, 0xD4C3, 0xDD04, 0xDD04, 0xDD03, 0xDCE3, 
  0xD4C3, 0xD4A3, 0xD4A3, 0xCC83, 0xC463, 0xC422, 0xBC02, 0xBBE2, 
  0xB3C2, 0xAB82, 0xAB62, 0xA342, 0x9B01, 0x9A81, 0x8820, 0x9040, 
  0xA8E2, 0xCA84, 0xF467, 0xFCE8, 0xFCE8, 0xFCE8, 0xFCE8, 0xFCE8, 
  0xFCE8, 0xFCE8, 0xFCE8, 0xFCE8, 0xFCE8, 0xFCE8, 0xFCE8, 0xFCE8, 
  0xFCC7, 0xFCC7, 0xFCC7, 0xFCA7, 0xFCA7, 0xFC87, 0xFC87, 0xFC86, 
  
  0xFC68, 0xFCC8, 0xFCC8, 0xFCC8, 0xFCC8, 0xFCC8, 0xFCC8, 0xFCC8, 
  0xFCE8, 0xFCE8, 0xFCE8, 0xFCE8, 0xFCE8, 0xFCE8, 0xFCE8, 0xFD08, 
  0xFD08, 0xFD08, 0xFD08, 0xFD08, 0xFCC8, 0xD2E5, 0xA8A1, 0xBB82, 
  0xC422, 0xC422, 0xBC02, 0xC402, 0xCC62, 0xCC82, 0xD4C3, 0xDCE3, 
  0xDD03, 0xDD04, 0xE524, 0xE544, 0xE544, 0xE544, 0xE544, 0xD4C3, 
  0xAB82, 0x9B43, 0xABE8, 0xB429, 0xB46A, 0xBC8B, 0xB44A, 0xABC7, 
  0xA344, 0xB3C2, 0xDD44, 0xF606, 0xF5E6, 0xF5E6, 0xF5E6, 0xF5E6, 
  0xF606, 0xF606, 0xF606, 0xF606, 0xF606, 0xF607, 0xF607, 0xF607, 
  0xF606, 0xF606, 0xF606, 0xF606, 0xF606, 0xF606, 0xF606, 0xF606, 
  0xF5E6, 0xEDE6, 0xCCC3, 0xAB82, 0xA365, 0xABE8, 0xB46A, 0xB48B, 
  0xB44A, 0xAC29, 0xA3A6, 0x9B23, 0xBBE2, 0xDD04, 0xE544, 0xE544, 
  0xE544, 0xDD23, 0xDD03, 0xDCE3, 0xD4C3, 0xCCA3, 0xCC63, 0xC422, 
  0xBC22, 0xBBE2, 0xB3A2, 0xB3A2, 0xAB62, 0xA2C1, 0x9060, 0xB183, 
  0xE386, 0xFCC8, 0xFCE8, 0xFCE8, 0xFCE8, 0xFCE8, 0xFD08, 0xFD08, 
  0xFD08, 0xFD08, 0xFD08, 0xFD08, 0xFCE8, 0xFCE8, 0xFCE8, 0xFCE8, 
  0xFCE8, 0xFCC7, 0xFCC7, 0xFCA7, 0xFCA7, 0xFC87, 0xFC87, 0xFC86, 
  
  0xFCA8, 0xFCC8, 0xFCC8, 0xFCC8, 0xFCC8, 0xFCE8, 0xFCE8, 0xFCE8, 
  0xFCE8, 0xFCE8, 0xFCE8, 0xFCE8, 0xFCE8, 0xFD08, 0xFD08, 0xFD08, 
  0xFD08, 0xFD08, 0xFD08, 0xFD08, 0xFD08, 0xFD08, 0xDBC6, 0xCC02, 
  0xCC42, 0xC442, 0xC422, 0xC442, 0xD4A2, 0xDCC3, 0xDD03, 0xE544, 
  0xE544, 0xE564, 0xED84, 0xED84, 0xED84, 0xED84, 0xC422, 0x9B02, 
  0xB44B, 0xD5F2, 0xBD2F, 0x8B89, 0x72A6, 0x7AC7, 0x8B68, 0xAC8C, 
  0xCD70, 0xB48B, 0xA383, 0xD504, 0xF626, 0xF626, 0xF626, 0xF626, 
  0xF626, 0xF627, 0xF627, 0xF627, 0xF627, 0xF627, 0xF647, 0xF647, 
  0xF627, 0xF627, 0xFE27, 0xFE27, 0xFE27, 0xF626, 0xF626, 0xF626, 
  0xF5E6, 0xC463, 0xABA6, 0xC50D, 0xBD2F, 0x9C0A, 0x7AE7, 0x72A7, 
  0x7AE7, 0x9C0B, 0xCDB1, 0xCDB1, 0xA3A7, 0xA342, 0xD4C3, 0xED84, 
  0xED84, 0xED84, 0xED64, 0xE544, 0xE523, 0xDD03, 0xD4C3, 0xCC83, 
  0xCC62, 0xC422, 0xC402, 0xBC02, 0xBBE2, 0xBBC2, 0xCB45, 0xEC07, 
  0xFCC8, 0xFCE8, 0xFCE8, 0xFCE8, 0xFCE8, 0xFD08, 0xFD08, 0xFD08, 
  0xFD08, 0xFD08, 0xFD08, 0xFD08, 0xFD08, 0xFD08, 0xFCE8, 0xFCE8, 
  0xFCE8, 0xFCE7, 0xFCC7, 0xFCC7, 0xFCA7, 0xFCA7, 0xFC87, 0xFC86, 
  
  0xFCC8, 0xFCC8, 0xFCC8, 0xFCC8, 0xFCC8, 0xFCC8, 0xFCE8, 0xFCE8, 
  0xFCE8, 0xFCE8, 0xFCE8, 0xFD08, 0xFD08, 0xFD08, 0xFD08, 0xFD28, 
  0xFD28, 0xFD28, 0xFD28, 0xFD28, 0xFD28, 0xF5CB, 0xEDA7, 0xD4C3, 
  0xCC82, 0xCC62, 0xCC62, 0xD482, 0xDCE3, 0xDD03, 0xE543, 0xED84, 
  0xED84, 0xEDA4, 0xF5C4, 0xF5C4, 0xEDA4, 0xC442, 0xA385, 0xCDB0, 
  0xE6D6, 0x940C, 0x6A85, 0x93A9, 0x6244, 0x30A0, 0x30A0, 0x38E1, 
  0x6245, 0xC54F, 0xDE11, 0xB426, 0xDD45, 0xFE46, 0xFE46, 0xFE47, 
  0xFE47, 0xFE47, 0xFE47, 0xFE47, 0xFE48, 0xFE47, 0xFE47, 0xFE47, 
  0xFE47, 0xFE47, 0xFE47, 0xFE47, 0xFE47, 0xFE47, 0xFE46, 0xF606, 
  0xD4E4, 0xBCAA, 0xDE11, 0xA44B, 0x7AE7, 0x93C9, 0x6224, 0x30C1, 
  0x30A0, 0x30C1, 0x5A04, 0xB50F, 0xE6D6, 0xBCCC, 0xAB83, 0xD4E3, 
  0xF5C4, 0xF5C4, 0xF5A4, 0xEDA4, 0xED84, 0xE543, 0xE523, 0xDCE3, 
  0xD4C3, 0xCC82, 0xCC62, 0xCC62, 0xC442, 0xC442, 0xDD05, 0xED69, 
  0xFD2A, 0xFCE8, 0xFCE8, 0xFD08, 0xFD08, 0xFD08, 0xFD28, 0xFD28, 
  0xFD28, 0xFD28, 0xFD28, 0xFD28, 0xFD08, 0xFD08, 0xFD08, 0xFD08, 
  0xFCE7, 0xFCE7, 0xFCE7, 0xFCC7, 0xFCA7, 0xFCA7, 0xFC87, 0xFC66, 
  
  0xFCC8, 0xFCC8, 0xFCC8, 0xFCC8, 0xFCC8, 0xFCC8, 0xFCE8, 0xFCE8, 
  0xFCE8, 0xFCE8, 0xFD08, 0xFD08, 0xFD28, 0xFD28, 0xFD28, 0xFD28, 
  0xFD28, 0xFD28, 0xFD28, 0xFD28, 0xF589, 0xEDA5, 0xED84, 0xDD03, 
  0xD4A2, 0xD4A2, 0xD482, 0xD4C2, 0xE523, 0xE543, 0xED84, 0xF5C4, 
  0xF5C4, 0xF5E5, 0xF5E5, 0xF5E5, 0xCC83, 0xB407, 0xE6B5, 0xF779, 
  0x8BCB, 0x4983, 0xD613, 0xFFBA, 0xD632, 0x5A03, 0x28A0, 0x30C0, 
  0x2880, 0x4961, 0xCD90, 0xE694, 0xC4A7, 0xEDA5, 0xFE67, 0xFE47, 
  0xFE47, 0xFE47, 0xFE67, 0xFE67, 0xFE68, 0xFE67, 0xFE67, 0xFE68, 
  0xFE67, 0xFE67, 0xFE67, 0xFE47, 0xFE47, 0xFE67, 0xFE47, 0xDD25, 
  0xC4EB, 0xE6B5, 0x93EA, 0x59E2, 0xC58F, 0xFFBA, 0xE694, 0x5A04, 
  0x28C0, 0x38E0, 0x30A0, 0x4962, 0xBD2F, 0xF779, 0xD590, 0xABC4, 
  0xDD44, 0xFE05, 0xF5E4, 0xF5C4, 0xF5C4, 0xF5A4, 0xED83, 0xE543, 
  0xE523, 0xDCE3, 0xD4A2, 0xD4A2, 0xD482, 0xD4A2, 0xDCE3, 0xDD03, 
  0xED47, 0xFD29, 0xFD08, 0xFD08, 0xFD28, 0xFD28, 0xFD28, 0xFD28, 
  0xFD28, 0xFD28, 0xFD28, 0xFD28, 0xFD28, 0xFD28, 0xFD28, 0xFD28, 
  0xFD07, 0xFD07, 0xFCE7, 0xFCC7, 0xFCC7, 0xFCA7, 0xFC87, 0xFC66, 
  
  0xFCC8, 0xFCC8, 0xFCC8, 0xFCC8, 0xFCC8, 0xFCE8, 0xFCE8, 0xFCE8, 
  0xFD08, 0xFD08, 0xFD28, 0xFD28, 0xFD28, 0xFD28, 0xFD28, 0xFD48, 
  0xFD28, 0xFD28, 0xFD48, 0xFD48, 0xF5A5, 0xF5C5, 0xF5C4, 0xE563, 
  0xD4C2, 0xD4A2, 0xD4A2, 0xDCE2, 0xE543, 0xED83, 0xF5C4, 0xF5E4, 
  0xF5E4, 0xFE05, 0xFE05, 0xE564, 0xBC46, 0xDE33, 0xFFBA, 0xC590, 
  0x4142, 0x59C3, 0xE6B5, 0xFFBA, 0xCE13, 0x5204, 0x1880, 0x28C0, 
  0x4100, 0x48E0, 0x82C4, 0xEF16, 0xDE32, 0xD526, 0xFE26, 0xFE67, 
  0xFE67, 0xFE67, 0xFE67, 0xFE68, 0xFE67, 0xFE68, 0xFE68, 0xFE68, 
  0xFE68, 0xFE67, 0xFE67, 0xFE67, 0xFE67, 0xFE67, 0xF606, 0xD529, 
  0xE6B5, 0xC5B1, 0x4162, 0x6223, 0xD611, 0xFFBA, 0xE693, 0x5204, 
  0x1880, 0x28C0, 0x3900, 0x4900, 0x82E6, 0xE6D5, 0xF779, 0xCD4E, 
  0xBC44, 0xF5E5, 0xFE05, 0xFDE4, 0xFDE4, 0xF5C4, 0xF5A4, 0xED63, 
  0xE543, 0xDD03, 0xDCE2, 0xDCE3, 0xDCC2, 0xDD03, 0xED64, 0xED63, 
  0xE545, 0xF548, 0xFD28, 0xFD28, 0xFD28, 0xFD28, 0xFD48, 0xFD48, 
  0xFD28, 0xFD48, 0xFD48, 0xFD48, 0xFD48, 0xFD28, 0xFD28, 0xFD28, 
  0xFD28, 0xFD07, 0xFD07, 0xFCE7, 0xFCC7, 0xFCA7, 0xFC87, 0xFC86, 
  
  0xFCC8, 0xFCC8, 0xFCC8, 0xFCC8, 0xFCE8, 0xFCE8, 0xFCE8, 0xFD08, 
  0xFD08, 0xFD28, 0xFD28, 0xFD28, 0xFD28, 0xFD48, 0xFD48, 0xFD48, 
  0xFD48, 0xFD68, 0xFD68, 0xFD68, 0xF584, 0xF605, 0xF605, 0xEDA4, 
  0xDCE2, 0xD4C2, 0xD4A2, 0xDD03, 0xED63, 0xED83, 0xF5C4, 0xFDE4, 
  0xFE04, 0xFE05, 0xF5E4, 0xCCE5, 0xD5AF, 0xFF99, 0xF799, 0x8B89, 
  0x30C0, 0x3901, 0x8348, 0xB50D, 0x7307, 0x28C1, 0x20A0, 0x20A1, 
  0x3900, 0x6980, 0x71A0, 0xD5D0, 0xF778, 0xE5EC, 0xF5E6, 0xFE67, 
  0xFE67, 0xFE67, 0xFE67, 0xFE68, 0xFE68, 0xFE68, 0xFE68, 0xFE68, 
  0xFE68, 0xFE68, 0xFE67, 0xFE67, 0xFE67, 0xFE47, 0xEDC6, 0xE651, 
  0xF758, 0x93EA, 0x28A0, 0x3900, 0x7B26, 0xB50D, 0x7B26, 0x28E1, 
  0x20A0, 0x20A0, 0x3900, 0x6160, 0x7A21, 0xCD8F, 0xFFBA, 0xF738, 
  0xC4CA, 0xDD64, 0xFE25, 0xFE04, 0xFE04, 0xFDE4, 0xF5C4, 0xED83, 
  0xED63, 0xE523, 0xDD02, 0xDD02, 0xDD02, 0xE543, 0xF5C4, 0xF5A4, 
  0xED85, 0xF547, 0xFD28, 0xFD28, 0xFD48, 0xFD48, 0xFD48, 0xFD48, 
  0xFD48, 0xFD68, 0xFD68, 0xFD68, 0xFD68, 0xFD48, 0xFD48, 0xFD48, 
  0xFD28, 0xFD27, 0xFD07, 0xFCE7, 0xFCC7, 0xFCA7, 0xFC87, 0xFC87, 
  
  0xFCC8, 0xFCC8, 0xFCC8, 0xFCE8, 0xFCE8, 0xFCE8, 0xFCE8, 0xFD08, 
  0xFD28, 0xFD28, 0xFD48, 0xFD48, 0xFD48, 0xFD48, 0xFD68, 0xFD68, 
  0xFD68, 0xFD88, 0xFD88, 0xFD88, 0xED64, 0xF605, 0xFE25, 0xF5C4, 
  0xDCE2, 0xD4A2, 0xD4A2, 0xDD02, 0xED63, 0xEDA4, 0xF5C4, 0xFE04, 
  0xFE04, 0xFE25, 0xED84, 0xCD29, 0xEEF6, 0xFFDB, 0xEF17, 0x6AA6, 
  0x30C0, 0x28C0, 0x20A0, 0x3100, 0x20A0, 0x20A0, 0x20A1, 0x20A1, 
  0x30E0, 0x71E0, 0x79E0, 0xBCA9, 0xFFB9, 0xF6D2, 0xF607, 0xFE67, 
  0xFE67, 0xFE67, 0xFE67, 0xFE68, 0xFE88, 0xFE68, 0xFE68, 0xFE88, 
  0xFE68, 0xFE68, 0xFE67, 0xFE67, 0xFE67, 0xFE47, 0xF629, 0xF757, 
  0xEF17, 0x72C6, 0x28A0, 0x28C0, 0x20C0, 0x3100, 0x20A0, 0x20A0, 
  0x20C1, 0x20A0, 0x30E0, 0x71C0, 0x8240, 0xC4EB, 0xFF98, 0xFFDB, 
  0xE673, 0xCCC4, 0xF604, 0xFE04, 0xFE04, 0xFDE4, 0xF5E4, 0xEDA3, 
  0xED83, 0xE523, 0xDD02, 0xE522, 0xE502, 0xED83, 0xF5E4, 0xF5C4, 
  0xED84, 0xF547, 0xFD48, 0xFD48, 0xFD48, 0xFD68, 0xFD68, 0xFD68, 
  0xFD88, 0xFD88, 0xFD88, 0xFD88, 0xFD88, 0xFD68, 0xFD68, 0xFD68, 
  0xFD48, 0xFD28, 0xFD28, 0xFCE7, 0xFCC7, 0xFCA7, 0xFC87, 0xFC87, 
  
  0xFCC8, 0xFCC8, 0xFCC8, 0xFCE8, 0xFCE8, 0xFCE8, 0xFD08, 0xFD28, 
  0xFD28, 0xFD48, 0xFD48, 0xFD68, 0xFD68, 0xFD68, 0xFD88, 0xFD88, 
  0xFD88, 0xFD88, 0xFD88, 0xFD88, 0xED64, 0xF5E4, 0xFE25, 0xF5E4, 
  0xDCE2, 0xCC62, 0xCC62, 0xDCE2, 0xED63, 0xEDA3, 0xF5C4, 0xFE04, 
  0xFE04, 0xFE04, 0xED84, 0xDDCD, 0xFF99, 0xFFDB, 0xEF16, 0x6A86, 
  0x30C0, 0x28C0, 0x20A0, 0x1880, 0x20A1, 0x20C1, 0x20A1, 0x20A1, 
  0x30C0, 0x8A80, 0x9260, 0xBC68, 0xFFB9, 0xFF56, 0xFE89, 0xFE66, 
  0xFE67, 0xFE67, 0xFE67, 0xFE67, 0xFE68, 0xFE68, 0xFE68, 0xFE88, 
  0xFE68, 0xFE68, 0xFE67, 0xFE67, 0xFE67, 0xFE66, 0xFEAC, 0xFFBA, 
  0xE716, 0x72A6, 0x28A0, 0x28C0, 0x20A1, 0x18A0, 0x20A0, 0x20C1, 
  0x20C1, 0x20A1, 0x30E0, 0x8240, 0x9AC0, 0xC4C9, 0xFF77, 0xFFDB, 
  0xF758, 0xD507, 0xF604, 0xFE04, 0xFE04, 0xFE04, 0xF5E4, 0xF5A3, 
  0xED83, 0xE522, 0xDCE2, 0xDD02, 0xDD02, 0xF5C4, 0xFDE4, 0xF5A3, 
  0xED64, 0xF567, 0xFD68, 0xFD68, 0xFD68, 0xFD68, 0xFD88, 0xFD88, 
  0xFD88, 0xFD88, 0xFD88, 0xFD88, 0xFD88, 0xFD88, 0xFD68, 0xFD68, 
  0xFD68, 0xFD48, 0xFD28, 0xFD07, 0xFCC7, 0xFCA7, 0xFC87, 0xFC87, 
  
  0xFCC8, 0xFCC8, 0xFCC8, 0xFCE8, 0xFCE8, 0xFD08, 0xFD28, 0xFD48, 
  0xFD48, 0xFD68, 0xFD68, 0xFD68, 0xFD88, 0xFD88, 0xFD88, 0xFD88, 
  0xFD88, 0xFD88, 0xFDA8, 0xFDA8, 0xED64, 0xF5C4, 0xFE25, 0xFE04, 
  0xDD02, 0xC441, 0xC421, 0xDCE2, 0xED63, 0xED83, 0xF5C4, 0xFE04, 
  0xFE04, 0xFE04, 0xF5E6, 0xEE91, 0xFFBA, 0xFFBA, 0xF758, 0x7B28, 
  0x38E0, 0x30E0, 0x20A1, 0x20A1, 0x20A1, 0x20A1, 0x20A0, 0x1880, 
  0x4960, 0xB3A1, 0xA320, 0xCD2B, 0xFFDA, 0xFF77, 0xFEAA, 0xFE66, 
  0xFE67, 0xFE67, 0xFE67, 0xFE67, 0xFE68, 0xFE68, 0xFE88, 0xFE88, 
  0xFE67, 0xFE67, 0xFE67, 0xFE67, 0xFE67, 0xFE66, 0xFEEE, 0xFFBA, 
  0xEF38, 0x8348, 0x30A0, 0x30E0, 0x20C0, 0x20A1, 0x20A1, 0x20A1, 
  0x20A0, 0x20A0, 0x4140, 0xAB81, 0xB3A1, 0xD54C, 0xFF98, 0xFFBA, 
  0xFF9A, 0xE5CB, 0xFE04, 0xFE04, 0xFE04, 0xFE04, 0xF5E4, 0xEDA3, 
  0xED83, 0xDD02, 0xD4A2, 0xD4C2, 0xDCE2, 0xF5E4, 0xFDE4, 0xEDA3, 
  0xED64, 0xF566, 0xFD68, 0xFD88, 0xFD88, 0xFD88, 0xFD88, 0xFD88, 
  0xFD88, 0xFDA8, 0xFDA8, 0xFDA8, 0xFD88, 0xFD88, 0xFD88, 0xFD88, 
  0xFD68, 0xFD48, 0xFD28, 0xFD08, 0xFCC7, 0xFCA7, 0xFC87, 0xFC87, 
  
  0xFCC8, 0xFCC8, 0xFCE8, 0xFCE8, 0xFCE8, 0xFD08, 0xFD48, 0xFD48, 
  0xFD68, 0xFD68, 0xFD88, 0xFD88, 0xFD88, 0xFDA8, 0xFDA8, 0xFDA8, 
  0xFDA8, 0xFDA8, 0xFDA8, 0xFDA8, 0xF584, 0xF5A3, 0xFE24, 0xFE04, 
  0xDD02, 0xC401, 0xC401, 0xD4C2, 0xED63, 0xED83, 0xF5C4, 0xFDE4, 
  0xFE04, 0xFE04, 0xFE26, 0xFEF2, 0xFFBA, 0xFFBA, 0xFFBA, 0xA46B, 
  0x4101, 0x4920, 0x3900, 0x20A0, 0x18A1, 0x18A1, 0x1880, 0x28E0, 
  0x9B41, 0xDCE2, 0xB3A1, 0xE672, 0xFFDB, 0xFF77, 0xFEAB, 0xFE66, 
  0xFE67, 0xFE67, 0xFE67, 0xFE67, 0xFE67, 0xFE88, 0xFE88, 0xFE88, 
  0xFE67, 0xFE67, 0xFE67, 0xFE67, 0xFE67, 0xFE66, 0xFEEE, 0xFFBA, 
  0xF799, 0xACAD, 0x4100, 0x4900, 0x3900, 0x20A0, 0x18A1, 0x18A1, 
  0x1880, 0x28E0, 0x9321, 0xDCE2, 0xC443, 0xE630, 0xFFBA, 0xFFBA, 
  0xFFBA, 0xF68C, 0xFE04, 0xFE04, 0xFE04, 0xFE04, 0xF5C4, 0xED83, 
  0xED63, 0xDCC2, 0xCC61, 0xCC61, 0xDCE2, 0xFDE4, 0xF5C3, 0xED83, 
  0xED64, 0xFD87, 0xFD88, 0xFD88, 0xFDA8, 0xFDA8, 0xFDA8, 0xFDA8, 
  0xFDA8, 0xFDA8, 0xFDA8, 0xFDA8, 0xFDA8, 0xFDA8, 0xFD88, 0xFD88, 
  0xFD88, 0xFD68, 0xFD48, 0xFD08, 0xFCC8, 0xFCA7, 0xFC87, 0xFC87, 
  
  0xFCC8, 0xFCC8, 0xFCC8, 0xFCE8, 0xFD08, 0xFD48, 0xFD68, 0xFD68, 
  0xFD88, 0xFD88, 0xFDA8, 0xFDA8, 0xFDA8, 0xFDA8, 0xFDC8, 0xFDC8, 
  0xFDC8, 0xFDC8, 0xFDC8, 0xFDC8, 0xF5A6, 0xED83, 0xFE04, 0xFE04, 
  0xDD03, 0xBBC1, 0xBBC1, 0xD482, 0xED63, 0xED83, 0xF5C3, 0xFDE4, 
  0xFE04, 0xFE04, 0xFE46, 0xFF11, 0xFFBA, 0xFFBA, 0xFFDB, 0xDE73, 
  0x6203, 0x5960, 0x71E0, 0x59A0, 0x3900, 0x30E0, 0x51A1, 0xA3C3, 
  0xE5E4, 0xD4A2, 0xC4A7, 0xF778, 0xFFBA, 0xFF77, 0xFECB, 0xFE66, 
  0xFE67, 0xFE67, 0xFE67, 0xFE67, 0xFE67, 0xFE88, 0xFE88, 0xFE88, 
  0xFE68, 0xFE67, 0xFE67, 0xFE67, 0xFE67, 0xFE66, 0xFEEF, 0xFFBA, 
  0xFFBA, 0xD654, 0x6A44, 0x5920, 0x71E0, 0x59A0, 0x3900, 0x30E0, 
  0x4981, 0x9BA3, 0xE5C4, 0xDCE2, 0xC4C8, 0xF737, 0xFFBA, 0xFFBA, 
  0xFFB9, 0xFEAB, 0xFE04, 0xFE04, 0xFE04, 0xFE04, 0xF5C3, 0xED83, 
  0xED63, 0xD482, 0xC401, 0xBBE1, 0xDCE2, 0xFDE4, 0xF5A3, 0xED63, 
  0xF585, 0xFDA8, 0xFDA8, 0xFDA8, 0xFDA8, 0xFDC8, 0xFDC8, 0xFDC8, 
  0xFDC8, 0xFDC8, 0xFDC8, 0xFDC8, 0xFDC8, 0xFDA8, 0xFDA8, 0xFDA8, 
  0xFD88, 0xFD88, 0xFD48, 0xFD08, 0xFCE8, 0xFCA8, 0xFC87, 0xFC87, 
  
  0xFCC8, 0xFCC8, 0xFCC8, 0xFCE8, 0xFD28, 0xFD68, 0xFD88, 0xFD88, 
  0xFD88, 0xFDA8, 0xFDA8, 0xFDA8, 0xFDC8, 0xFDC8, 0xFDC9, 0xFDC8, 
  0xFDC8, 0xFDE8, 0xFDC8, 0xFDC8, 0xF5C6, 0xED63, 0xF5C4, 0xFE04, 
  0xE543, 0xB3C1, 0xAB61, 0xCC62, 0xE543, 0xED83, 0xF5A3, 0xF5E4, 
  0xFE04, 0xFE04, 0xFE04, 0xFE8A, 0xFF75, 0xFFBA, 0xFFBA, 0xFFBA, 
  0xBD2D, 0x71E1, 0x8220, 0xA320, 0xAB81, 0xBC01, 0xDD44, 0xF667, 
  0xDD44, 0xBC25, 0xEEB4, 0xFFBA, 0xFFBA, 0xFF55, 0xFE89, 0xFE66, 
  0xFE67, 0xFE67, 0xFE67, 0xFE67, 0xFE67, 0xFE88, 0xFE88, 0xFE88, 
  0xFE68, 0xFE67, 0xFE67, 0xFE67, 0xFE67, 0xFE66, 0xFECC, 0xFF99, 
  0xFFBA, 0xFF99, 0xBD2D, 0x7202, 0x7A00, 0xA300, 0xAB81, 0xBBE1, 
  0xDD23, 0xEE46, 0xDD65, 0xBC26, 0xE673, 0xFFBA, 0xFFBA, 0xFFBA, 
  0xFF33, 0xFE46, 0xFE04, 0xFE04, 0xFE04, 0xFDE4, 0xF5C3, 0xED83, 
  0xE542, 0xC421, 0xB381, 0xB381, 0xE523, 0xF5C3, 0xED83, 0xED43, 
  0xF585, 0xFDA8, 0xFDA8, 0xFDA8, 0xFDC8, 0xFDC9, 0xFDC8, 0xFDC8, 
  0xFDC8, 0xFDC8, 0xFDC8, 0xFDC8, 0xFDC8, 0xFDC8, 0xFDC8, 0xFDA8, 
  0xFDA8, 0xFD88, 0xFD48, 0xFD08, 0xFCC8, 0xFCA8, 0xFCA7, 0xFCA7, 
  
  0xFCC8, 0xFCC8, 0xFCE8, 0xFD08, 0xFD48, 0xFD88, 0xFD88, 0xFDA8, 
  0xFDA8, 0xFDA8, 0xFDC8, 0xFDC8, 0xFDC8, 0xFDC8, 0xFDC9, 0xFDE9, 
  0xFDE9, 0xFDE9, 0xFE09, 0xFE08, 0xFDE7, 0xED63, 0xF5A3, 0xF5C3, 
  0xED83, 0xC421, 0xA320, 0xBC01, 0xE522, 0xED63, 0xF5A3, 0xF5E4, 
  0xFE04, 0xFE04, 0xFE04, 0xFE24, 0xFE68, 0xFF11, 0xFF77, 0xFFB9, 
  0xFF99, 0xD5CF, 0x9B44, 0x92C1, 0xAB61, 0xC422, 0xCCA2, 0xC484, 
  0xC4A8, 0xEED5, 0xFFBA, 0xFF99, 0xFF55, 0xFECC, 0xFE66, 0xFE66, 
  0xFE66, 0xFE67, 0xFE67, 0xFE67, 0xFE67, 0xFE89, 0xFE89, 0xFE88, 
  0xFE67, 0xFE67, 0xFE67, 0xFE67, 0xFE66, 0xFE66, 0xFE67, 0xFEEF, 
  0xFF77, 0xFFBA, 0xFF99, 0xD5B0, 0x9B45, 0x92C1, 0xAB61, 0xC421, 
  0xCCA2, 0xC484, 0xC4C9, 0xE694, 0xFFBA, 0xFF99, 0xFF75, 0xFECE, 
  0xFE46, 0xFE04, 0xFE04, 0xFE04, 0xFE04, 0xFDE4, 0xF5A3, 0xED83, 
  0xE522, 0xBBE1, 0xA320, 0xBC01, 0xED63, 0xED83, 0xED63, 0xED63, 
  0xF586, 0xFDC8, 0xFDC8, 0xFDC8, 0xFDC8, 0xFDC9, 0xFDE9, 0xFDE9, 
  0xFDE9, 0xFE09, 0xFE09, 0xFDE9, 0xFDE9, 0xFDC8, 0xFDC8, 0xFDC8, 
  0xFDA8, 0xFD88, 0xFD68, 0xFD28, 0xFCE8, 0xFCA8, 0xFCA8, 0xFCA8, 
  
  0xFCC8, 0xFCE8, 0xFD08, 0xFD28, 0xFD68, 0xFD88, 0xFDA8, 0xFDA8, 
  0xFDA8, 0xFDC8, 0xFDC9, 0xFDC9, 0xFDC9, 0xFDE9, 0xFDE9, 0xFDE9, 
  0xFDE9, 0xFE09, 0xFE69, 0xFE69, 0xFDE8, 0xED64, 0xED83, 0xF5A3, 
  0xEDA3, 0xDD02, 0xBBC1, 0xC401, 0xDD22, 0xED63, 0xEDA3, 0xF5E4, 
  0xFE04, 0xFE04, 0xFE04, 0xFE24, 0xFE24, 0xFE25, 0xFE89, 0xFEEE, 
  0xFF32, 0xFF75, 0xF6F3, 0xD58C, 0xB448, 0xABE8, 0xBCA9, 0xDE0F, 
  0xF757, 0xFF98, 0xFF54, 0xFEEF, 0xFE89, 0xFE66, 0xFE66, 0xFE66, 
  0xFE66, 0xFE67, 0xFE67, 0xFE67, 0xFE67, 0xFE89, 0xFE89, 0xFE88, 
  0xFE67, 0xFE67, 0xFE67, 0xFE67, 0xFE66, 0xFE66, 0xFE66, 0xFE66, 
  0xFEAB, 0xFF11, 0xFF76, 0xFF98, 0xEEF5, 0xD58D, 0xB428, 0xABE8, 
  0xC4C9, 0xDE0E, 0xF735, 0xFF75, 0xFF11, 0xFECC, 0xFE67, 0xFE24, 
  0xFE24, 0xFE04, 0xFE04, 0xFE04, 0xFE04, 0xF5E4, 0xF5A3, 0xED63, 
  0xE542, 0xDCC2, 0xCC61, 0xDD02, 0xED83, 0xED83, 0xE542, 0xED63, 
  0xFDA7, 0xFDC9, 0xFDC9, 0xFDC9, 0xFDE9, 0xFDE9, 0xFDE9, 0xFDE9, 
  0xFDE9, 0xFE49, 0xFE69, 0xFE29, 0xFDE9, 0xFDE9, 0xFDC9, 0xFDC9, 
  0xFDA8, 0xFD88, 0xFD68, 0xFD28, 0xFCE8, 0xFCC8, 0xFCA8, 0xFCA8, 
  
  0xFCC7, 0xFCE8, 0xFD28, 0xFD68, 0xFD88, 0xFD88, 0xFDA8, 0xFDA8, 
  0xFDC8, 0xFDC8, 0xFDE8, 0xFDE9, 0xFDE9, 0xFDE9, 0xFDE9, 0xFDE9, 
  0xFE09, 0xFE69, 0xFE89, 0xFE69, 0xFDE8, 0xED85, 0xED63, 0xED83, 
  0xED83, 0xE542, 0xDCE2, 0xDCE2, 0xE522, 0xED63, 0xED83, 0xF5C3, 
  0xFE04, 0xFE04, 0xFE04, 0xFE24, 0xFE24, 0xFE24, 0xFE24, 0xFE24, 
  0xFE45, 0xFE67, 0xFECB, 0xFEED, 0xFEED, 0xFEEE, 0xFEEE, 0xFF0E, 
  0xFECD, 0xFEAA, 0xFE67, 0xFE66, 0xFE46, 0xFE66, 0xFE66, 0xFE66, 
  0xFE66, 0xFE67, 0xFE67, 0xFE67, 0xFE67, 0xFE89, 0xFEAA, 0xFE89, 
  0xFE88, 0xFE67, 0xFE67, 0xFE67, 0xFE66, 0xFE66, 0xFE66, 0xFE66, 
  0xFE46, 0xFE66, 0xFE88, 0xFEAB, 0xFEED, 0xFF0E, 0xFEEE, 0xFEEE, 
  0xFEED, 0xFEEC, 0xFEAA, 0xFE66, 0xFE25, 0xFE24, 0xFE24, 0xFE24, 
  0xFE24, 0xFE04, 0xFE04, 0xFE04, 0xFE04, 0xF5C4, 0xEDA3, 0xED63, 
  0xE522, 0xDCE2, 0xD4A2, 0xE522, 0xED63, 0xED63, 0xE542, 0xED64, 
  0xFDC7, 0xFDC8, 0xFDE9, 0xFDE9, 0xFDE9, 0xFDE9, 0xFDE9, 0xFE09, 
  0xFE49, 0xFE89, 0xFE89, 0xFE29, 0xFDE9, 0xFDE9, 0xFDE9, 0xFDC9, 
  0xFDA8, 0xFD88, 0xFD68, 0xFD28, 0xFCE8, 0xFCC8, 0xFCC8, 0xFCA8, 
  
  0xFCC7, 0xFD08, 0xFD48, 0xFD88, 0xFD88, 0xFDA8, 0xFDA8, 0xFDC8, 
  0xFDC8, 0xFDC8, 0xFDE8, 0xFDE9, 0xFDE9, 0xFDE9, 0xFDE9, 0xFE09, 
  0xFE69, 0xFE89, 0xFE89, 0xFE69, 0xFE09, 0xF5A5, 0xED63, 0xED83, 
  0xED83, 0xE542, 0xD4C2, 0xDCC2, 0xE522, 0xE543, 0xED83, 0xF5C3, 
  0xFDE4, 0xFE04, 0xFE04, 0xFE24, 0xFE24, 0xFE24, 0xFE45, 0xFE45, 
  0xFE25, 0xFE44, 0xFE44, 0xFE44, 0xFE45, 0xFE45, 0xFE45, 0xFE45, 
  0xFE45, 0xFE45, 0xFE45, 0xFE66, 0xFE66, 0xFE66, 0xFE66, 0xFE66, 
  0xFE66, 0xFE67, 0xFE67, 0xFE67, 0xFE67, 0xFE89, 0xFE89, 0xFE88, 
  0xFE68, 0xFE67, 0xFE67, 0xFE67, 0xFE66, 0xFE66, 0xFE66, 0xFE66, 
  0xFE66, 0xFE66, 0xFE45, 0xFE45, 0xFE45, 0xFE45, 0xFE45, 0xFE45, 
  0xFE45, 0xFE44, 0xFE44, 0xFE44, 0xFE25, 0xFE45, 0xFE25, 0xFE24, 
  0xFE24, 0xFE04, 0xFE04, 0xFE04, 0xFE04, 0xF5C3, 0xED83, 0xED63, 
  0xE522, 0xDCC2, 0xD4A2, 0xE522, 0xED63, 0xED43, 0xE542, 0xED64, 
  0xFDC8, 0xFDE8, 0xFDE9, 0xFDE9, 0xFDE9, 0xFDE9, 0xFE09, 0xFE49, 
  0xFE89, 0xFE89, 0xFE89, 0xFE29, 0xFDE9, 0xFDE9, 0xFDE9, 0xFDC9, 
  0xFDA9, 0xFDA9, 0xFD69, 0xFD29, 0xFCC8, 0xFCC8, 0xFCC8, 0xFCA8, 
  
  0xFCC7, 0xFD27, 0xFD68, 0xFD88, 0xFDA8, 0xFDA8, 0xFDC8, 0xFDC8, 
  0xFDC8, 0xFDC8, 0xFDE9, 0xFDE9, 0xFDE9, 0xFDE9, 0xFE09, 0xFE69, 
  0xFE89, 0xFE89, 0xFE89, 0xFE49, 0xFDE9, 0xF5C6, 0xED63, 0xED63, 
  0xED63, 0xE542, 0xD4C2, 0xD4C2, 0xE502, 0xE543, 0xED83, 0xF5C3, 
  0xFDE4, 0xFE04, 0xFE04, 0xFE24, 0xFE24, 0xFE24, 0xFE25, 0xFE45, 
  0xFE45, 0xFE45, 0xFE45, 0xFE45, 0xFE45, 0xFE45, 0xFE45, 0xFE45, 
  0xFE46, 0xFE66, 0xFE66, 0xFE66, 0xFE66, 0xFE66, 0xFE66, 0xFE66, 
  0xFE66, 0xFE66, 0xFE66, 0xFE66, 0xFE66, 0xFE66, 0xFE67, 0xFE67, 
  0xFE66, 0xFE66, 0xFE66, 0xFE66, 0xFE66, 0xFE66, 0xFE66, 0xFE66, 
  0xFE66, 0xFE66, 0xFE66, 0xFE46, 0xFE46, 0xFE45, 0xFE45, 0xFE45, 
  0xFE45, 0xFE45, 0xFE45, 0xFE45, 0xFE45, 0xFE45, 0xFE24, 0xFE24, 
  0xFE24, 0xFE04, 0xFE04, 0xFE04, 0xFDE4, 0xF5C3, 0xED83, 0xE543, 
  0xDD02, 0xD4C2, 0xD4A2, 0xE522, 0xED63, 0xE543, 0xE543, 0xF585, 
  0xFDC8, 0xFDE9, 0xFDE9, 0xFDE9, 0xFDE9, 0xFE09, 0xFE49, 0xFE89, 
  0xFE89, 0xFE89, 0xFE69, 0xFE09, 0xFDE9, 0xFDE9, 0xFDE9, 0xFDC9, 
  0xFDC9, 0xFDA9, 0xFD89, 0xFD29, 0xFCE9, 0xFCC9, 0xFCC8, 0xFCA8, 
  
  0xFCE7, 0xFD47, 0xFD88, 0xFDA8, 0xFDA8, 0xFDC8, 0xFDC8, 0xFDC8, 
  0xFDC8, 0xFDE8, 0xFDE9, 0xFDE9, 0xFDE9, 0xFE09, 0xFE69, 0xFE89, 
  0xFE89, 0xFE89, 0xFE89, 0xFE29, 0xFDE9, 0xFDC7, 0xE543, 0xED63, 
  0xED63, 0xE543, 0xDCC2, 0xD4C2, 0xDD02, 0xE543, 0xED63, 0xF5A3, 
  0xFDE4, 0xFE04, 0xFE04, 0xFE24, 0xFE24, 0xFE24, 0xFE25, 0xFE45, 
  0xFE45, 0xFE45, 0xFE45, 0xFE45, 0xFE45, 0xFE45, 0xFE45, 0xFE45, 
  0xFE66, 0xFE66, 0xFE66, 0xFE66, 0xFE66, 0xFE66, 0xFE66, 0xFE66, 
  0xFE66, 0xFE66, 0xFE66, 0xFE46, 0xFE66, 0xFE66, 0xFE66, 0xFE66, 
  0xFE66, 0xFE46, 0xFE66, 0xFE66, 0xFE66, 0xFE66, 0xFE66, 0xFE66, 
  0xFE66, 0xFE66, 0xFE66, 0xFE66, 0xFE46, 0xFE45, 0xFE45, 0xFE45, 
  0xFE45, 0xFE45, 0xFE45, 0xFE45, 0xFE45, 0xFE45, 0xFE24, 0xFE24, 
  0xFE24, 0xFE04, 0xFE04, 0xFE04, 0xFDE4, 0xF5A3, 0xED83, 0xE543, 
  0xDD02, 0xD4A2, 0xD4A2, 0xE522, 0xE543, 0xE542, 0xED43, 0xF5A6, 
  0xFDE8, 0xFDE9, 0xFDE9, 0xFDE9, 0xFDE9, 0xFE49, 0xFE89, 0xFE89, 
  0xFE89, 0xFE89, 0xFE49, 0xFDE9, 0xFDE9, 0xFDE9, 0xFDE9, 0xFDC9, 
  0xFDC9, 0xFDA9, 0xFD89, 0xFD29, 0xFCE9, 0xFCC9, 0xFCE8, 0xFCA8, 
  
  0xFD07, 0xFD67, 0xFD88, 0xFDA8, 0xFDC8, 0xFDC8, 0xFDC8, 0xFDC8, 
  0xFDE8, 0xFDE8, 0xFDE9, 0xFDE9, 0xFE09, 0xFE49, 0xFE89, 0xFE89, 
  0xFE89, 0xFE89, 0xFE69, 0xFE29, 0xFDE9, 0xFDE8, 0xED64, 0xE543, 
  0xED63, 0xE543, 0xDCE2, 0xD4A2, 0xDD02, 0xE543, 0xED63, 0xF5A3, 
  0xF5E4, 0xFE04, 0xFE04, 0xFE24, 0xFE24, 0xFE24, 0xFE24, 0xFE45, 
  0xFE45, 0xFE45, 0xFE45, 0xFE45, 0xFE45, 0xFE45, 0xFE45, 0xFE45, 
  0xFE66, 0xFE66, 0xFE66, 0xFE66, 0xFE66, 0xFE66, 0xFE66, 0xFE66, 
  0xFE66, 0xFE45, 0xFE45, 0xFE45, 0xFE66, 0xFE88, 0xFE89, 0xFE88, 
  0xFE67, 0xFE46, 0xFE45, 0xFE45, 0xFE66, 0xFE66, 0xFE66, 0xFE66, 
  0xFE66, 0xFE66, 0xFE66, 0xFE66, 0xFE65, 0xFE45, 0xFE45, 0xFE45, 
  0xFE45, 0xFE45, 0xFE45, 0xFE45, 0xFE45, 0xFE45, 0xFE24, 0xFE24, 
  0xFE24, 0xFE04, 0xFE04, 0xFE04, 0xF5E4, 0xF5A3, 0xED63, 0xE543, 
  0xDCE2, 0xD4A2, 0xD4C2, 0xE542, 0xE543, 0xE542, 0xED63, 0xFDC7, 
  0xFDE8, 0xFDE9, 0xFDE9, 0xFE09, 0xFE29, 0xFE89, 0xFE89, 0xFE89, 
  0xFE89, 0xFE89, 0xFE49, 0xFDE9, 0xFDE9, 0xFDE9, 0xFDE9, 0xFDC9, 
  0xFDC9, 0xFDA9, 0xFD89, 0xFD29, 0xFCE9, 0xFCE9, 0xFCE8, 0xFCA8, 
  
  0xFD27, 0xFD87, 0xFDA8, 0xFDA8, 0xFDC8, 0xFDC8, 0xFDC8, 0xFDE8, 
  0xFDE9, 0xFDE9, 0xFDE9, 0xFE09, 0xFE49, 0xFE89, 0xFE89, 0xFE89, 
  0xFE89, 0xFE89, 0xFE69, 0xFE29, 0xFE09, 0xFDE9, 0xED85, 0xE542, 
  0xE542, 0xE542, 0xDCE2, 0xD4A2, 0xDCE2, 0xE522, 0xED63, 0xED83, 
  0xF5C4, 0xFE04, 0xFE04, 0xFE04, 0xFE24, 0xFE24, 0xFE24, 0xFE25, 
  0xFE45, 0xFE45, 0xFE45, 0xFE45, 0xFE45, 0xFE45, 0xFE45, 0xFE45, 
  0xFE45, 0xFE66, 0xFE66, 0xFE66, 0xFE66, 0xFE66, 0xFE66, 0xFE66, 
  0xFE45, 0xFE45, 0xFE45, 0xFE66, 0xFE88, 0xFECC, 0xFEED, 0xFECC, 
  0xFE89, 0xFE66, 0xFE45, 0xFE45, 0xFE45, 0xFE46, 0xFE66, 0xFE66, 
  0xFE66, 0xFE66, 0xFE66, 0xFE66, 0xFE45, 0xFE45, 0xFE45, 0xFE45, 
  0xFE45, 0xFE45, 0xFE45, 0xFE45, 0xFE45, 0xFE45, 0xFE24, 0xFE24, 
  0xFE24, 0xFE04, 0xFE04, 0xFE04, 0xF5E4, 0xF5A3, 0xED63, 0xE542, 
  0xDCE2, 0xD482, 0xDCC2, 0xE542, 0xE542, 0xE542, 0xED64, 0xFDC8, 
  0xFDE8, 0xFDE9, 0xFE09, 0xFE29, 0xFE89, 0xFE89, 0xFE89, 0xFE89, 
  0xFE89, 0xFE89, 0xFE29, 0xFE09, 0xFDE9, 0xFDE9, 0xFDE9, 0xFDC9, 
  0xFDC9, 0xFDA9, 0xFD89, 0xFD29, 0xFCE9, 0xFCE9, 0xFCE8, 0xFC88, 
  
  0xFD47, 0xFD87, 0xFDA8, 0xFDC8, 0xFDC8, 0xFDC8, 0xFDE8, 0xFDE8, 
  0xFDE9, 0xFDE9, 0xFE09, 0xFE49, 0xFE89, 0xFE89, 0xFE89, 0xFE89, 
  0xFE89, 0xFEA9, 0xFE69, 0xFE09, 0xFE09, 0xFDE9, 0xF5A6, 0xE543, 
  0xE542, 0xE542, 0xDCE2, 0xD482, 0xDCC2, 0xE522, 0xED63, 0xED83, 
  0xF5C3, 0xFE04, 0xFE04, 0xFE04, 0xFE24, 0xFE24, 0xFE24, 0xFE25, 
  0xFE45, 0xFE45, 0xFE45, 0xFE45, 0xFE45, 0xFE45, 0xFE45, 0xFE45, 
  0xFE45, 0xFE65, 0xFE66, 0xFE66, 0xFE66, 0xFE66, 0xFE46, 0xFE45, 
  0xFE25, 0xFE45, 0xFE45, 0xFE66, 0xFEAA, 0xFEED, 0xFF10, 0xFEEE, 
  0xFEAA, 0xFE67, 0xFE45, 0xFE45, 0xFE24, 0xFE45, 0xFE66, 0xFE66, 
  0xFE66, 0xFE66, 0xFE66, 0xFE65, 0xFE45, 0xFE45, 0xFE45, 0xFE45, 
  0xFE45, 0xFE45, 0xFE45, 0xFE45, 0xFE45, 0xFE25, 0xFE24, 0xFE24, 
  0xFE24, 0xFE04, 0xFE04, 0xFE04, 0xF5C3, 0xED83, 0xED63, 0xE522, 
  0xDCE2, 0xD482, 0xDCC2, 0xE522, 0xE542, 0xE543, 0xED85, 0xFDE8, 
  0xFDE9, 0xFDE9, 0xFE29, 0xFE69, 0xFE89, 0xFE89, 0xFE89, 0xFE89, 
  0xFEA9, 0xFE89, 0xFE29, 0xFDE9, 0xFE09, 0xFDE9, 0xFDE9, 0xFDC9, 
  0xFDC9, 0xFDA9, 0xFD89, 0xFD49, 0xFCE9, 0xFCE9, 0xFCE8, 0xFC88, 
  
  0xFD67, 0xFDA8, 0xFDC8, 0xFDC8, 0xFDC8, 0xFDC8, 0xFDE8, 0xFDE8, 
  0xFDE9, 0xFDE9, 0xFE29, 0xFE89, 0xFE89, 0xFE89, 0xFE89, 0xFE89, 
  0xFE89, 0xFE89, 0xFE69, 0xFE09, 0xFDE9, 0xFDE9, 0xFDC8, 0xE544, 
  0xE522, 0xE522, 0xDCE2, 0xD482, 0xD4C2, 0xE522, 0xED43, 0xED83, 
  0xF5C3, 0xFE04, 0xFE04, 0xFE04, 0xFE04, 0xFE24, 0xFE24, 0xFE24, 
  0xFE45, 0xFE45, 0xFE45, 0xFE45, 0xFE45, 0xFE45, 0xFE45, 0xFE45, 
  0xFE45, 0xFE45, 0xFE66, 0xFE66, 0xFE66, 0xFE66, 0xFE45, 0xFE25, 
  0xFDE4, 0xFE25, 0xFE45, 0xFE66, 0xFE88, 0xFEAB, 0xFECC, 0xFECB, 
  0xFE89, 0xFE66, 0xFE45, 0xFE25, 0xF5C4, 0xFDE4, 0xFE45, 0xFE66, 
  0xFE66, 0xFE66, 0xFE66, 0xFE45, 0xFE45, 0xFE45, 0xFE45, 0xFE45, 
  0xFE45, 0xFE45, 0xFE45, 0xFE45, 0xFE45, 0xFE24, 0xFE24, 0xFE24, 
  0xFE04, 0xFE04, 0xFE04, 0xFDE4, 0xF5C3, 0xED83, 0xED63, 0xE522, 
  0xDCC2, 0xD482, 0xDCC2, 0xE502, 0xE522, 0xE543, 0xF5A7, 0xFDE8, 
  0xFDE9, 0xFE09, 0xFE69, 0xFE89, 0xFE89, 0xFE89, 0xFE89, 0xFE89, 
  0xFE89, 0xFE89, 0xFE29, 0xFDE9, 0xFDE9, 0xFDE9, 0xFDC9, 0xFDC9, 
  0xFDC9, 0xFDA9, 0xFD89, 0xFD49, 0xFD09, 0xFCE8, 0xFCE8, 0xFCA8, 
  
  0xFD87, 0xFDA8, 0xFDC8, 0xFDC8, 0xFDC8, 0xFDE8, 0xFDE8, 0xFDE9, 
  0xFDE9, 0xFE29, 0xFE69, 0xFE89, 0xFE89, 0xFE89, 0xFE89, 0xFE89, 
  0xFE89, 0xFE89, 0xFE49, 0xFE09, 0xFDE9, 0xFDE9, 0xFDC8, 0xED86, 
  0xE523, 0xDD02, 0xD4C2, 0xCC82, 0xD4A2, 0xDD02, 0xE543, 0xED83, 
  0xF5A3, 0xFDE4, 0xFE04, 0xFE04, 0xFE04, 0xFE24, 0xFE24, 0xFE24, 
  0xFE25, 0xFE45, 0xFE45, 0xFE45, 0xFE45, 0xFE45, 0xFE45, 0xFE45, 
  0xFE45, 0xFE45, 0xFE45, 0xFE66, 0xFE66, 0xFE66, 0xFE45, 0xF5E4, 
  0xF5A3, 0xFE04, 0xFE45, 0xFE45, 0xFE46, 0xFE66, 0xFE67, 0xFE67, 
  0xFE66, 0xFE45, 0xFE45, 0xFE24, 0xED83, 0xED83, 0xFE25, 0xFE46, 
  0xFE66, 0xFE66, 0xFE66, 0xFE45, 0xFE45, 0xFE45, 0xFE45, 0xFE45, 
  0xFE45, 0xFE45, 0xFE45, 0xFE45, 0xFE45, 0xFE25, 0xFE24, 0xFE24, 
  0xFE04, 0xFE04, 0xFE04, 0xFDE4, 0xF5C3, 0xED83, 0xE543, 0xE522, 
  0xDCC2, 0xD482, 0xD4A2, 0xDD02, 0xE522, 0xED64, 0xFDE8, 0xFDE9, 
  0xFE09, 0xFE49, 0xFE89, 0xFE89, 0xFE89, 0xFE89, 0xFE89, 0xFE89, 
  0xFE89, 0xFE69, 0xFE09, 0xFE09, 0xFDE9, 0xFDE9, 0xFDC9, 0xFDC9, 
  0xFDC9, 0xFDA9, 0xFD88, 0xFD48, 0xFD08, 0xFCE8, 0xFCE8, 0xFCC8, 
  
  0xFDA8, 0xFDC8, 0xFDC8, 0xFDC8, 0xFDE8, 0xFDE8, 0xFDE9, 0xFDE9, 
  0xFE09, 0xFE49, 0xFE89, 0xFE89, 0xFE89, 0xFE89, 0xFE89, 0xFE89, 
  0xFE89, 0xFE89, 0xFE49, 0xFE09, 0xFDE9, 0xFDE9, 0xFDE9, 0xFDC8, 
  0xE544, 0xDCE2, 0xD482, 0xCC62, 0xD4A2, 0xDD02, 0xE543, 0xED63, 
  0xF5A3, 0xF5E4, 0xFDE4, 0xFE04, 0xFE04, 0xFE24, 0xFE24, 0xFE24, 
  0xFE25, 0xFE25, 0xFE45, 0xFE45, 0xFE45, 0xFE45, 0xFE45, 0xFE45, 
  0xFE45, 0xFE45, 0xFE45, 0xFE46, 0xFE65, 0xFE45, 0xFE24, 0xF5A3, 
  0xED83, 0xFDE4, 0xFE24, 0xFE24, 0xFE25, 0xFE45, 0xFE45, 0xFE45, 
  0xFE25, 0xFE25, 0xFE24, 0xFDE4, 0xED63, 0xED63, 0xFE04, 0xFE45, 
  0xFE45, 0xFE66, 0xFE66, 0xFE45, 0xFE45, 0xFE45, 0xFE45, 0xFE45, 
  0xFE45, 0xFE45, 0xFE45, 0xFE45, 0xFE45, 0xFE24, 0xFE24, 0xFE24, 
  0xFE04, 0xFE04, 0xFE04, 0xF5E4, 0xF5A3, 0xED63, 0xE543, 0xE502, 
  0xD4C2, 0xD4A2, 0xD4A2, 0xDCE2, 0xE523, 0xF5A7, 0xFDE9, 0xFE09, 
  0xFE29, 0xFE89, 0xFE89, 0xFE89, 0xFE89, 0xFE89, 0xFE89, 0xFE89, 
  0xFE89, 0xFE69, 0xFE09, 0xFE09, 0xFDE9, 0xFDE9, 0xFDE9, 0xFDC9, 
  0xFDC9, 0xFDC9, 0xFD88, 0xFD48, 0xFD08, 0xFD08, 0xFCE8, 0xFCC8, 
  
  0xFDA8, 0xFDC8, 0xFDC8, 0xFDE8, 0xFDE9, 0xFDE9, 0xFDE9, 0xFE09, 
  0xFE29, 0xFE89, 0xFEA9, 0xFE89, 0xFE89, 0xFE89, 0xFE89, 0xFE89, 
  0xFE89, 0xFE89, 0xFE49, 0xFE09, 0xFE09, 0xFE09, 0xFDE9, 0xFDE9, 
  0xF5A7, 0xE525, 0xE4E4, 0xD4C3, 0xD4A2, 0xDCE2, 0xE522, 0xED63, 
  0xED83, 0xF5C3, 0xFDE4, 0xFE04, 0xFE04, 0xFE24, 0xFE24, 0xFE24, 
  0xFE24, 0xFE25, 0xFE45, 0xFE45, 0xFE45, 0xFE45, 0xFE45, 0xFE45, 
  0xFE45, 0xFE45, 0xFE45, 0xFE45, 0xFE45, 0xFE45, 0xFE04, 0xED83, 
  0xE543, 0xED83, 0xF5C3, 0xF5E4, 0xFE04, 0xFE04, 0xFE04, 0xFE04, 
  0xFE04, 0xF5E4, 0xF5C3, 0xED83, 0xE543, 0xED63, 0xFE04, 0xFE45, 
  0xFE45, 0xFE65, 0xFE45, 0xFE45, 0xFE45, 0xFE45, 0xFE45, 0xFE45, 
  0xFE45, 0xFE45, 0xFE45, 0xFE45, 0xFE25, 0xFE24, 0xFE24, 0xFE24, 
  0xFE04, 0xFE04, 0xFE04, 0xF5E4, 0xF5A3, 0xED63, 0xE543, 0xDD02, 
  0xD4C2, 0xD4C3, 0xDD04, 0xE524, 0xF587, 0xFDE9, 0xFE09, 0xFE29, 
  0xFE69, 0xFEA9, 0xFEA9, 0xFE89, 0xFE89, 0xFE89, 0xFE89, 0xFE89, 
  0xFE89, 0xFE69, 0xFE09, 0xFE09, 0xFE09, 0xFDE9, 0xFDE9, 0xFDE9, 
  0xFDC9, 0xFDC9, 0xFDA8, 0xFD48, 0xFD28, 0xFD08, 0xFCE8, 0xFCE8, 
  
  0xFDC8, 0xFDC8, 0xFDC8, 0xFDE9, 0xFDE9, 0xFDE9, 0xFE09, 0xFE29, 
  0xFE69, 0xFE89, 0xFE89, 0xFE89, 0xFE8B, 0xF6AE, 0xF6B0, 0xF6B0, 
  0xF6B0, 0xF6B0, 0xF690, 0xF670, 0xF650, 0xF650, 0xF650, 0xF650, 
  0xF650, 0xF62F, 0xF62F, 0xE58C, 0xD4E5, 0xDCE3, 0xE544, 0xE564, 
  0xEDA4, 0xF5C5, 0xF5E5, 0xFE05, 0xFE05, 0xFE25, 0xFE25, 0xFE25, 
  0xFE26, 0xFE26, 0xFE46, 0xFE46, 0xFE46, 0xFE46, 0xFE46, 0xFE46, 
  0xFE46, 0xFE66, 0xFE66, 0xFE66, 0xFE67, 0xFE46, 0xFE25, 0xEDA4, 
  0xE544, 0xDD03, 0xDD24, 0xE544, 0xE564, 0xED84, 0xED84, 0xED84, 
  0xE564, 0xE544, 0xE524, 0xDD03, 0xDD23, 0xED84, 0xF605, 0xFE46, 
  0xFE67, 0xFE67, 0xFE66, 0xFE66, 0xFE46, 0xFE46, 0xFE46, 0xFE46, 
  0xFE46, 0xFE46, 0xFE46, 0xFE46, 0xFE26, 0xFE26, 0xFE25, 0xFE25, 
  0xFE25, 0xFE05, 0xF605, 0xF5E5, 0xEDA4, 0xED64, 0xE544, 0xDD03, 
  0xD4E4, 0xE569, 0xEE2F, 0xF64F, 0xF64F, 0xF670, 0xF670, 0xF690, 
  0xF6B0, 0xF6B0, 0xF6D0, 0xF6B0, 0xF6B0, 0xF6B0, 0xF6B0, 0xF6B0, 
  0xF6AF, 0xF66C, 0xFE0A, 0xFE09, 0xFE09, 0xFDE9, 0xFDE9, 0xFDE9, 
  0xFDC9, 0xFDC8, 0xFDA8, 0xFD68, 0xFD28, 0xFD08, 0xFCE8, 0xFCE8, 
  
  0xFDC8, 0xFDE8, 0xFDE8, 0xFDE9, 0xFDE9, 0xFE09, 0xFE09, 0xFE49, 
  0xFE89, 0xFE89, 0xFE89, 0xF68C, 0xDE72, 0xD677, 0xD678, 0xD699, 
  0xD699, 0xD699, 0xD699, 0xD699, 0xD679, 0xD679, 0xD699, 0xD679, 
  0xD699, 0xD699, 0xD699, 0xD679, 0xCE58, 0xD657, 0xD657, 0xD677, 
  0xD677, 0xD677, 0xD677, 0xD678, 0xD698, 0xD698, 0xD698, 0xD698, 
  0xD698, 0xD698, 0xD698, 0xD698, 0xD698, 0xD698, 0xD698, 0xD698, 
  0xD698, 0xD698, 0xD698, 0xD698, 0xD698, 0xD698, 0xD698, 0xD698, 
  0xD677, 0xD657, 0xCE37, 0xCE37, 0xCE37, 0xCE37, 0xCE37, 0xCE37, 
  0xCE37, 0xCE37, 0xCE37, 0xCE37, 0xCE57, 0xD677, 0xD698, 0xD698, 
  0xD698, 0xD698, 0xD698, 0xD698, 0xD698, 0xD698, 0xD698, 0xD698, 
  0xD698, 0xD698, 0xD698, 0xD698, 0xD698, 0xD678, 0xD698, 0xD698, 
  0xD677, 0xD677, 0xD677, 0xD677, 0xD677, 0xD677, 0xD677, 0xD657, 
  0xCE57, 0xD678, 0xD699, 0xD699, 0xD699, 0xD699, 0xD679, 0xD699, 
  0xD699, 0xD699, 0xD699, 0xD699, 0xD699, 0xD699, 0xD699, 0xD678, 
  0xD677, 0xDE55, 0xEE2F, 0xFE09, 0xFE09, 0xFE09, 0xFDE9, 0xFDE9, 
  0xFDC9, 0xFDC8, 0xFDA8, 0xFD68, 0xFD28, 0xFD08, 0xFD08, 0xFCE8, 
  
  0xFDE8, 0xFDE8, 0xFDE9, 0xFDE9, 0xFE09, 0xFE09, 0xFE29, 0xFE89, 
  0xFEA9, 0xFEA9, 0xFE8A, 0xDE0F, 0xB575, 0xAD75, 0xAD96, 0xB596, 
  0xB596, 0xB596, 0xB596, 0xB596, 0xB596, 0xB5B6, 0xB5B6, 0xB5B6, 
  0xB5B6, 0xB5B6, 0xB5B6, 0xB5B6, 0xB5B7, 0xB5B7, 0xB5B7, 0xB5B7, 
  0xB5B7, 0xB5D7, 0xB5B7, 0xB5D7, 0xB5D7, 0xB5D7, 0xB5D7, 0xB5D7, 
  0xB5D7, 0xBDD7, 0xB5D7, 0xB5D7, 0xB5D7, 0xBDD7, 0xBDD7, 0xBDD7, 
  0xBDD7, 0xBDD7, 0xBDD7, 0xBDD7, 0xBDD7, 0xBDD7, 0xBDD7, 0xBDD7, 
  0xBDD7, 0xBDD7, 0xBDF7, 0xBDF7, 0xBDF7, 0xBDD7, 0xBDF7, 0xBDF7, 
  0xBDF7, 0xBDD7, 0xBDF7, 0xBDF7, 0xBDD7, 0xBDD7, 0xBDD7, 0xBDD7, 
  0xB5D7, 0xBDD7, 0xBDD7, 0xB5D7, 0xB5D7, 0xB5D7, 0xB5D7, 0xB5D7, 
  0xB5D7, 0xB5D7, 0xB5B7, 0xB5B7, 0xB5B7, 0xB5B7, 0xB5B7, 0xB5B7, 
  0xB5B7, 0xB5B7, 0xB5B7, 0xB5B7, 0xB5B7, 0xB5B7, 0xB5B6, 0xB5B6, 
  0xB5B6, 0xB5B6, 0xB596, 0xB596, 0xB596, 0xB596, 0xB596, 0xB596, 
  0xB596, 0xB596, 0xAD96, 0xAD96, 0xAD96, 0xAD76, 0xAD76, 0xAD75, 
  0xAD75, 0xAD75, 0xC5D4, 0xF60C, 0xFE09, 0xFE09, 0xFE09, 0xFDE9, 
  0xFDE9, 0xFDC9, 0xFDC8, 0xFD88, 0xFD48, 0xFD28, 0xFD28, 0xFD08, 
  
  0xFDE9, 0xFDE9, 0xFDE9, 0xFE09, 0xFE09, 0xFE09, 0xFE69, 0xFEA9, 
  0xFEA9, 0xFEA9, 0xEE4B, 0xB530, 0x8C92, 0x9492, 0x94B3, 0x94D3, 
  0x9CD3, 0x9CD3, 0x9CF3, 0x9CF3, 0x9CF3, 0x9CF3, 0x9CF3, 0x9CF3, 
  0x9CF3, 0x9CF4, 0x9CF4, 0x9CF4, 0x9D14, 0x9D14, 0xA514, 0xA514, 
  0xA514, 0xA514, 0xA514, 0xA514, 0xA534, 0xA534, 0xA534, 0xA534, 
  0xA534, 0xA535, 0xA534, 0xA534, 0xA534, 0xA534, 0xA535, 0xA535, 
  0xA535, 0xA535, 0xA535, 0xA535, 0xA535, 0xA535, 0xA535, 0xA535, 
  0xA535, 0xA535, 0xA535, 0xA535, 0xA535, 0xA535, 0xA535, 0xA535, 
  0xA535, 0xA535, 0xA535, 0xA535, 0xA535, 0xA534, 0xA534, 0xA534, 
  0xA534, 0xA534, 0xA534, 0xA534, 0xA534, 0xA534, 0xA514, 0xA514, 
  0xA534, 0xA514, 0xA514, 0xA514, 0xA514, 0xA514, 0x9D14, 0x9D14, 
  0x9D14, 0x9CF4, 0x9D14, 0x9CF4, 0x9CF4, 0x9CF4, 0x9CF3, 0x9CF3, 
  0x9CF3, 0x9CF3, 0x9CD3, 0x9CD3, 0x94D3, 0x94D3, 0x9CD3, 0x94D3, 
  0x94D3, 0x94D3, 0x94B3, 0x94B3, 0x94B3, 0x94B2, 0x94B2, 0x9492, 
  0x9492, 0x8C92, 0x9CD2, 0xD5AF, 0xFE09, 0xFE09, 0xFE09, 0xFE09, 
  0xFDE9, 0xFDE9, 0xFDC9, 0xFDA8, 0xFD68, 0xFD48, 0xFD28, 0xFD08, 
  
  0xFDE9, 0xFE09, 0xFE09, 0xFE09, 0xFE09, 0xFE29, 0xFE89, 0xFEA9, 
  0xFEA9, 0xFEAA, 0xDE0C, 0x9490, 0x8410, 0x8451, 0x8C51, 0x8C71, 
  0x8C71, 0x8C71, 0x8C72, 0x8C92, 0x8C92, 0x8C92, 0x9492, 0x9492, 
  0x9492, 0x9492, 0x9492, 0x9492, 0x94B2, 0x94B2, 0x94B2, 0x94B3, 
  0x94B3, 0x94B3, 0x94B3, 0x94B3, 0x94D3, 0x94D3, 0x94D3, 0x9CD3, 
  0x9CD3, 0x9CD3, 0x9CD3, 0x9CD3, 0x9CD3, 0x9CD3, 0x94D3, 0x9CD3, 
  0x9CD3, 0x9CD3, 0x9CF3, 0x9CF3, 0x9CF3, 0x9CF3, 0x9CF3, 0x9CF3, 
  0x9CF3, 0x9CF3, 0x9CF3, 0x9CF3, 0x9CF3, 0x9CF3, 0x9CF3, 0x9CF3, 
  0x9CD3, 0x9CF3, 0x9CF3, 0x9CF3, 0x9CD3, 0x9CD3, 0x9CD3, 0x9CD3, 
  0x9CD3, 0x94D3, 0x94D3, 0x9CD3, 0x9CD3, 0x9CD3, 0x94D3, 0x94D3, 
  0x94D3, 0x94D3, 0x94B3, 0x94B3, 0x94B3, 0x94B3, 0x94B3, 0x94B2, 
  0x94B2, 0x94B2, 0x94B2, 0x9492, 0x9492, 0x9492, 0x9492, 0x8C92, 
  0x8C92, 0x8C72, 0x8C72, 0x8C72, 0x8C71, 0x8C71, 0x8C71, 0x8C71, 
  0x8C51, 0x8C51, 0x8C51, 0x8451, 0x8451, 0x8451, 0x8431, 0x8431, 
  0x8430, 0x8410, 0x8410, 0xB50F, 0xF60A, 0xFE09, 0xFE09, 0xFE09, 
  0xFDE9, 0xFDE9, 0xFDE9, 0xFDA8, 0xFD88, 0xFD68, 0xFD48, 0xFD27, 
  
  0xFE09, 0xFE09, 0xFE09, 0xFE09, 0xFE29, 0xFE69, 0xFEA9, 0xFEAA, 
  0xFEAA, 0xFEAA, 0xD5CC, 0x842F, 0x7BF0, 0x8430, 0x8430, 0x8431, 
  0x8431, 0x8451, 0x8451, 0x8C51, 0x8C51, 0x8C51, 0x8C71, 0x8C71, 
  0x8C71, 0x8C72, 0x8C72, 0x8C72, 0x8C72, 0x8C72, 0x8C92, 0x8C92, 
  0x9492, 0x9492, 0x9492, 0x9492, 0x9492, 0x9492, 0x94B2, 0x94B2, 
  0x94B2, 0x94B2, 0x94B2, 0x94B2, 0x94B3, 0x94B3, 0x94B2, 0x94B3, 
  0x94B3, 0x94B3, 0x94B3, 0x94B3, 0x94B3, 0x94B3, 0x94B3, 0x94D3, 
  0x94D3, 0x94B3, 0x94B3, 0x94B3, 0x94B3, 0x94D3, 0x94D3, 0x94D3, 
  0x94D3, 0x94B3, 0x94B3, 0x94B3, 0x94B3, 0x94B3, 0x94B3, 0x94B3, 
  0x94B3, 0x94B2, 0x94B2, 0x94B3, 0x94B2, 0x94B2, 0x94B2, 0x9492, 
  0x9492, 0x9492, 0x9492, 0x9492, 0x8C92, 0x8C92, 0x8C92, 0x8C92, 
  0x8C72, 0x8C72, 0x8C72, 0x8C72, 0x8C72, 0x8C71, 0x8C71, 0x8C71, 
  0x8C51, 0x8C51, 0x8451, 0x8451, 0x8451, 0x8431, 0x8431, 0x8431, 
  0x8431, 0x8431, 0x8430, 0x8430, 0x8430, 0x8410, 0x8410, 0x7C10, 
  0x7C10, 0x7BF0, 0x7BEF, 0x9C8F, 0xEDCB, 0xFE29, 0xFE09, 0xFE09, 
  0xFE09, 0xFDE9, 0xFDE9, 0xFDC8, 0xFD88, 0xFD68, 0xFD48, 0xFD27, 
  
  0xFE09, 0xFE09, 0xFE29, 0xFE29, 0xFE4A, 0xFE8A, 0xFECA, 0xFECA, 
  0xFECA, 0xFEAA, 0xCDAC, 0x840F, 0x7BF0, 0x8410, 0x8430, 0x8431, 
  0x8431, 0x8451, 0x8451, 0x8451, 0x8451, 0x8C51, 0x8C51, 0x8C71, 
  0x8C71, 0x8C71, 0x8C72, 0x8C72, 0x8C72, 0x8C72, 0x8C72, 0x8C92, 
  0x8C92, 0x8C92, 0x8C92, 0x9492, 0x9492, 0x9492, 0x9492, 0x9492, 
  0x94B2, 0x94B2, 0x94B2, 0x94B2, 0x94B2, 0x94B2, 0x94B2, 0x94B3, 
  0x94B3, 0x94B3, 0x94B3, 0x94B3, 0x94B3, 0x94B3, 0x94B3, 0x94B3, 
  0x94B3, 0x94B3, 0x94B3, 0x94B3, 0x94B3, 0x94B3, 0x94B3, 0x94B3, 
  0x94B3, 0x94B3, 0x94B3, 0x94B3, 0x94B2, 0x94B2, 0x94B3, 0x94B2, 
  0x94B2, 0x94B2, 0x94B2, 0x94B2, 0x94B2, 0x9492, 0x9492, 0x9492, 
  0x9492, 0x9492, 0x9492, 0x8C92, 0x8C92, 0x8C92, 0x8C72, 0x8C72, 
  0x8C72, 0x8C72, 0x8C71, 0x8C71, 0x8C71, 0x8C71, 0x8C71, 0x8C51, 
  0x8C51, 0x8451, 0x8451, 0x8451, 0x8451, 0x8431, 0x8431, 0x8431, 
  0x8410, 0x8430, 0x8430, 0x8410, 0x8410, 0x7C10, 0x7C10, 0x7C10, 
  0x7C10, 0x7BF0, 0x7BCF, 0x8C4F, 0xE5CB, 0xFE2A, 0xFE29, 0xFE29, 
  0xFE09, 0xFE09, 0xFE09, 0xFDE9, 0xFDA8, 0xFD88, 0xFD68, 0xFD48, 
  
  0xFE29, 0xFE29, 0xFE29, 0xFE29, 0xFE6A, 0xFEAA, 0xFECA, 0xFECA, 
  0xFECA, 0xFECA, 0xCDCC, 0x840F, 0x7C10, 0x8410, 0x8430, 0x8431, 
  0x8431, 0x8431, 0x8451, 0x8451, 0x8451, 0x8451, 0x8C51, 0x8C71, 
  0x8C71, 0x8C71, 0x8C72, 0x8C72, 0x8C72, 0x8C72, 0x8C72, 0x8C92, 
  0x8C92, 0x8C92, 0x8C92, 0x8C92, 0x9492, 0x9492, 0x9492, 0x94B2, 
  0x94B2, 0x94B2, 0x94B2, 0x94B2, 0x94B2, 0x94B2, 0x94B2, 0x94B2, 
  0x94B3, 0x94B3, 0x94B2, 0x94B3, 0x94B3, 0x94B2, 0x94B3, 0x94B2, 
  0x94B2, 0x94B3, 0x94B3, 0x94B3, 0x94B3, 0x94B3, 0x94B3, 0x94B3, 
  0x94B3, 0x94B3, 0x94B3, 0x94B2, 0x94B2, 0x94B2, 0x94B2, 0x94B2, 
  0x94B2, 0x94B2, 0x94B2, 0x9492, 0x9492, 0x9492, 0x9492, 0x9492, 
  0x9492, 0x9492, 0x8C92, 0x8C92, 0x8C92, 0x8C92, 0x8C92, 0x8C72, 
  0x8C72, 0x8C71, 0x8C71, 0x8C71, 0x8C71, 0x8C71, 0x8C71, 0x8C51, 
  0x8451, 0x8451, 0x8451, 0x8451, 0x8451, 0x8431, 0x8431, 0x8431, 
  0x8430, 0x8430, 0x8410, 0x8410, 0x8410, 0x8410, 0x7C10, 0x7C10, 
  0x7C10, 0x7BF0, 0x7BEF, 0x8C4F, 0xDDAB, 0xFE2A, 0xFE2A, 0xFE29, 
  0xFE29, 0xFE09, 0xFE09, 0xFDE9, 0xFDC8, 0xFDA8, 0xFD88, 0xFD68, 
  
  0xFE29, 0xFE29, 0xFE2A, 0xFE4A, 0xFEAA, 0xFECA, 0xFECA, 0xFECA, 
  0xFECA, 0xFECA, 0xCDCC, 0x840F, 0x7C10, 0x8430, 0x8430, 0x8431, 
  0x8431, 0x8431, 0x8451, 0x8451, 0x8451, 0x8451, 0x8C51, 0x8C51, 
  0x8C71, 0x8C71, 0x8C71, 0x8C72, 0x8C72, 0x8C72, 0x8C72, 0x8C72, 
  0x8C92, 0x8C92, 0x8C92, 0x8C92, 0x9492, 0x9492, 0x9492, 0x9492, 
  0x9492, 0x94B2, 0x94B2, 0x94B2, 0x94B2, 0x94B2, 0x94B2, 0x94B2, 
  0x94B2, 0x94B2, 0x94B2, 0x94B2, 0x94B3, 0x94B2, 0x94B3, 0x94B2, 
  0x94B2, 0x94B3, 0x94B3, 0x94B3, 0x94B3, 0x94B3, 0x94B3, 0x94B3, 
  0x94B3, 0x94B3, 0x94B3, 0x94B2, 0x94B2, 0x94B2, 0x94B2, 0x94B2, 
  0x94B2, 0x94B2, 0x9492, 0x9492, 0x94B2, 0x9492, 0x9492, 0x9492, 
  0x8C92, 0x8C92, 0x8C92, 0x8C92, 0x8C92, 0x8C92, 0x8C92, 0x8C72, 
  0x8C72, 0x8C72, 0x8C71, 0x8C71, 0x8C71, 0x8C51, 0x8C51, 0x8C51, 
  0x8C51, 0x8451, 0x8451, 0x8451, 0x8431, 0x8431, 0x8431, 0x8430, 
  0x8430, 0x8430, 0x8410, 0x8410, 0x8410, 0x7C10, 0x7C10, 0x7C10, 
  0x7C10, 0x7BF0, 0x7BEF, 0x8C2F, 0xDDAB, 0xFE4A, 0xFE2A, 0xFE29, 
  0xFE29, 0xFE29, 0xFE09, 0xFE09, 0xFDE8, 0xFDC8, 0xFDA8, 0xFD88, 
  
  0xFE29, 0xFE29, 0xFE4A, 0xFE6A, 0xFECA, 0xFECA, 0xFECA, 0xFEEA, 
  0xFEEA, 0xFECA, 0xCDCC, 0x840F, 0x7C10, 0x8410, 0x8430, 0x8431, 
  0x8431, 0x8431, 0x8431, 0x8451, 0x8C51, 0x8C51, 0x8C51, 0x8C51, 
  0x8C51, 0x8C71, 0x8C71, 0x8C72, 0x8C72, 0x8C72, 0x8C72, 0x8C72, 
  0x8C72, 0x8C92, 0x8C92, 0x8C92, 0x9492, 0x9492, 0x9492, 0x8C92, 
  0x9492, 0x94B2, 0x94B2, 0x94B2, 0x94B2, 0x94B2, 0x94B2, 0x94B2, 
  0x94B2, 0x94B2, 0x94B2, 0x94B2, 0x94B3, 0x94B3, 0x94B2, 0x94B2, 
  0x94B3, 0x94B3, 0x94B2, 0x94B2, 0x94B3, 0x94B3, 0x94B3, 0x94B3, 
  0x94B3, 0x94B3, 0x94B3, 0x94B2, 0x94B2, 0x94B2, 0x94B2, 0x94B2, 
  0x94B2, 0x94B2, 0x9492, 0x9492, 0x9492, 0x9492, 0x9492, 0x8C92, 
  0x8C92, 0x8C92, 0x8C92, 0x8C92, 0x8C92, 0x8C92, 0x8C72, 0x8C72, 
  0x8C72, 0x8C71, 0x8C71, 0x8C71, 0x8C71, 0x8C51, 0x8C51, 0x8451, 
  0x8C51, 0x8451, 0x8451, 0x8451, 0x8431, 0x8431, 0x8431, 0x8430, 
  0x8430, 0x8430, 0x8430, 0x8410, 0x8410, 0x7C10, 0x7C10, 0x7C10, 
  0x7BF0, 0x7BF0, 0x7BEF, 0x8C2F, 0xDDCB, 0xFE4A, 0xFE4A, 0xFE4A, 
  0xFE49, 0xFE29, 0xFE29, 0xFE09, 0xFDE9, 0xFDC8, 0xFDC8, 0xFDA8, 
  
  0xFE29, 0xFE29, 0xFE4A, 0xFEAA, 0xFECA, 0xFECA, 0xFEEA, 0xFEEA, 
  0xFEEA, 0xFEEB, 0xD5EC, 0x842F, 0x7C10, 0x8410, 0x8430, 0x8430, 
  0x8431, 0x8431, 0x8431, 0x8451, 0x8451, 0x8451, 0x8C51, 0x8C51, 
  0x8C51, 0x8C71, 0x8C71, 0x8C71, 0x8C72, 0x8C72, 0x8C71, 0x8C72, 
  0x8C72, 0x8C92, 0x8C92, 0x8C92, 0x9492, 0x9492, 0x9492, 0x9492, 
  0x9492, 0x9492, 0x94B2, 0x94B2, 0x94B2, 0x94B2, 0x94B2, 0x94B2, 
  0x94B2, 0x94B2, 0x94B2, 0x94B2, 0x94B2, 0x94B2, 0x94B2, 0x94B2, 
  0x94B2, 0x94B2, 0x94B3, 0x94B2, 0x94B2, 0x94B3, 0x94B2, 0x94B2, 
  0x94B2, 0x94B2, 0x94B2, 0x94B2, 0x94B2, 0x94B2, 0x94B2, 0x94B2, 
  0x94B2, 0x94B2, 0x9492, 0x9492, 0x9492, 0x9492, 0x9492, 0x9492, 
  0x9492, 0x8C92, 0x8C92, 0x8C72, 0x8C72, 0x8C72, 0x8C72, 0x8C72, 
  0x8C72, 0x8C71, 0x8C71, 0x8C71, 0x8C71, 0x8C51, 0x8C51, 0x8451, 
  0x8451, 0x8451, 0x8451, 0x8431, 0x8431, 0x8431, 0x8431, 0x8430, 
  0x8430, 0x8430, 0x8430, 0x8410, 0x7C10, 0x7C10, 0x7C10, 0x7C10, 
  0x7BF0, 0x7BF0, 0x7BF0, 0x8C4F, 0xE5EB, 0xFE6A, 0xFE4A, 0xFE4A, 
  0xFE49, 0xFE49, 0xFE29, 0xFE29, 0xFE09, 0xFDE8, 0xFDC8, 0xFDC8, 
  
  0xFE49, 0xFE4A, 0xFE6A, 0xFECA, 0xFEEA, 0xFEEA, 0xFEEA, 0xFEEB, 
  0xFEEB, 0xFEEB, 0xD60C, 0x842F, 0x7C10, 0x8410, 0x8430, 0x8430, 
  0x8431, 0x8431, 0x8431, 0x8451, 0x8451, 0x8C51, 0x8C51, 0x8C51, 
  0x8C51, 0x8C71, 0x8C71, 0x8C71, 0x8C72, 0x8C72, 0x8C72, 0x8C72, 
  0x8C72, 0x8C92, 0x8C72, 0x8C92, 0x9492, 0x9492, 0x9492, 0x9492, 
  0x9492, 0x9492, 0x94B2, 0x94B2, 0x94B2, 0x94B2, 0x94B2, 0x94B2, 
  0x94B2, 0x94B3, 0x94B2, 0x94B2, 0x94B3, 0x94B2, 0x94B2, 0x94B2, 
  0x94B2, 0x94B2, 0x94B3, 0x94B3, 0x94B2, 0x94B2, 0x94B2, 0x94B2, 
  0x94B2, 0x94B2, 0x94B2, 0x94B2, 0x94B3, 0x94B2, 0x94B2, 0x94B2, 
  0x94B2, 0x94B2, 0x9492, 0x9492, 0x9492, 0x9492, 0x9492, 0x9492, 
  0x9492, 0x8C92, 0x8C92, 0x8C72, 0x8C72, 0x8C92, 0x8C92, 0x8C72, 
  0x8C72, 0x8C71, 0x8C71, 0x8C71, 0x8C71, 0x8C51, 0x8C51, 0x8C51, 
  0x8C51, 0x8451, 0x8451, 0x8431, 0x8431, 0x8431, 0x8431, 0x8430, 
  0x8430, 0x8430, 0x8410, 0x8410, 0x7C10, 0x7C10, 0x7C10, 0x7C10, 
  0x7BF0, 0x7BF0, 0x7BF0, 0x946F, 0xEE0B, 0xFE6A, 0xFE6A, 0xFE6A, 
  0xFE4A, 0xFE49, 0xFE49, 0xFE49, 0xFE29, 0xFE08, 0xFDE8, 0xFDC8, 
  
  0xFE4A, 0xFE4A, 0xFE8A, 0xFEEA, 0xFEEA, 0xFEEA, 0xFEEA, 0xFF0B, 
  0xFF0B, 0xFF0B, 0xD62D, 0x8C4F, 0x7C10, 0x8410, 0x8430, 0x8431, 
  0x8431, 0x8431, 0x8451, 0x8451, 0x8451, 0x8C51, 0x8451, 0x8C51, 
  0x8C51, 0x8C71, 0x8C71, 0x8C71, 0x8C71, 0x8C72, 0x8C72, 0x8C72, 
  0x8C92, 0x8C92, 0x8C72, 0x8C92, 0x8C92, 0x8C92, 0x8C92, 0x9492, 
  0x9492, 0x9492, 0x9492, 0x94B2, 0x94B2, 0x9492, 0x94B2, 0x94B2, 
  0x94B2, 0x94B2, 0x94B2, 0x94B2, 0x94B3, 0x94B2, 0x94B2, 0x94B2, 
  0x94B2, 0x94B2, 0x94B2, 0x94B2, 0x94B2, 0x94B2, 0x94B2, 0x94B2, 
  0x94B2, 0x94B2, 0x94B2, 0x94B2, 0x94B2, 0x94B2, 0x94B2, 0x94B2, 
  0x9492, 0x9492, 0x9492, 0x9492, 0x9492, 0x9492, 0x9492, 0x9492, 
  0x8C92, 0x8C92, 0x8C92, 0x8C92, 0x8C92, 0x8C72, 0x8C72, 0x8C72, 
  0x8C72, 0x8C71, 0x8C71, 0x8C71, 0x8C71, 0x8C51, 0x8451, 0x8451, 
  0x8451, 0x8451, 0x8451, 0x8451, 0x8431, 0x8431, 0x8431, 0x8430, 
  0x8430, 0x8430, 0x8410, 0x8410, 0x8410, 0x7C10, 0x7C10, 0x7BF0, 
  0x7BF0, 0x7BF0, 0x7BEF, 0x9CAF, 0xEE2B, 0xFE6A, 0xFE6A, 0xFE6A, 
  0xFE6A, 0xFE49, 0xFE49, 0xFE49, 0xFE29, 0xFE29, 0xFE08, 0xFDE8, 
  
  0xFE4A, 0xFE6A, 0xFEAA, 0xFEEA, 0xFEEA, 0xFEEB, 0xFF0B, 0xFF0B, 
  0xFF0B, 0xFF0B, 0xDE4D, 0x8C6F, 0x7BF0, 0x8410, 0x8430, 0x8431, 
  0x8431, 0x8431, 0x8431, 0x8451, 0x8451, 0x8451, 0x8451, 0x8C51, 
  0x8C51, 0x8C71, 0x8C71, 0x8C71, 0x8C72, 0x8C72, 0x8C72, 0x8C72, 
  0x8C72, 0x8C92, 0x8C92, 0x8C92, 0x8C92, 0x8C92, 0x8C92, 0x8C92, 
  0x9492, 0x9492, 0x9492, 0x9492, 0x9492, 0x9492, 0x94B2, 0x94B2, 
  0x94B2, 0x94B2, 0x94B2, 0x94B2, 0x94B2, 0x94B3, 0x94B3, 0x94B2, 
  0x94B2, 0x94B2, 0x94B2, 0x94B2, 0x94B2, 0x94B3, 0x94B2, 0x94B2, 
  0x94B2, 0x94B2, 0x94B2, 0x94B3, 0x94B2, 0x94B2, 0x94B2, 0x94B2, 
  0x94B2, 0x9492, 0x9492, 0x9492, 0x9492, 0x9492, 0x9492, 0x9492, 
  0x8C92, 0x8C92, 0x8C92, 0x8C92, 0x8C92, 0x8C72, 0x8C72, 0x8C72, 
  0x8C72, 0x8C71, 0x8C71, 0x8C71, 0x8C71, 0x8C51, 0x8451, 0x8451, 
  0x8451, 0x8451, 0x8451, 0x8431, 0x8431, 0x8431, 0x8431, 0x8430, 
  0x8430, 0x8430, 0x8430, 0x8410, 0x8410, 0x7C10, 0x7C10, 0x7C10, 
  0x7BF0, 0x7BF0, 0x7BF0, 0xA4EF, 0xF66B, 0xFE8A, 0xFE8A, 0xFE8A, 
  0xFE6A, 0xFE6A, 0xFE69, 0xFE49, 0xFE49, 0xFE29, 0xFE28, 0xFE08, 
  
  0xFE6A, 0xFE6A, 0xFECA, 0xFEEA, 0xFF0B, 0xFF0B, 0xFF0B, 0xFF0B, 
  0xFF2B, 0xFF2C, 0xDE4D, 0x948F, 0x7C10, 0x8410, 0x8430, 0x8431, 
  0x8431, 0x8431, 0x8451, 0x8451, 0x8451, 0x8451, 0x8C51, 0x8C51, 
  0x8C51, 0x8C71, 0x8C71, 0x8C71, 0x8C71, 0x8C71, 0x8C72, 0x8C72, 
  0x8C72, 0x8C72, 0x8C92, 0x8C92, 0x8C92, 0x9492, 0x8C92, 0x8C92, 
  0x9492, 0x9492, 0x9492, 0x9492, 0x9492, 0x9492, 0x94B2, 0x94B2, 
  0x94B2, 0x94B2, 0x94B2, 0x94B2, 0x94B2, 0x94B2, 0x94B3, 0x94B3, 
  0x94B2, 0x94B2, 0x94B2, 0x94B3, 0x94B2, 0x94B2, 0x94B3, 0x94B2, 
  0x94B2, 0x94B2, 0x94B2, 0x94B2, 0x94B2, 0x94B2, 0x94B2, 0x94B2, 
  0x94B2, 0x94B2, 0x9492, 0x9492, 0x9492, 0x9492, 0x9492, 0x9492, 
  0x8C92, 0x8C92, 0x8C92, 0x8C72, 0x8C92, 0x8C72, 0x8C72, 0x8C72, 
  0x8C72, 0x8C71, 0x8C71, 0x8C71, 0x8C51, 0x8C51, 0x8C51, 0x8C51, 
  0x8451, 0x8451, 0x8451, 0x8431, 0x8431, 0x8431, 0x8430, 0x8430, 
  0x8431, 0x8430, 0x8430, 0x8410, 0x8410, 0x7C10, 0x7C10, 0x7C10, 
  0x7BF0, 0x7BF0, 0x7BEF, 0xAD0E, 0xFEAB, 0xFEAB, 0xFE8A, 0xFE8A, 
  0xFE8A, 0xFE8A, 0xFE6A, 0xFE69, 0xFE49, 0xFE49, 0xFE28, 0xFE28, 
  
  0xFE6A, 0xFE8A, 0xFEEA, 0xFF0B, 0xFF0B, 0xFF0B, 0xFF2B, 0xFF2C, 
  0xFF2C, 0xFF2C, 0xE68D, 0x9CAF, 0x7C10, 0x8410, 0x8430, 0x8430, 
  0x8430, 0x8431, 0x8431, 0x8451, 0x8451, 0x8451, 0x8451, 0x8C51, 
  0x8C51, 0x8C71, 0x8C71, 0x8C71, 0x8C71, 0x8C72, 0x8C72, 0x8C92, 
  0x8C72, 0x8C72, 0x8C92, 0x8C92, 0x8C92, 0x8C92, 0x8C92, 0x9492, 
  0x9492, 0x9492, 0x94B2, 0x94B2, 0x9492, 0x9492, 0x9492, 0x94B2, 
  0x94B2, 0x94B2, 0x94B2, 0x94B2, 0x94B2, 0x94B2, 0x94B2, 0x94B2, 
  0x94B2, 0x94B2, 0x94B2, 0x94B2, 0x94B2, 0x94B2, 0x94B2, 0x94B2, 
  0x94B3, 0x94B2, 0x94B2, 0x94B2, 0x94B2, 0x94B2, 0x94B2, 0x9492, 
  0x94B2, 0x9492, 0x9492, 0x9492, 0x9492, 0x8C92, 0x8C92, 0x9492, 
  0x8C92, 0x8C92, 0x8C92, 0x8C72, 0x8C92, 0x8C72, 0x8C72, 0x8C72, 
  0x8C71, 0x8C71, 0x8C71, 0x8C51, 0x8C51, 0x8C51, 0x8C51, 0x8451, 
  0x8451, 0x8451, 0x8451, 0x8451, 0x8431, 0x8431, 0x8430, 0x8430, 
  0x8430, 0x8410, 0x8410, 0x8410, 0x8410, 0x8410, 0x7C10, 0x7C10, 
  0x7BF0, 0x7BF0, 0x7BEF, 0xB54E, 0xFECB, 0xFEAB, 0xFEAB, 0xFEAA, 
  0xFEAA, 0xFE8A, 0xFE8A, 0xFE89, 0xFE69, 0xFE49, 0xFE49, 0xFE48, 
  
  0xFE8A, 0xFEAA, 0xFF0B, 0xFF0B, 0xFF2B, 0xFF2B, 0xFF2C, 0xFF4C, 
  0xFF4C, 0xFF4D, 0xE6AE, 0x9CCF, 0x7BF0, 0x8410, 0x8410, 0x8430, 
  0x8431, 0x8431, 0x8431, 0x8451, 0x8451, 0x8451, 0x8451, 0x8C51, 
  0x8C51, 0x8C51, 0x8C71, 0x8C71, 0x8C71, 0x8C71, 0x8C72, 0x8C72, 
  0x8C72, 0x8C72, 0x8C92, 0x8C92, 0x8C92, 0x8C92, 0x8C92, 0x8C92, 
  0x8C92, 0x9492, 0x9492, 0x9492, 0x9492, 0x9492, 0x9492, 0x9492, 
  0x94B2, 0x9492, 0x94B2, 0x94B2, 0x94B2, 0x94B2, 0x94B2, 0x94B2, 
  0x94B2, 0x94B2, 0x94B2, 0x94B2, 0x94B2, 0x94B2, 0x94B2, 0x94B2, 
  0x94B2, 0x9492, 0x9492, 0x94B2, 0x94B2, 0x94B2, 0x9492, 0x9492, 
  0x9492, 0x9492, 0x9492, 0x9492, 0x9492, 0x8C92, 0x8C92, 0x8C92, 
  0x8C92, 0x8C92, 0x8C92, 0x8C92, 0x8C72, 0x8C72, 0x8C72, 0x8C72, 
  0x8C72, 0x8C71, 0x8C71, 0x8C51, 0x8C51, 0x8C51, 0x8C51, 0x8451, 
  0x8451, 0x8451, 0x8451, 0x8451, 0x8431, 0x8431, 0x8430, 0x8430, 
  0x8430, 0x8410, 0x8410, 0x8410, 0x7C10, 0x7C10, 0x7C10, 0x7C10, 
  0x7C10, 0x7BF0, 0x7C10, 0xBD8E, 0xFF0C, 0xFEEB, 0xFECB, 0xFEAA, 
  0xFEAA, 0xFEAA, 0xFE8A, 0xFE8A, 0xFE69, 0xFE69, 0xFE69, 0xFE48, 
  
  0xFE8A, 0xFECA, 0xFF0B, 0xFF2B, 0xFF2B, 0xFF4C, 0xFF4C, 0xFF4C, 
  0xFF4D, 0xFF4D, 0xE6CE, 0xA4EF, 0x7BF0, 0x7C10, 0x8410, 0x8430, 
  0x8431, 0x8431, 0x8431, 0x8451, 0x8451, 0x8451, 0x8C51, 0x8C51, 
  0x8C51, 0x8C71, 0x8C71, 0x8C71, 0x8C71, 0x8C71, 0x8C72, 0x8C72, 
  0x8C72, 0x8C72, 0x8C92, 0x8C92, 0x8C92, 0x8C92, 0x8C92, 0x8C92, 
  0x8C92, 0x8C92, 0x9492, 0x9492, 0x9492, 0x94B2, 0x94B2, 0x94B2, 
  0x9492, 0x9492, 0x94B2, 0x94B2, 0x94B2, 0x94B2, 0x94B2, 0x94B2, 
  0x94B2, 0x94B2, 0x94B2, 0x94B2, 0x94B2, 0x94B2, 0x94B2, 0x94B2, 
  0x94B2, 0x9492, 0x9492, 0x94B2, 0x94B2, 0x9492, 0x9492, 0x9492, 
  0x9492, 0x9492, 0x9492, 0x9492, 0x8C92, 0x8C92, 0x8C92, 0x8C92, 
  0x8C92, 0x8C92, 0x8C92, 0x8C92, 0x8C72, 0x8C72, 0x8C72, 0x8C72, 
  0x8C72, 0x8C71, 0x8C71, 0x8C71, 0x8C71, 0x8C51, 0x8451, 0x8451, 
  0x8451, 0x8451, 0x8451, 0x8451, 0x8431, 0x8431, 0x8431, 0x8430, 
  0x8430, 0x8410, 0x8410, 0x8410, 0x7C10, 0x7C10, 0x7C10, 0x7C10, 
  0x7BF0, 0x7BF0, 0x7C0F, 0xC5AF, 0xFF2C, 0xFF2B, 0xFEEB, 0xFECB, 
  0xFECA, 0xFEAA, 0xFEAA, 0xFE8A, 0xFE89, 0xFE89, 0xFE69, 0xFE68, 
  
  0xFEAA, 0xFEEA, 0xFF2B, 0xFF2B, 0xFF2C, 0xFF4C, 0xFF4C, 0xFF4D, 
  0xFF4D, 0xFF6E, 0xEEEE, 0xA50F, 0x7BF0, 0x7C10, 0x8430, 0x8430, 
  0x8431, 0x8431, 0x8431, 0x8451, 0x8451, 0x8451, 0x8451, 0x8C51, 
  0x8C51, 0x8C51, 0x8C71, 0x8C71, 0x8C72, 0x8C71, 0x8C72, 0x8C72, 
  0x8C72, 0x8C92, 0x8C92, 0x8C92, 0x8C92, 0x8C92, 0x8C92, 0x8C92, 
  0x8C92, 0x8C92, 0x9492, 0x9492, 0x9492, 0x94B2, 0x94B2, 0x94B2, 
  0x9492, 0x94B2, 0x94B2, 0x94B2, 0x94B2, 0x94B2, 0x94B2, 0x94B3, 
  0x94B2, 0x94B2, 0x94B2, 0x94B2, 0x94B2, 0x94B2, 0x94B2, 0x94B2, 
  0x94B2, 0x94B2, 0x94B2, 0x94B2, 0x94B2, 0x9492, 0x9492, 0x94B2, 
  0x9492, 0x9492, 0x9492, 0x9492, 0x9492, 0x9492, 0x9492, 0x8C92, 
  0x8C92, 0x8C92, 0x8C92, 0x8C92, 0x8C72, 0x8C72, 0x8C72, 0x8C72, 
  0x8C72, 0x8C71, 0x8C71, 0x8C71, 0x8C51, 0x8C51, 0x8451, 0x8451, 
  0x8451, 0x8451, 0x8451, 0x8451, 0x8431, 0x8431, 0x8431, 0x8431, 
  0x8430, 0x8430, 0x8410, 0x8410, 0x7C10, 0x7C10, 0x7C10, 0x7C10, 
  0x7BF0, 0x7BEF, 0x8410, 0xC5EE, 0xFF2D, 0xFF4C, 0xFF0B, 0xFEEB, 
  0xFECA, 0xFEAA, 0xFEAA, 0xFEAA, 0xFEA9, 0xFE89, 0xFE89, 0xFE69, 
  
  0xFECA, 0xFF0B, 0xFF2B, 0xFF2B, 0xFF4C, 0xFF4C, 0xFF4D, 0xFF6E, 
  0xFF6E, 0xFF6E, 0xEF0F, 0xAD30, 0x7BF0, 0x7C10, 0x8430, 0x8430, 
  0x8431, 0x8431, 0x8431, 0x8451, 0x8451, 0x8451, 0x8451, 0x8C51, 
  0x8C51, 0x8C51, 0x8C71, 0x8C71, 0x8C71, 0x8C71, 0x8C72, 0x8C72, 
  0x8C72, 0x8C72, 0x8C92, 0x8C92, 0x8C92, 0x8C92, 0x8C92, 0x8C92, 
  0x8C92, 0x9492, 0x9492, 0x9492, 0x9492, 0x9492, 0x94B2, 0x94B2, 
  0x94B2, 0x94B2, 0x9492, 0x9492, 0x94B2, 0x94B2, 0x94B2, 0x94B2, 
  0x94B2, 0x94B2, 0x94B2, 0x94B2, 0x94B2, 0x94B2, 0x94B2, 0x94B2, 
  0x9492, 0x94B2, 0x94B2, 0x94B2, 0x9492, 0x9492, 0x9492, 0x94B2, 
  0x9492, 0x9492, 0x9492, 0x9492, 0x9492, 0x9492, 0x8C92, 0x8C92, 
  0x8C92, 0x8C92, 0x8C92, 0x8C92, 0x8C72, 0x8C72, 0x8C72, 0x8C71, 
  0x8C72, 0x8C71, 0x8C71, 0x8C71, 0x8C51, 0x8C51, 0x8C51, 0x8451, 
  0x8451, 0x8451, 0x8451, 0x8431, 0x8431, 0x8431, 0x8430, 0x8430, 
  0x8430, 0x8430, 0x8430, 0x8410, 0x7C10, 0x7C10, 0x7C10, 0x7BF0, 
  0x7BF0, 0x7BEF, 0x8410, 0xCE0F, 0xFF4D, 0xFF4C, 0xFF4C, 0xFF2B, 
  0xFF0B, 0xFECA, 0xFECA, 0xFEAA, 0xFEA9, 0xFEA9, 0xFE89, 0xFE88, 
  
  0xFEEA, 0xFF2B, 0xFF2B, 0xFF4C, 0xFF4C, 0xFF6D, 0xFF6E, 0xFF6E, 
  0xFF8F, 0xFF8F, 0xEF30, 0xAD70, 0x7BF0, 0x7C10, 0x8430, 0x8430, 
  0x8431, 0x8431, 0x8431, 0x8451, 0x8451, 0x8451, 0x8451, 0x8451, 
  0x8C51, 0x8C51, 0x8C71, 0x8C71, 0x8C71, 0x8C71, 0x8C72, 0x8C72, 
  0x8C72, 0x8C72, 0x8C72, 0x8C92, 0x8C92, 0x8C92, 0x8C92, 0x8C92, 
  0x8C92, 0x9492, 0x9492, 0x9492, 0x9492, 0x9492, 0x9492, 0x9492, 
  0x9492, 0x9492, 0x9492, 0x94B2, 0x94B2, 0x94B2, 0x9492, 0x94B2, 
  0x94B2, 0x94B2, 0x94B2, 0x94B2, 0x94B2, 0x94B2, 0x94B2, 0x9492, 
  0x9492, 0x94B2, 0x94B2, 0x9492, 0x9492, 0x9492, 0x9492, 0x9492, 
  0x9492, 0x9492, 0x9492, 0x9492, 0x9492, 0x8C92, 0x8C92, 0x8C92, 
  0x8C92, 0x8C92, 0x8C92, 0x8C92, 0x8C72, 0x8C72, 0x8C72, 0x8C72, 
  0x8C71, 0x8C71, 0x8C71, 0x8C71, 0x8C51, 0x8C51, 0x8C51, 0x8451, 
  0x8451, 0x8451, 0x8451, 0x8431, 0x8431, 0x8431, 0x8430, 0x8430, 
  0x8430, 0x8410, 0x8410, 0x8410, 0x7C10, 0x7C10, 0x7C10, 0x7C10, 
  0x7BF0, 0x7BEF, 0x8430, 0xD64F, 0xFF6E, 0xFF4D, 0xFF4C, 0xFF4C, 
  0xFF2B, 0xFF2B, 0xFF0A, 0xFEEA, 0xFECA, 0xFEC9, 0xFEC9, 0xFEA9, 
  
  0xFF0B, 0xFF2B, 0xFF4C, 0xFF4C, 0xFF6D, 0xFF6E, 0xFF8E, 0xFF8F, 
  0xFF8F, 0xFF90, 0xF750, 0xB590, 0x7BF0, 0x7C10, 0x8410, 0x8430, 
  0x8430, 0x8431, 0x8431, 0x8451, 0x8451, 0x8451, 0x8451, 0x8451, 
  0x8C51, 0x8C51, 0x8C71, 0x8C71, 0x8C71, 0x8C71, 0x8C72, 0x8C72, 
  0x8C72, 0x8C72, 0x8C92, 0x8C92, 0x8C92, 0x8C92, 0x8C92, 0x8C92, 
  0x8C92, 0x9492, 0x9492, 0x9492, 0x9492, 0x9492, 0x9492, 0x9492, 
  0x9492, 0x9492, 0x9492, 0x94B2, 0x94B2, 0x94B2, 0x9492, 0x94B2, 
  0x94B2, 0x94B2, 0x94B2, 0x94B2, 0x94B2, 0x94B2, 0x94B2, 0x9492, 
  0x9492, 0x94B2, 0x9492, 0x9492, 0x9492, 0x9492, 0x9492, 0x9492, 
  0x9492, 0x9492, 0x8C92, 0x9492, 0x9492, 0x8C92, 0x8C92, 0x8C92, 
  0x8C92, 0x8C92, 0x8C92, 0x8C72, 0x8C92, 0x8C72, 0x8C71, 0x8C72, 
  0x8C72, 0x8C71, 0x8C71, 0x8C71, 0x8C51, 0x8C51, 0x8C51, 0x8451, 
  0x8451, 0x8451, 0x8451, 0x8451, 0x8431, 0x8431, 0x8431, 0x8430, 
  0x8430, 0x8410, 0x8410, 0x8410, 0x7C10, 0x7C10, 0x7C10, 0x7C10, 
  0x7BF0, 0x7BEF, 0x8430, 0xDE90, 0xFF6F, 0xFF6E, 0xFF6D, 0xFF4C, 
  0xFF4C, 0xFF4B, 0xFF2B, 0xFF2A, 0xFF0A, 0xFF09, 0xFF09, 0xFEC9, 
  
  0xFF2B, 0xFF4C, 0xFF4C, 0xFF6D, 0xFF6E, 0xFF8E, 0xFF8F, 0xFF90, 
  0xFF90, 0xFF90, 0xF751, 0xB5B1, 0x7BF0, 0x7C10, 0x8430, 0x8430, 
  0x8430, 0x8431, 0x8431, 0x8431, 0x8451, 0x8451, 0x8451, 0x8451, 
  0x8C51, 0x8C51, 0x8C71, 0x8C71, 0x8C71, 0x8C72, 0x8C72, 0x8C72, 
  0x8C72, 0x8C72, 0x8C72, 0x8C72, 0x8C92, 0x8C92, 0x8C92, 0x8C92, 
  0x8C92, 0x8C92, 0x8C92, 0x9492, 0x9492, 0x9492, 0x9492, 0x9492, 
  0x9492, 0x9492, 0x9492, 0x9492, 0x9492, 0x9492, 0x94B2, 0x94B2, 
  0x94B2, 0x9492, 0x9492, 0x9492, 0x94B2, 0x94B2, 0x94B2, 0x9492, 
  0x9492, 0x9492, 0x9492, 0x94B2, 0x94B2, 0x9492, 0x9492, 0x9492, 
  0x9492, 0x9492, 0x9492, 0x9492, 0x9492, 0x9492, 0x8C92, 0x8C92, 
  0x8C92, 0x8C92, 0x8C92, 0x8C72, 0x8C72, 0x8C72, 0x8C72, 0x8C72, 
  0x8C72, 0x8C71, 0x8C71, 0x8C71, 0x8C71, 0x8C51, 0x8C51, 0x8451, 
  0x8451, 0x8451, 0x8431, 0x8451, 0x8431, 0x8431, 0x8431, 0x8430, 
  0x8430, 0x8430, 0x8430, 0x8410, 0x7C10, 0x7C10, 0x7C10, 0x7BF0, 
  0x7BF0, 0x7BEF, 0x8430, 0xDED0, 0xFF90, 0xFF8F, 0xFF6E, 0xFF6D, 
  0xFF6C, 0xFF4C, 0xFF2B, 0xFF2B, 0xFF2A, 0xFF0A, 0xFF09, 0xFEE9, 
  
  0xFF4B, 0xFF6C, 0xFF6D, 0xFF8E, 0xFF8E, 0xFF8F, 0xFF90, 0xFFB0, 
  0xFFB1, 0xFFB1, 0xF772, 0xBDF2, 0x7C10, 0x7C10, 0x8410, 0x8430, 
  0x8430, 0x8431, 0x8431, 0x8451, 0x8451, 0x8451, 0x8451, 0x8451, 
  0x8C51, 0x8C51, 0x8C51, 0x8C51, 0x8C71, 0x8C71, 0x8C72, 0x8C72, 
  0x8C72, 0x8C72, 0x8C72, 0x8C72, 0x8C92, 0x8C92, 0x8C92, 0x8C92, 
  0x8C92, 0x8C92, 0x8C92, 0x9492, 0x9492, 0x9492, 0x9492, 0x9492, 
  0x9492, 0x9492, 0x9492, 0x9492, 0x9492, 0x9492, 0x9492, 0x9492, 
  0x9492, 0x9492, 0x9492, 0x9492, 0x9492, 0x9492, 0x94B2, 0x9492, 
  0x9492, 0x9492, 0x9492, 0x9492, 0x9492, 0x9492, 0x8C92, 0x9492, 
  0x9492, 0x9492, 0x9492, 0x9492, 0x8C92, 0x8C92, 0x8C92, 0x8C92, 
  0x8C92, 0x8C92, 0x8C72, 0x8C72, 0x8C72, 0x8C72, 0x8C71, 0x8C71, 
  0x8C71, 0x8C71, 0x8C71, 0x8C51, 0x8C51, 0x8C51, 0x8451, 0x8451, 
  0x8451, 0x8431, 0x8431, 0x8431, 0x8431, 0x8430, 0x8430, 0x8430, 
  0x8430, 0x8410, 0x8410, 0x7C10, 0x7C10, 0x7C10, 0x7BF0, 0x7BF0, 
  0x7BF0, 0x7BF0, 0x8450, 0xE6F1, 0xFF91, 0xFF90, 0xFF8F, 0xFF8E, 
  0xFF6D, 0xFF4C, 0xFF4C, 0xFF4B, 0xFF2A, 0xFF2A, 0xFF09, 0xFEE9, 
  
  0xFF6C, 0xFF6D, 0xFF8D, 0xFF8E, 0xFF8F, 0xFFB0, 0xFFB1, 0xFFB1, 
  0xFFB1, 0xFFB2, 0xFF93, 0xC613, 0x8410, 0x7C10, 0x8410, 0x8430, 
  0x8431, 0x8431, 0x8431, 0x8451, 0x8451, 0x8451, 0x8451, 0x8451, 
  0x8C51, 0x8C51, 0x8C51, 0x8C51, 0x8C71, 0x8C71, 0x8C72, 0x8C72, 
  0x8C72, 0x8C72, 0x8C72, 0x8C72, 0x8C72, 0x8C92, 0x8C92, 0x8C92, 
  0x8C92, 0x9492, 0x9492, 0x9492, 0x9492, 0x9492, 0x9492, 0x9492, 
  0x9492, 0x9492, 0x9492, 0x9492, 0x9492, 0x9492, 0x9492, 0x9492, 
  0x9492, 0x9492, 0x9492, 0x9492, 0x9492, 0x9492, 0x9492, 0x9492, 
  0x9492, 0x9492, 0x9492, 0x9492, 0x9492, 0x9492, 0x9492, 0x9492, 
  0x9492, 0x8C92, 0x8C92, 0x8C92, 0x8C92, 0x8C92, 0x8C92, 0x8C92, 
  0x8C92, 0x8C72, 0x8C72, 0x8C72, 0x8C72, 0x8C72, 0x8C72, 0x8C71, 
  0x8C71, 0x8C71, 0x8C51, 0x8C51, 0x8C51, 0x8C51, 0x8451, 0x8451, 
  0x8451, 0x8431, 0x8431, 0x8431, 0x8431, 0x8431, 0x8430, 0x8430, 
  0x8430, 0x8410, 0x8410, 0x7C10, 0x7C10, 0x7C10, 0x7BF0, 0x7BF0, 
  0x7BF0, 0x7BF0, 0x8C70, 0xEF32, 0xFFB2, 0xFFB1, 0xFF90, 0xFF8F, 
  0xFF8E, 0xFF6D, 0xFF6C, 0xFF4B, 0xFF4B, 0xFF2A, 0xFF2A, 0xFEE9, 
  
  0xFF6C, 0xFF8D, 0xFF8E, 0xFF8F, 0xFFB0, 0xFFB1, 0xFFB2, 0xFFB2, 
  0xFFB2, 0xFFB3, 0xFFB4, 0xCE54, 0x8430, 0x7C10, 0x8430, 0x8430, 
  0x8431, 0x8431, 0x8431, 0x8451, 0x8451, 0x8451, 0x8451, 0x8451, 
  0x8C51, 0x8C51, 0x8C51, 0x8C71, 0x8C71, 0x8C71, 0x8C72, 0x8C72, 
  0x8C72, 0x8C72, 0x8C72, 0x8C72, 0x8C72, 0x8C92, 0x8C92, 0x8C92, 
  0x8C92, 0x8C92, 0x8C92, 0x8C92, 0x9492, 0x9492, 0x9492, 0x9492, 
  0x9492, 0x9492, 0x9492, 0x9492, 0x9492, 0x9492, 0x9492, 0x9492, 
  0x8C92, 0x8C92, 0x9492, 0x9492, 0x9492, 0x9492, 0x9492, 0x9492, 
  0x9492, 0x8C72, 0x8C72, 0x9492, 0x9492, 0x9492, 0x9492, 0x9492, 
  0x9492, 0x8C92, 0x8C92, 0x8C92, 0x8C92, 0x8C92, 0x8C92, 0x8C92, 
  0x8C72, 0x8C72, 0x8C72, 0x8C72, 0x8C72, 0x8C72, 0x8C72, 0x8C71, 
  0x8C71, 0x8C71, 0x8C51, 0x8C51, 0x8C51, 0x8C51, 0x8451, 0x8451, 
  0x8451, 0x8451, 0x8431, 0x8431, 0x8431, 0x8431, 0x8431, 0x8430, 
  0x8410, 0x8410, 0x8410, 0x7C10, 0x7C10, 0x7C10, 0x7C10, 0x7BF0, 
  0x7BF0, 0x7BF0, 0x9491, 0xEF53, 0xFFB3, 0xFFB2, 0xFFB1, 0xFF90, 
  0xFF8F, 0xFF8D, 0xFF6D, 0xFF6C, 0xFF4B, 0xFF4A, 0xFF2A, 0xFF09, 
  
  0xFF6C, 0xFF8D, 0xFF8F, 0xFFB0, 0xFFB1, 0xFFB2, 0xFFB2, 0xFFB2, 
  0xFFB2, 0xFFD3, 0xFFD5, 0xCE74, 0x8450, 0x7C10, 0x8410, 0x8430, 
  0x8431, 0x8431, 0x8431, 0x8431, 0x8451, 0x8451, 0x8451, 0x8451, 
  0x8C51, 0x8C51, 0x8C51, 0x8C51, 0x8C51, 0x8C71, 0x8C71, 0x8C72, 
  0x8C72, 0x8C72, 0x8C72, 0x8C72, 0x8C72, 0x8C92, 0x8C92, 0x8C92, 
  0x8C92, 0x8C92, 0x8C92, 0x8C92, 0x8C92, 0x9492, 0x9492, 0x9492, 
  0x9492, 0x9492, 0x9492, 0x9492, 0x9492, 0x9492, 0x9492, 0x9492, 
  0x8C92, 0x8C92, 0x9492, 0x9492, 0x9492, 0x9492, 0x9492, 0x8C92, 
  0x8C72, 0x9D14, 0x9CF3, 0x8C72, 0x8C92, 0x9492, 0x9492, 0x8C92, 
  0x8C92, 0x8C92, 0x8C92, 0x8C92, 0x8C92, 0x8C92, 0x8C92, 0x8C92, 
  0x8C92, 0x8C72, 0x8C72, 0x8C72, 0x8C72, 0x8C72, 0x8C71, 0x8C71, 
  0x8C71, 0x8C71, 0x8C51, 0x8C51, 0x8C51, 0x8451, 0x8451, 0x8451, 
  0x8451, 0x8431, 0x8431, 0x8431, 0x8431, 0x8431, 0x8431, 0x8430, 
  0x8410, 0x8410, 0x8410, 0x7C10, 0x7C10, 0x7C10, 0x7C10, 0x7BF0, 
  0x7BF0, 0x7BF0, 0x9CD1, 0xF794, 0xFFD3, 0xFFB3, 0xFFB2, 0xFFB0, 
  0xFFAF, 0xFF8E, 0xFF8D, 0xFF6C, 0xFF6B, 0xFF4A, 0xFF4A, 0xFF09, 
  
  0xFF8D, 0xFF8E, 0xFFAF, 0xFFB0, 0xFFB1, 0xFFB2, 0xFFD3, 0xFFD3, 
  0xFFD3, 0xFFD4, 0xFFD6, 0xD695, 0x8C71, 0x7C10, 0x8410, 0x8410, 
  0x8430, 0x8431, 0x8431, 0x8431, 0x8451, 0x8451, 0x8451, 0x8C51, 
  0x8451, 0x8451, 0x8C51, 0x8C71, 0x8C71, 0x8C71, 0x8C71, 0x8C71, 
  0x8C71, 0x8C72, 0x8C72, 0x8C72, 0x8C72, 0x8C72, 0x8C92, 0x8C92, 
  0x8C92, 0x8C92, 0x8C92, 0x8C92, 0x9492, 0x8C92, 0x8C92, 0x8C92, 
  0x8C92, 0x9492, 0x9492, 0x94B2, 0x9492, 0x8C92, 0x8C92, 0x9492, 
  0x9492, 0x9492, 0x8C92, 0x8C92, 0x9492, 0x9492, 0x8C92, 0x8C72, 
  0xBE18, 0xEF7D, 0xBDF7, 0x8C51, 0x8C92, 0x8C92, 0x8C92, 0x8C92, 
  0x8C92, 0x8C92, 0x8C92, 0x8C92, 0x8C92, 0x8C92, 0x8C92, 0x8C92, 
  0x8C72, 0x8C72, 0x8C72, 0x8C72, 0x8C72, 0x8C72, 0x8C71, 0x8C71, 
  0x8C71, 0x8C71, 0x8C51, 0x8C51, 0x8451, 0x8451, 0x8C51, 0x8451, 
  0x8451, 0x8431, 0x8431, 0x8431, 0x8431, 0x8430, 0x8430, 0x8430, 
  0x8410, 0x8410, 0x8410, 0x7C10, 0x7C10, 0x7C10, 0x7BF0, 0x7BF0, 
  0x7BF0, 0x7BF0, 0xA512, 0xF7B4, 0xFFD4, 0xFFD3, 0xFFB2, 0xFFB1, 
  0xFFB0, 0xFF8F, 0xFF8E, 0xFF8D, 0xFF6C, 0xFF4B, 0xFF4A, 0xFF29, 
  
  0xFF8E, 0xFFAF, 0xFFB0, 0xFFB1, 0xFFB2, 0xFFD3, 0xFFD3, 0xFFD3, 
  0xFFD4, 0xFFD6, 0xFFD7, 0xD6B5, 0x8C71, 0x7C10, 0x8410, 0x8430, 
  0x8430, 0x8431, 0x8431, 0x8431, 0x8451, 0x8451, 0x8451, 0x8451, 
  0x8451, 0x8C51, 0x8C51, 0x8C51, 0x8C71, 0x8C71, 0x8C71, 0x8C71, 
  0x8C72, 0x8C72, 0x8C72, 0x8C72, 0x8C72, 0x8C72, 0x8C72, 0x8C72, 
  0x8C92, 0x8C92, 0x8C92, 0x8C92, 0x8C92, 0x8C92, 0x8C92, 0x8C92, 
  0x8C92, 0x9492, 0x9492, 0x9492, 0x9492, 0x8C92, 0x8C92, 0x8C92, 
  0x8C92, 0x8C92, 0x8C92, 0x8C92, 0x8C92, 0x8C92, 0x8C51, 0xB596, 
  0xF79E, 0xEF7D, 0xA534, 0x8C71, 0x8C92, 0x8C92, 0x8C92, 0x8C92, 
  0x8C92, 0x8C92, 0x8C92, 0x8C92, 0x8C92, 0x8C92, 0x8C92, 0x8C72, 
  0x8C72, 0x8C72, 0x8C72, 0x8C72, 0x8C72, 0x8C72, 0x8C72, 0x8C71, 
  0x8C71, 0x8C71, 0x8C51, 0x8C51, 0x8C51, 0x8451, 0x8451, 0x8451, 
  0x8431, 0x8431, 0x8431, 0x8431, 0x8431, 0x8430, 0x8430, 0x8430, 
  0x8410, 0x8410, 0x8410, 0x7C10, 0x7C10, 0x7C10, 0x7C10, 0x7BF0, 
  0x7BF0, 0x7BF0, 0xA552, 0xF7B5, 0xFFD5, 0xFFD4, 0xFFD3, 0xFFB2, 
  0xFFB1, 0xFFB0, 0xFF8F, 0xFF8D, 0xFF6C, 0xFF6B, 0xFF4A, 0xFF4A, 
  
  0xFFAF, 0xFFB0, 0xFFB1, 0xFFD2, 0xFFD3, 0xFFD4, 0xFFD4, 0xFFD4, 
  0xFFD5, 0xFFD7, 0xFFD8, 0xDED6, 0x9491, 0x7C10, 0x8410, 0x8430, 
  0x8430, 0x8431, 0x8431, 0x8431, 0x8451, 0x8451, 0x8451, 0x8451, 
  0x8451, 0x8C51, 0x8C51, 0x8C51, 0x8C71, 0x8C51, 0x8C71, 0x8C71, 
  0x8C71, 0x8C72, 0x8C72, 0x8C72, 0x8C72, 0x8C92, 0x8C72, 0x8C92, 
  0x8C92, 0x8C92, 0x8C92, 0x8C92, 0x8C92, 0x8C92, 0x8C92, 0x9492, 
  0x9492, 0x9492, 0x9492, 0x9492, 0x8C92, 0x8C92, 0x8C92, 0x8C92, 
  0x8C92, 0x8C92, 0x8C72, 0x8C72, 0x94B2, 0x8C92, 0x8C71, 0xC638, 
  0xE71C, 0xBDD7, 0x9492, 0x8C92, 0x8C71, 0x8C92, 0x8C92, 0x8C92, 
  0x8C92, 0x8C92, 0x8C92, 0x8C92, 0x8C92, 0x8C92, 0x8C72, 0x8C92, 
  0x8C72, 0x8C72, 0x8C72, 0x8C72, 0x8C72, 0x8C72, 0x8C71, 0x8C72, 
  0x8C71, 0x8C51, 0x8C51, 0x8C51, 0x8C51, 0x8451, 0x8451, 0x8451, 
  0x8451, 0x8451, 0x8431, 0x8431, 0x8431, 0x8431, 0x8430, 0x8410, 
  0x8430, 0x8410, 0x8410, 0x8410, 0x7C10, 0x7C10, 0x7C10, 0x7C10, 
  0x7BF0, 0x7BF0, 0xAD73, 0xF7B6, 0xFFD6, 0xFFD5, 0xFFD4, 0xFFD3, 
  0xFFD2, 0xFFB1, 0xFFAF, 0xFF8E, 0xFF8D, 0xFF6C, 0xFF6B, 0xFF6A, 
  
  0xFFB0, 0xFFB1, 0xFFD2, 0xFFD3, 0xFFD4, 0xFFD4, 0xFFD4, 0xFFD5, 
  0xFFD7, 0xFFD8, 0xFFD9, 0xDED7, 0x94B1, 0x7BF0, 0x7C10, 0x8430, 
  0x8430, 0x8431, 0x8431, 0x8431, 0x8431, 0x8451, 0x8451, 0x8451, 
  0x8451, 0x8451, 0x8C51, 0x8C51, 0x8C51, 0x8C51, 0x8C71, 0x8C71, 
  0x8C71, 0x8C72, 0x8C72, 0x8C72, 0x8C72, 0x8C72, 0x8C72, 0x8C92, 
  0x8C92, 0x8C92, 0x8C92, 0x8C92, 0x8C92, 0x8C92, 0x8C92, 0x9492, 
  0x8C92, 0x9492, 0x9492, 0x9492, 0x9492, 0x8C92, 0x8C92, 0x8C92, 
  0x8C92, 0x8C71, 0x9CD3, 0xBDF8, 0xD69A, 0xCE59, 0xB5B6, 0xBDF8, 
  0xCE7A, 0xCE9A, 0xD6BA, 0xC638, 0xA534, 0x8C72, 0x8C72, 0x8C92, 
  0x8C72, 0x8C92, 0x8C92, 0x8C92, 0x8C92, 0x8C92, 0x8C92, 0x8C92, 
  0x8C92, 0x8C72, 0x8C72, 0x8C72, 0x8C72, 0x8C71, 0x8C71, 0x8C71, 
  0x8C71, 0x8C71, 0x8C51, 0x8C51, 0x8C51, 0x8451, 0x8451, 0x8451, 
  0x8451, 0x8451, 0x8431, 0x8431, 0x8431, 0x8431, 0x8430, 0x8410, 
  0x8430, 0x8410, 0x8410, 0x7C10, 0x7C10, 0x7C10, 0x7C10, 0x7C10, 
  0x7BF0, 0x7C10, 0xB593, 0xF7B7, 0xFFD7, 0xFFD6, 0xFFD5, 0xFFD4, 
  0xFFD3, 0xFFD2, 0xFFB1, 0xFFAF, 0xFF8E, 0xFF8D, 0xFF6C, 0xFF6A, 
  
  0xFFB1, 0xFFD2, 0xFFD3, 0xFFD4, 0xFFD5, 0xFFD5, 0xFFD5, 0xFFD6, 
  0xFFD8, 0xFFD9, 0xFFD9, 0xE717, 0x9CD2, 0x7C10, 0x7C10, 0x8430, 
  0x8430, 0x8431, 0x8431, 0x8431, 0x8431, 0x8451, 0x8451, 0x8451, 
  0x8451, 0x8C51, 0x8C51, 0x8C51, 0x8C51, 0x8C71, 0x8C71, 0x8C71, 
  0x8C71, 0x8C71, 0x8C72, 0x8C72, 0x8C72, 0x8C72, 0x8C72, 0x8C72, 
  0x8C72, 0x8C92, 0x8C92, 0x8C92, 0x8C92, 0x9492, 0x8C92, 0x8C92, 
  0x8C92, 0x8C92, 0x9492, 0x8C92, 0x8C92, 0x8C92, 0x8C92, 0x8C92, 
  0x8C71, 0x9CD3, 0xD6BA, 0xFFDF, 0xFFFF, 0xFFFF, 0xF79E, 0xEF5D, 
  0xF79E, 0xFFFF, 0xFFFF, 0xFFDF, 0xD6BA, 0x94D3, 0x8C71, 0x8C72, 
  0x8C72, 0x8C92, 0x8C92, 0x8C92, 0x8C92, 0x8C92, 0x8C72, 0x8C72, 
  0x8C92, 0x8C72, 0x8C72, 0x8C72, 0x8C72, 0x8C71, 0x8C71, 0x8C71, 
  0x8C71, 0x8C51, 0x8C51, 0x8451, 0x8C51, 0x8451, 0x8451, 0x8451, 
  0x8451, 0x8431, 0x8431, 0x8431, 0x8431, 0x8430, 0x8430, 0x8430, 
  0x8410, 0x8410, 0x8410, 0x8410, 0x7C10, 0x7C10, 0x7C10, 0x7BF0, 
  0x7BF0, 0x7C10, 0xBDD4, 0xFFB8, 0xFFD7, 0xFFD7, 0xFFD6, 0xFFD5, 
  0xFFD4, 0xFFD3, 0xFFB2, 0xFFB0, 0xFFAF, 0xFF8D, 0xFF8C, 0xFF6B, 
  
  0xFFD2, 0xFFD3, 0xFFD4, 0xFFD5, 0xFFD5, 0xFFD5, 0xFFD6, 0xFFD7, 
  0xFFD9, 0xFFD9, 0xFFDA, 0xE738, 0x9D13, 0x7BF0, 0x7C10, 0x8410, 
  0x8430, 0x8431, 0x8431, 0x8431, 0x8431, 0x8431, 0x8451, 0x8451, 
  0x8451, 0x8C51, 0x8C51, 0x8451, 0x8C51, 0x8C71, 0x8C71, 0x8C71, 
  0x8C71, 0x8C71, 0x8C71, 0x8C72, 0x8C72, 0x8C72, 0x8C72, 0x8C72, 
  0x8C92, 0x8C92, 0x8C92, 0x8C92, 0x8C92, 0x8C92, 0x8C92, 0x8C92, 
  0x8C92, 0x8C92, 0x8C92, 0x8C92, 0x8C92, 0x8C92, 0x8C92, 0x8C72, 
  0x8C72, 0xC659, 0xFFDF, 0xFFFF, 0xFFFF, 0xFFFF, 0xFFFF, 0xFFFF, 
  0xFFFF, 0xFFFF, 0xFFFF, 0xF7BE, 0xBE18, 0x9492, 0x8C72, 0x8C72, 
  0x8C72, 0x8C72, 0x8C92, 0x8C92, 0x8C72, 0x8C72, 0x8C72, 0x8C72, 
  0x8C72, 0x8C72, 0x8C72, 0x8C72, 0x8C72, 0x8C72, 0x8C71, 0x8C71, 
  0x8C71, 0x8C51, 0x8451, 0x8451, 0x8451, 0x8451, 0x8451, 0x8451, 
  0x8451, 0x8431, 0x8431, 0x8431, 0x8431, 0x8430, 0x8430, 0x8430, 
  0x8410, 0x8410, 0x7C10, 0x7C10, 0x7C10, 0x7C10, 0x7C10, 0x7BF0, 
  0x7BF0, 0x7C10, 0xC615, 0xFFD9, 0xFFD8, 0xFFD7, 0xFFD7, 0xFFD6, 
  0xFFD5, 0xFFD4, 0xFFD2, 0xFFB1, 0xFFB0, 0xFF8E, 0xFF8D, 0xFF6C, 
  
  0xFFD2, 0xFFD4, 0xFFD5, 0xFFD5, 0xFFD6, 0xFFD6, 0xFFD7, 0xFFD8, 
  0xFFD9, 0xFFDA, 0xFFDA, 0xEF59, 0xA513, 0x7BF0, 0x7C10, 0x8410, 
  0x8430, 0x8431, 0x8431, 0x8431, 0x8431, 0x8431, 0x8451, 0x8451, 
  0x8451, 0x8451, 0x8451, 0x8451, 0x8C51, 0x8C71, 0x8C71, 0x8C71, 
  0x8C71, 0x8C71, 0x8C71, 0x8C71, 0x8C72, 0x8C92, 0x8C72, 0x8C72, 
  0x8C92, 0x8C92, 0x8C92, 0x8C92, 0x8C92, 0x8C92, 0x8C92, 0x8C92, 
  0x8C92, 0x8C92, 0x8C92, 0x9492, 0x9492, 0x8C92, 0x8C72, 0x8C71, 
  0x94D3, 0xEF5D, 0xFFFF, 0xFFFF, 0xFFFF, 0xFFFF, 0xFFFF, 0xFFFF, 
  0xFFFF, 0xFFFF, 0xFFFF, 0xDEFB, 0x94B2, 0x8C71, 0x8C72, 0x8C72, 
  0x8C72, 0x8C72, 0x8C92, 0x8C72, 0x8C72, 0x8C72, 0x8C72, 0x8C72, 
  0x8C72, 0x8C72, 0x8C72, 0x8C71, 0x8C71, 0x8C71, 0x8C71, 0x8C51, 
  0x8C51, 0x8C51, 0x8C51, 0x8451, 0x8451, 0x8451, 0x8431, 0x8451, 
  0x8431, 0x8431, 0x8431, 0x8431, 0x8431, 0x8431, 0x8430, 0x8430, 
  0x8410, 0x8410, 0x7C10, 0x7C10, 0x7C10, 0x7C10, 0x7C10, 0x7BF0, 
  0x7BEF, 0x7C10, 0xC636, 0xFFD9, 0xFFD9, 0xFFD8, 0xFFD7, 0xFFD7, 
  0xFFD6, 0xFFD4, 0xFFD3, 0xFFD2, 0xFFB0, 0xFFAF, 0xFF8D, 0xFF8C, 
  
  0xFFD3, 0xFFD4, 0xFFD5, 0xFFD6, 0xFFD6, 0xFFD7, 0xFFD8, 0xFFD9, 
  0xFFDA, 0xFFDA, 0xFFFA, 0xEF59, 0xA533, 0x7BF0, 0x7C10, 0x8410, 
  0x8430, 0x8431, 0x8431, 0x8431, 0x8431, 0x8431, 0x8451, 0x8451, 
  0x8451, 0x8451, 0x8451, 0x8C51, 0x8C51, 0x8C51, 0x8C51, 0x8C51, 
  0x8C71, 0x8C71, 0x8C71, 0x8C71, 0x8C72, 0x8C72, 0x8C72, 0x8C72, 
  0x8C72, 0x8C92, 0x8C92, 0x8C92, 0x8C92, 0x8C92, 0x8C92, 0x8C92, 
  0x8C92, 0x8C92, 0x8C92, 0x9492, 0x8C92, 0x8C92, 0x8C72, 0x8C51, 
  0x9CF4, 0xF79E, 0xFFFF, 0xFFFF, 0xFFFF, 0xFFFF, 0xFFFF, 0xFFFF, 
  0xFFFF, 0xFFFF, 0xFFDF, 0xCE59, 0x8451, 0x8C72, 0x8C72, 0x8C72, 
  0x8C72, 0x8C72, 0x8C92, 0x8C72, 0x8C72, 0x8C72, 0x8C72, 0x8C72, 
  0x8C72, 0x8C72, 0x8C72, 0x8C71, 0x8C71, 0x8C71, 0x8C71, 0x8C51, 
  0x8C51, 0x8C51, 0x8C51, 0x8C51, 0x8451, 0x8451, 0x8451, 0x8431, 
  0x8431, 0x8431, 0x8431, 0x8431, 0x8431, 0x8430, 0x8410, 0x8430, 
  0x8410, 0x8410, 0x7C10, 0x7C10, 0x7C10, 0x7C10, 0x7BF0, 0x7BF0, 
  0x7BEF, 0x7C10, 0xCE76, 0xFFD9, 0xFFD9, 0xFFD9, 0xFFD8, 0xFFD7, 
  0xFFD6, 0xFFD5, 0xFFD4, 0xFFD2, 0xFFB1, 0xFFAF, 0xFFAE, 0xFF8C, 
  
  0xFFD4, 0xFFD5, 0xFFD6, 0xFFD7, 0xFFD7, 0xFFD7, 0xFFD9, 0xFFDA, 
  0xFFFA, 0xFFFA, 0xFFFB, 0xEF7A, 0xA554, 0x7BF0, 0x7C10, 0x8410, 
  0x8430, 0x8431, 0x8431, 0x8431, 0x8431, 0x8431, 0x8451, 0x8451, 
  0x8451, 0x8451, 0x8C51, 0x8C51, 0x8C51, 0x8C71, 0x8C71, 0x8C71, 
  0x8C71, 0x8C71, 0x8C71, 0x8C71, 0x8C72, 0x8C72, 0x8C72, 0x8C72, 
  0x8C72, 0x8C92, 0x8C72, 0x8C72, 0x8C92, 0x8C92, 0x8C92, 0x8C92, 
  0x8C92, 0x8C92, 0x8C92, 0x8C92, 0x8C92, 0x8C92, 0x8C92, 0x8C71, 
  0x9CF3, 0xEF7D, 0xFFFF, 0xFFFF, 0xFFFF, 0xFFFF, 0xFFFF, 0xFFFF, 
  0xFFFF, 0xFFFF, 0xFFDF, 0xD6BA, 0x8C51, 0x8C51, 0x8C72, 0x8C72, 
  0x8C72, 0x8C72, 0x8C92, 0x8C72, 0x8C72, 0x8C72, 0x8C72, 0x8C72, 
  0x8C72, 0x8C72, 0x8C72, 0x8C71, 0x8C71, 0x8C71, 0x8C71, 0x8C51, 
  0x8C51, 0x8C51, 0x8C51, 0x8451, 0x8451, 0x8451, 0x8451, 0x8431, 
  0x8431, 0x8431, 0x8431, 0x8431, 0x8430, 0x8430, 0x8430, 0x8430, 
  0x8410, 0x8410, 0x7C10, 0x7C10, 0x7C10, 0x7BF0, 0x7BF0, 0x7BF0, 
  0x7BEF, 0x8410, 0xD697, 0xFFDA, 0xFFFA, 0xFFD9, 0xFFD8, 0xFFD8, 
  0xFFD7, 0xFFD6, 0xFFD4, 0xFFD3, 0xFFD1, 0xFFB0, 0xFFAE, 0xFF8D, 
  
  0xFFD5, 0xFFD6, 0xFFD7, 0xFFD7, 0xFFD7, 0xFFD8, 0xFFDA, 0xFFDA, 
  0xFFFA, 0xFFFB, 0xFFFB, 0xEF7A, 0xAD54, 0x7BF0, 0x7C10, 0x8410, 
  0x8430, 0x8430, 0x8431, 0x8431, 0x8431, 0x8431, 0x8431, 0x8451, 
  0x8451, 0x8451, 0x8451, 0x8C51, 0x8C51, 0x8C51, 0x8C71, 0x8C71, 
  0x8C71, 0x8C71, 0x8C71, 0x8C71, 0x8C71, 0x8C72, 0x8C72, 0x8C72, 
  0x8C72, 0x8C72, 0x8C72, 0x8C92, 0x8C92, 0x8C92, 0x8C92, 0x8C92, 
  0x8C92, 0x8C92, 0x8C92, 0x8C92, 0x8C92, 0x8C92, 0x8C72, 0x8C71, 
  0x94B2, 0xE71C, 0xFFFF, 0xFFFF, 0xFFFF, 0xFFFF, 0xFFFF, 0xFFFF, 
  0xFFFF, 0xFFFF, 0xFFFF, 0xEF7E, 0xAD76, 0x8451, 0x8C71, 0x8C72, 
  0x8C72, 0x8C72, 0x8C72, 0x8C72, 0x8C72, 0x8C72, 0x8C72, 0x8C72, 
  0x8C72, 0x8C72, 0x8C71, 0x8C71, 0x8C71, 0x8C71, 0x8C71, 0x8C51, 
  0x8C51, 0x8C51, 0x8451, 0x8451, 0x8451, 0x8451, 0x8451, 0x8431, 
  0x8431, 0x8431, 0x8431, 0x8430, 0x8430, 0x8430, 0x8430, 0x8410, 
  0x8430, 0x8410, 0x7C10, 0x7C10, 0x7C10, 0x7C10, 0x7C10, 0x7BF0, 
  0x7BF0, 0x8431, 0xDED8, 0xFFDA, 0xFFFA, 0xFFD9, 0xFFD9, 0xFFD8, 
  0xFFD7, 0xFFD6, 0xFFD5, 0xFFD3, 0xFFD2, 0xFFB0, 0xFFAF, 0xFFAD, 
  
  0xFFD5, 0xFFD6, 0xFFD7, 0xFFD7, 0xFFD8, 0xFFD9, 0xFFDA, 0xFFFA, 
  0xFFFB, 0xFFFB, 0xF7BB, 0xC639, 0x8453, 0x7BF0, 0x7C10, 0x8410, 
  0x8430, 0x8430, 0x8431, 0x8431, 0x8431, 0x8431, 0x8431, 0x8451, 
  0x8451, 0x8451, 0x8C51, 0x8451, 0x8C51, 0x8C51, 0x8C51, 0x8C71, 
  0x8C71, 0x8C71, 0x8C71, 0x8C71, 0x8C71, 0x8C72, 0x8C72, 0x8C72, 
  0x8C72, 0x8C92, 0x8C92, 0x8C92, 0x8C92, 0x8C92, 0x8C92, 0x8C92, 
  0x8C92, 0x8C92, 0x8C92, 0x8C92, 0x8C92, 0x8C72, 0x8C72, 0x8C72, 
  0x8C71, 0xC639, 0xFFDF, 0xFFFF, 0xFFFF, 0xFFFF, 0xFFFF, 0xFFFF, 
  0xFFFF, 0xFFFF, 0xFFFF, 0xFFFF, 0xEF5D, 0xAD55, 0x8451, 0x8C72, 
  0x8C72, 0x8C72, 0x8C72, 0x8C72, 0x8C72, 0x8C72, 0x8C72, 0x8C72, 
  0x8C72, 0x8C72, 0x8C71, 0x8C71, 0x8C71, 0x8C71, 0x8C51, 0x8C51, 
  0x8C51, 0x8C51, 0x8451, 0x8451, 0x8451, 0x8451, 0x8451, 0x8451, 
  0x8431, 0x8431, 0x8431, 0x8431, 0x8430, 0x8430, 0x8430, 0x8410, 
  0x8410, 0x8410, 0x7C10, 0x7C10, 0x7C10, 0x7C10, 0x7BF0, 0x7BF0, 
  0x7BEF, 0x8450, 0xDED8, 0xFFDA, 0xFFFA, 0xFFDA, 0xFFD9, 0xFFD8, 
  0xFFD8, 0xFFD6, 0xFFD5, 0xFFD4, 0xFFD2, 0xFFB1, 0xFFAF, 0xFFAD, 
  
  0xFFD6, 0xFFD7, 0xFFD7, 0xFFD8, 0xFFD8, 0xFFD9, 0xFFDA, 0xFFFB, 
  0xFFFB, 0xF7BB, 0xBE19, 0x5B36, 0x5AF2, 0x7BF0, 0x7C10, 0x8410, 
  0x8430, 0x8430, 0x8431, 0x8431, 0x8431, 0x8431, 0x8431, 0x8451, 
  0x8451, 0x8451, 0x8451, 0x8451, 0x8C51, 0x8C51, 0x8C51, 0x8C71, 
  0x8C71, 0x8C71, 0x8C71, 0x8C71, 0x8C71, 0x8C72, 0x8C72, 0x8C72, 
  0x8C72, 0x8C72, 0x8C72, 0x8C72, 0x8C92, 0x8C92, 0x8C92, 0x8C92, 
  0x8C92, 0x8C92, 0x8C92, 0x8C92, 0x8C92, 0x8C72, 0x8C72, 0x8C72, 
  0x8C71, 0xA535, 0xEF7D, 0xFFFF, 0xFFFF, 0xFFFF, 0xFFFF, 0xFFFF, 
  0xFFFF, 0xFFFF, 0xFFFF, 0xFFFF, 0xEF7D, 0xB596, 0x8451, 0x8C71, 
  0x8C72, 0x8C72, 0x8C72, 0x8C72, 0x8C72, 0x8C72, 0x8C72, 0x8C72, 
  0x8C72, 0x8C71, 0x8C71, 0x8C71, 0x8C51, 0x8C51, 0x8C51, 0x8C51, 
  0x8C51, 0x8C51, 0x8451, 0x8451, 0x8451, 0x8451, 0x8451, 0x8431, 
  0x8431, 0x8431, 0x8431, 0x8431, 0x8430, 0x8430, 0x8410, 0x8410, 
  0x8410, 0x7C10, 0x7C10, 0x7C10, 0x7C10, 0x7BF0, 0x7BF0, 0x7BF0, 
  0x7BEF, 0x7C10, 0xA557, 0xEF7A, 0xFFDA, 0xFFDA, 0xFFD9, 0xFFD9, 
  0xFFD8, 0xFFD7, 0xFFD5, 0xFFD4, 0xFFD3, 0xFFB1, 0xFFAF, 0xFFAD, 
  
  0xFFD6, 0xFFD7, 0xFFD8, 0xFFD8, 0xFFD9, 0xFFDA, 0xFFFB, 0xFFFB, 
  0xF7BB, 0xC639, 0x5B36, 0x29B5, 0x52D3, 0x7BF0, 0x7C10, 0x7C10, 
  0x8430, 0x8430, 0x8430, 0x8430, 0x8431, 0x8431, 0x8431, 0x8431, 
  0x8451, 0x8451, 0x8451, 0x8451, 0x8451, 0x8C51, 0x8C71, 0x8C71, 
  0x8C71, 0x8C71, 0x8C71, 0x8C72, 0x8C72, 0x8C72, 0x8C72, 0x8C72, 
  0x8C72, 0x8C72, 0x8C72, 0x8C72, 0x8C92, 0x8C92, 0x8C92, 0x8C92, 
  0x8C72, 0x8C92, 0x8C92, 0x8C92, 0x8C92, 0x8C72, 0x8C72, 0x8C72, 
  0x8C71, 0x8C72, 0xC618, 0xFFDF, 0xFFFF, 0xFFFF, 0xFFFF, 0xFFFF, 
  0xFFFF, 0xFFFF, 0xFFFF, 0xFFDF, 0xD69A, 0x94B2, 0x8C51, 0x8C71, 
  0x8C71, 0x8C72, 0x8C72, 0x8C72, 0x8C72, 0x8C72, 0x8C72, 0x8C72, 
  0x8C72, 0x8C71, 0x8C71, 0x8C71, 0x8C51, 0x8C51, 0x8C51, 0x8C51, 
  0x8C51, 0x8C51, 0x8451, 0x8451, 0x8451, 0x8451, 0x8451, 0x8431, 
  0x8431, 0x8431, 0x8431, 0x8431, 0x8430, 0x8430, 0x8410, 0x7C10, 
  0x7C10, 0x7C10, 0x7C10, 0x7C10, 0x7C10, 0x7C10, 0x7BF0, 0x7BF0, 
  0x7BEF, 0x73B1, 0x4A94, 0xA558, 0xF77A, 0xFFDA, 0xFFD9, 0xFFD9, 
  0xFFD8, 0xFFD7, 0xFFD5, 0xFFD4, 0xFFD3, 0xFFB1, 0xFFAF, 0xFFAD, 
  
  0xFFD7, 0xFFD7, 0xFFD8, 0xFFD9, 0xFFD9, 0xFFDA, 0xFFFB, 0xFFDB, 
  0xD69A, 0x6336, 0x2995, 0x2996, 0x4AB4, 0x73D0, 0x7C10, 0x8410, 
  0x8410, 0x8430, 0x8430, 0x8431, 0x8431, 0x8431, 0x8431, 0x8451, 
  0x8451, 0x8451, 0x8451, 0x8451, 0x8C51, 0x8C51, 0x8C51, 0x8C51, 
  0x8C51, 0x8C51, 0x8C71, 0x8C71, 0x8C71, 0x8C72, 0x8C72, 0x8C72, 
  0x8C72, 0x8C72, 0x8C72, 0x8C72, 0x8C72, 0x8C92, 0x8C92, 0x8C72, 
  0x8C92, 0x8C92, 0x8C92, 0x8C92, 0x8C72, 0x8C72, 0x8C72, 0x8C71, 
  0x8C71, 0x8C51, 0x94B3, 0xD69A, 0xF79E, 0xF7BE, 0xEF7D, 0xE73C, 
  0xEF5D, 0xF7BE, 0xF7BE, 0xD6BB, 0x9CF4, 0x8451, 0x8C71, 0x8C71, 
  0x8C71, 0x8C72, 0x8C72, 0x8C72, 0x8C72, 0x8C72, 0x8C72, 0x8C72, 
  0x8C71, 0x8C72, 0x8C71, 0x8C71, 0x8C71, 0x8C51, 0x8C71, 0x8C51, 
  0x8C51, 0x8C51, 0x8451, 0x8451, 0x8451, 0x8451, 0x8431, 0x8431, 
  0x8431, 0x8431, 0x8431, 0x8431, 0x8430, 0x8430, 0x8410, 0x8410, 
  0x8410, 0x7C10, 0x7C10, 0x7C10, 0x7C10, 0x7BF0, 0x7BF0, 0x7BF0, 
  0x7BEF, 0x6B91, 0x29D4, 0x4254, 0xAD77, 0xF7BA, 0xFFDA, 0xFFD9, 
  0xFFD8, 0xFFD7, 0xFFD6, 0xFFD4, 0xFFD2, 0xFFD0, 0xFFAF, 0xFFAD, 
  
  0xFFD7, 0xFFD8, 0xFFD8, 0xFFD9, 0xFFD9, 0xFFDB, 0xFFDB, 0xEF5A, 
  0x73F6, 0x29B5, 0x2996, 0x29B7, 0x4AB4, 0x73D0, 0x7C10, 0x7C10, 
  0x8410, 0x8430, 0x8430, 0x8430, 0x8431, 0x8431, 0x8451, 0x8431, 
  0x8431, 0x8451, 0x8451, 0x8451, 0x8C51, 0x8C51, 0x8C51, 0x8C51, 
  0x8C51, 0x8C51, 0x8C71, 0x8C71, 0x8C71, 0x8C71, 0x8C71, 0x8C71, 
  0x8C72, 0x8C72, 0x8C72, 0x8C72, 0x8C72, 0x8C72, 0x8C72, 0x8C72, 
  0x8C72, 0x8C92, 0x8C92, 0x8C92, 0x8C72, 0x8C72, 0x8C72, 0x8C72, 
  0x8C72, 0x8C71, 0x8C51, 0x9CD3, 0xBDD7, 0xBDF7, 0xAD75, 0xA514, 
  0xAD55, 0xBDD7, 0xBDD7, 0x9CF4, 0x8C51, 0x8C71, 0x8C71, 0x8C71, 
  0x8C71, 0x8C71, 0x8C72, 0x8C72, 0x8C72, 0x8C72, 0x8C72, 0x8C72, 
  0x8C72, 0x8C71, 0x8C71, 0x8C71, 0x8C71, 0x8C71, 0x8C51, 0x8C51, 
  0x8C51, 0x8451, 0x8451, 0x8451, 0x8451, 0x8451, 0x8431, 0x8431, 
  0x8431, 0x8431, 0x8431, 0x8431, 0x8430, 0x8430, 0x8410, 0x8410, 
  0x8410, 0x7C10, 0x7C10, 0x7C10, 0x7C10, 0x7BF0, 0x7BF0, 0x7BF0, 
  0x7BEF, 0x6B71, 0x29B5, 0x2195, 0x4AB4, 0xC638, 0xFFDA, 0xFFD9, 
  0xFFD8, 0xFFD7, 0xFFD5, 0xFFD4, 0xFFD2, 0xFFD0, 0xFFAE, 0xFFAC, 
  
  0xFFD7, 0xFFD8, 0xFFD8, 0xFFD9, 0xFFDA, 0xFFDB, 0xF7BB, 0xA538, 
  0x31F5, 0x2996, 0x2997, 0x29B8, 0x4A95, 0x73D0, 0x7C10, 0x7C10, 
  0x8410, 0x8430, 0x8430, 0x8430, 0x8431, 0x8431, 0x8431, 0x8431, 
  0x8431, 0x8451, 0x8451, 0x8451, 0x8C51, 0x8C51, 0x8C51, 0x8C51, 
  0x8C51, 0x8C51, 0x8C71, 0x8C71, 0x8C71, 0x8C71, 0x8C72, 0x8C71, 
  0x8C72, 0x8C72, 0x8C72, 0x8C72, 0x8C72, 0x8C72, 0x8C72, 0x8C72, 
  0x8C72, 0x8C72, 0x8C92, 0x8C72, 0x8C72, 0x8C72, 0x8C72, 0x8C72, 
  0x8C72, 0x8C71, 0x8C71, 0x8C71, 0x8C72, 0x8C72, 0x8C51, 0x8451, 
  0x8C51, 0x8C72, 0x8C72, 0x8C51, 0x8C51, 0x8C71, 0x8C71, 0x8C71, 
  0x8C71, 0x8C71, 0x8C72, 0x8C72, 0x8C72, 0x8C72, 0x8C72, 0x8C71, 
  0x8C71, 0x8C71, 0x8C71, 0x8C51, 0x8C51, 0x8C51, 0x8C51, 0x8C51, 
  0x8C51, 0x8451, 0x8451, 0x8451, 0x8451, 0x8431, 0x8431, 0x8431, 
  0x8431, 0x8431, 0x8431, 0x8431, 0x8430, 0x8430, 0x8410, 0x8410, 
  0x8410, 0x7C10, 0x7C10, 0x7C10, 0x7C10, 0x7BF0, 0x7BF0, 0x7BF0, 
  0x7BEF, 0x6372, 0x29B6, 0x2175, 0x2994, 0x73B5, 0xE739, 0xFFD9, 
  0xFFD8, 0xFFD7, 0xFFD5, 0xFFD4, 0xFFD2, 0xFFD0, 0xFFAE, 0xFFAC, 
  
  0xFFD7, 0xFFD8, 0xFFD8, 0xFFD9, 0xFFDA, 0xFFDB, 0xCE79, 0x4AB5, 
  0x2995, 0x29B6, 0x29B7, 0x29B8, 0x4A96, 0x73D1, 0x7C10, 0x7C10, 
  0x8410, 0x8430, 0x8430, 0x8430, 0x8431, 0x8431, 0x8431, 0x8431, 
  0x8451, 0x8451, 0x8451, 0x8451, 0x8451, 0x8451, 0x8C51, 0x8C51, 
  0x8C51, 0x8C51, 0x8C51, 0x8C51, 0x8C71, 0x8C71, 0x8C71, 0x8C72, 
  0x8C72, 0x8C71, 0x8C72, 0x8C72, 0x8C72, 0x8C72, 0x8C72, 0x8C72, 
  0x8C92, 0x8C92, 0x8C72, 0x8C72, 0x8C72, 0x8C72, 0x8C72, 0x8C72, 
  0x8C72, 0x8C72, 0x8C71, 0x8C71, 0x8C51, 0x8C51, 0x8C71, 0x8C71, 
  0x8C71, 0x8C51, 0x8C51, 0x8C71, 0x8C71, 0x8C71, 0x8C71, 0x8C71, 
  0x8C71, 0x8C72, 0x8C72, 0x8C71, 0x8C72, 0x8C71, 0x8C71, 0x8C71, 
  0x8C71, 0x8C71, 0x8C71, 0x8C51, 0x8C51, 0x8C51, 0x8C51, 0x8C51, 
  0x8451, 0x8451, 0x8451, 0x8451, 0x8431, 0x8451, 0x8431, 0x8431, 
  0x8431, 0x8431, 0x8431, 0x8431, 0x8430, 0x8430, 0x8430, 0x8410, 
  0x8410, 0x8410, 0x7C10, 0x7C10, 0x7C10, 0x7C10, 0x7BF0, 0x7BF0, 
  0x7C0F, 0x6352, 0x29B6, 0x2176, 0x2174, 0x3A14, 0xA536, 0xF7B9, 
  0xFFD8, 0xFFD7, 0xFFD5, 0xFFD3, 0xFFD2, 0xFFD0, 0xFFAE, 0xFF8B, 
  
  0xFFD7, 0xFFD8, 0xFFD9, 0xFFD9, 0xFFDA, 0xF79A, 0x7BF6, 0x29B4, 
  0x2996, 0x29B7, 0x29B8, 0x29D9, 0x4A97, 0x73D1, 0x7C10, 0x7C10, 
  0x8410, 0x8430, 0x8430, 0x8430, 0x8431, 0x8431, 0x8431, 0x8431, 
  0x8451, 0x8451, 0x8451, 0x8451, 0x8451, 0x8451, 0x8C51, 0x8C71, 
  0x8C51, 0x8C71, 0x8C71, 0x8C71, 0x8C71, 0x8C71, 0x8C71, 0x8C72, 
  0x8C71, 0x8C71, 0x8C72, 0x8C72, 0x8C72, 0x8C72, 0x8C72, 0x8C72, 
  0x8C72, 0x8C72, 0x8C72, 0x8C72, 0x8C72, 0x8C72, 0x8C72, 0x8C72, 
  0x8C72, 0x8C72, 0x8C71, 0x8C71, 0x8C71, 0x8C71, 0x8C71, 0x8C71, 
  0x8C71, 0x8C71, 0x8C71, 0x8C71, 0x8C71, 0x8C71, 0x8C71, 0x8C71, 
  0x8C72, 0x8C72, 0x8C72, 0x8C71, 0x8C72, 0x8C72, 0x8C71, 0x8C71, 
  0x8C71, 0x8C71, 0x8C51, 0x8C51, 0x8C51, 0x8C51, 0x8451, 0x8C51, 
  0x8451, 0x8451, 0x8451, 0x8451, 0x8431, 0x8431, 0x8431, 0x8431, 
  0x8431, 0x8431, 0x8431, 0x8430, 0x8430, 0x8430, 0x8430, 0x8410, 
  0x8410, 0x7C10, 0x7C10, 0x7C10, 0x7C10, 0x7C10, 0x7C10, 0x7BF0, 
  0x7C0F, 0x6333, 0x29B7, 0x2176, 0x2175, 0x2174, 0x5B34, 0xD697, 
  0xFFD8, 0xFFD6, 0xFFD5, 0xFFD3, 0xFFD1, 0xFFCF, 0xFFAD, 0xFF88, 
  
  0xFFD7, 0xFFD8, 0xFFD8, 0xFFD9, 0xFFDA, 0xBDF8, 0x3A34, 0x2995, 
  0x2996, 0x29B7, 0x29D8, 0x29D9, 0x4277, 0x73B1, 0x7C10, 0x7C10, 
  0x8410, 0x8430, 0x8430, 0x8430, 0x8430, 0x8430, 0x8431, 0x8451, 
  0x8451, 0x8451, 0x8451, 0x8451, 0x8451, 0x8C51, 0x8C51, 0x8C51, 
  0x8C51, 0x8C71, 0x8C71, 0x8C71, 0x8C71, 0x8C71, 0x8C72, 0x8C71, 
  0x8C71, 0x8C71, 0x8C71, 0x8C71, 0x8C72, 0x8C72, 0x8C72, 0x8C72, 
  0x8C72, 0x8C72, 0x8C72, 0x8C72, 0x8C72, 0x8C72, 0x8C72, 0x8C72, 
  0x8C72, 0x8C72, 0x8C72, 0x8C72, 0x8C72, 0x8C72, 0x8C71, 0x8C71, 
  0x8C71, 0x8C71, 0x8C71, 0x8C71, 0x8C72, 0x8C72, 0x8C72, 0x8C72, 
  0x8C72, 0x8C72, 0x8C72, 0x8C71, 0x8C71, 0x8C71, 0x8C71, 0x8C71, 
  0x8C71, 0x8C71, 0x8C51, 0x8C51, 0x8C51, 0x8C51, 0x8451, 0x8451, 
  0x8C51, 0x8451, 0x8451, 0x8451, 0x8451, 0x8431, 0x8431, 0x8431, 
  0x8431, 0x8431, 0x8431, 0x8430, 0x8430, 0x8410, 0x8410, 0x8410, 
  0x8410, 0x7C10, 0x7C10, 0x7C10, 0x7C10, 0x7BF0, 0x7BF0, 0x7BF0, 
  0x7C10, 0x5B13, 0x21B7, 0x2176, 0x2175, 0x2174, 0x31D3, 0x94B5, 
  0xF797, 0xFFD6, 0xFFD4, 0xFFD3, 0xFFD1, 0xFFCF, 0xFFAB, 0xFF66
  
};

#endif // BUSY_STAY_CLEAR_H
