// Auto-generated from lesssgoo.png
// Image dimensions: 128x128
#ifndef LESSSGOO_H
#define LESSSGOO_H

#include <Arduino.h>

#define LESSSGOO_WIDTH 128
#define LESSSGOO_HEIGHT 128

static const uint16_t lesssgoo[] PROGMEM = {
  0xFFFF, 0xFFFF, 0x0000, 0x0000, 0x0000, 0x0000, 0x0000, 0x0000, 
  0x0000, 0x0000, 0x0000, 0x0000, 0x0000, 0x0000, 0x0000, 0x0000, 
  0x0000, 0x0000, 0x0000, 0x0000, 0x0000, 0x0000, 0x0000, 0x0000, 
  0x0000, 0x0000, 0x0000, 0x0000, 0x0000, 0x0000, 0x0000, 0x0000, 
  0x0000, 0x0000, 0x0000, 0x0000, 0x0000, 0x0000, 0x0000, 0x0000, 
  0x0000, 0x0000, 0x0000, 0x0000, 0x0000, 0x0000, 0x0000, 0x0000, 
  0xC638, 0x8411, 0x738E, 0x52AB, 0x39E8, 0x2126, 0x0884, 0x0002, 
  0x0000, 0x0000, 0x0000, 0x0000, 0x0000, 0x0000, 0x0000, 0x0000, 
  0x0000, 0x0022, 0x1083, 0x2125, 0x31A7, 0x4228, 0x52AA, 0x6B6D, 
  0x8C51, 0x0000, 0x0000, 0x0000, 0x0000, 0x0000, 0x0000, 0x0000, 
  0x0000, 0x0000, 0x0000, 0x0000, 0x0000, 0x0000, 0x0000, 0x0000, 
  0x0000, 0x0000, 0x0000, 0x0000, 0x0000, 0x0000, 0x0000, 0x0000, 
  0x0000, 0x0000, 0x0000, 0x0000, 0x0000, 0x0000, 0x0000, 0x0000, 
  0x0000, 0x0000, 0x0000, 0x0000, 0x0000, 0x0000, 0x0000, 0x0000, 
  0x0000, 0x0000, 0x0000, 0x0000, 0x0000, 0x0000, 0x0000, 0x0000, 
  0x0000, 0x0000, 0x0000, 0x0000, 0x0000, 0x0000, 0x0000, 0x0000, 
  
  0xFFFF, 0x0000, 0x0000, 0x0000, 0x0000, 0x0000, 0x0000, 0x0000, 
  0x0000, 0x0000, 0x0000, 0x0000, 0x0000, 0x0000, 0x0000, 0x0000, 
  0x0000, 0x0000, 0x0000, 0x0000, 0x0000, 0x0000, 0x0000, 0x0000, 
  0x0000, 0x0000, 0x0000, 0x0000, 0x0000, 0x0000, 0x0000, 0x0000, 
  0x0000, 0x0000, 0x0000, 0x0000, 0x0000, 0x0000, 0x0000, 0x0000, 
  0x0000, 0x0000, 0x0000, 0x0000, 0xD6BA, 0x7BCF, 0x4A6A, 0x2105, 
  0x0003, 0x0002, 0x0002, 0x0002, 0x0002, 0x0001, 0x3980, 0x5A80, 
  0x7321, 0x8BA0, 0x93E0, 0x9400, 0x9400, 0x8BC0, 0x7321, 0x5AA0, 
  0x4A00, 0x10A0, 0x0000, 0x0001, 0x0001, 0x0001, 0x0002, 0x0002, 
  0x0002, 0x0003, 0x2105, 0x4208, 0x6B4D, 0x9CF3, 0x0000, 0x0000, 
  0x0000, 0x0000, 0x0000, 0x0000, 0x0000, 0x0000, 0x0000, 0x0000, 
  0x0000, 0x0000, 0x0000, 0x0000, 0x0000, 0x0000, 0x0000, 0x0000, 
  0x0000, 0x0000, 0x0000, 0x0000, 0x0000, 0x0000, 0x0000, 0x0000, 
  0x0000, 0x0000, 0x0000, 0x0000, 0x0000, 0x0000, 0x0000, 0x0000, 
  0x0000, 0x0000, 0x0000, 0x0000, 0x0000, 0x0000, 0x0000, 0x0000, 
  0x0000, 0x0000, 0x0000, 0x0000, 0x0000, 0x0000, 0x0000, 0x0000, 
  
  0xFFFF, 0x0000, 0x0000, 0x0000, 0x0000, 0x0000, 0x0000, 0x0000, 
  0x0000, 0x0000, 0x0000, 0x0000, 0x0000, 0x0000, 0x0000, 0x0000, 
  0x0000, 0x0000, 0x0000, 0x0000, 0x0000, 0x0000, 0x0000, 0x0000, 
  0x0000, 0x0000, 0x0000, 0x0000, 0x0000, 0x0000, 0x0000, 0x0000, 
  0x0000, 0x0000, 0x0000, 0x0000, 0x0000, 0x0000, 0x0000, 0x0000, 
  0x0000, 0xBDF7, 0x5AEB, 0x2966, 0x10A4, 0x0004, 0x0003, 0x0002, 
  0x0860, 0x6AC0, 0x9C40, 0xBD20, 0xCDA0, 0xD5C0, 0xDE00, 0xE620, 
  0xE620, 0xE620, 0xE640, 0xE640, 0xE640, 0xE620, 0xE620, 0xE620, 
  0xDE00, 0xDDE0, 0xD5C0, 0xCD80, 0xBD20, 0xACC0, 0x93E0, 0x6AE0, 
  0x39C0, 0x0000, 0x0002, 0x0003, 0x0003, 0x0003, 0x0863, 0x3187, 
  0x630C, 0xC638, 0x0000, 0x0000, 0x0000, 0x0000, 0x0000, 0x0000, 
  0x0000, 0x0000, 0x0000, 0x0000, 0x0000, 0x0000, 0x0000, 0x0000, 
  0x0000, 0x0000, 0x0000, 0x0000, 0x0000, 0x0000, 0x0000, 0x0000, 
  0x0000, 0x0000, 0x0000, 0x0000, 0x0000, 0x0000, 0x0000, 0x0000, 
  0x0000, 0x0000, 0x0000, 0x0000, 0x0000, 0x0000, 0x0000, 0x0000, 
  0x0000, 0x0000, 0x0000, 0x0000, 0x0000, 0x0000, 0x0000, 0x0000, 
  
  0xFFFF, 0x0000, 0x0000, 0x0000, 0x0000, 0x0000, 0x0000, 0x0000, 
  0x0000, 0x0000, 0x0000, 0x0000, 0x0000, 0x0000, 0x0000, 0x0000, 
  0x0000, 0x0000, 0x0000, 0x0000, 0x0000, 0x0000, 0x0000, 0x0000, 
  0x0000, 0x0000, 0x0000, 0x0000, 0x0000, 0x0000, 0x0000, 0x0000, 
  0x0000, 0x0000, 0x0000, 0x0000, 0x0000, 0x0000, 0x0000, 0x8C51, 
  0x3186, 0x2986, 0x0045, 0x0002, 0x0000, 0x5A60, 0x9400, 0xBD00, 
  0xCD80, 0xD5C0, 0xE620, 0xEE60, 0xF680, 0xF6A0, 0xF6A0, 0xF6A0, 
  0xF680, 0xF680, 0xF680, 0xF680, 0xF680, 0xF680, 0xF6A0, 0xF6A0, 
  0xF6A0, 0xF6A0, 0xF6A0, 0xF680, 0xEE60, 0xE640, 0xDE00, 0xD5C0, 
  0xCDA0, 0xC560, 0xB4E0, 0x9C40, 0x7B40, 0x39A0, 0x0001, 0x0003, 
  0x0005, 0x0004, 0x18C5, 0x4A49, 0x8C71, 0x0000, 0x0000, 0x0000, 
  0x0000, 0x0000, 0x0000, 0x0000, 0x0000, 0x0000, 0x0000, 0x0000, 
  0x0000, 0x0000, 0x0000, 0x0000, 0x0000, 0x0000, 0x0000, 0x0000, 
  0x0000, 0x0000, 0x0000, 0x0000, 0x0000, 0x0000, 0x0000, 0x0000, 
  0x0000, 0x0000, 0x0000, 0x0000, 0x0000, 0x0000, 0x0000, 0x0000, 
  0x0000, 0x0000, 0x0000, 0x0000, 0x0000, 0x0000, 0x0000, 0x0000, 
  
  0xFFFF, 0x0000, 0x0000, 0x0000, 0x0000, 0x0000, 0x0000, 0x0000, 
  0x0000, 0x0000, 0x0000, 0x0000, 0x0000, 0x0000, 0x0000, 0x0000, 
  0x0000, 0x0000, 0x0000, 0x0000, 0x0000, 0x0000, 0x0000, 0x0000, 
  0x0000, 0x0000, 0x0000, 0x0000, 0x0000, 0x0000, 0x0000, 0x0000, 
  0x0000, 0x0000, 0x0000, 0x0000, 0xFFFF, 0x632C, 0x2946, 0x39C8, 
  0x0004, 0x0000, 0x5240, 0x8BC0, 0xACC0, 0xC560, 0xE600, 0xF680, 
  0xFEC0, 0xF6A0, 0xF680, 0xEE60, 0xEE60, 0xEE60, 0xEE60, 0xF680, 
  0xF6A0, 0xF6A0, 0xF6A0, 0xF680, 0xF6A0, 0xF6A0, 0xF6A0, 0xF680, 
  0xEE60, 0xEE60, 0xEE40, 0xEE60, 0xEE60, 0xF680, 0xF6A0, 0xF6A0, 
  0xFEC0, 0xF6C0, 0xF680, 0xE620, 0xD5C0, 0xBD20, 0xACA0, 0x9C20, 
  0x7320, 0x3980, 0x0002, 0x0005, 0x10E6, 0x2946, 0x4228, 0x9CF3, 
  0x0000, 0x0000, 0x0000, 0x0000, 0x0000, 0x0000, 0x0000, 0x0000, 
  0x0000, 0x0000, 0x0000, 0x0000, 0x0000, 0x0000, 0x0000, 0x0000, 
  0x0000, 0x0000, 0x0000, 0x0000, 0x0000, 0x0000, 0x0000, 0x0000, 
  0x0000, 0x0000, 0x0000, 0x0000, 0x0000, 0x0000, 0x0000, 0x0000, 
  0x0000, 0x0000, 0x0000, 0x0000, 0x0000, 0x0000, 0x0000, 0x0000, 
  
  0xFFFF, 0x0000, 0x0000, 0x0000, 0x0000, 0x0000, 0x0000, 0x0000, 
  0x0000, 0x0000, 0x0000, 0x0000, 0x0000, 0x0000, 0x0000, 0x0000, 
  0x0000, 0x0000, 0x0000, 0x0000, 0x0000, 0x0000, 0x0000, 0x0000, 
  0x0000, 0x0000, 0x0000, 0x0000, 0x0000, 0x0000, 0x0000, 0x0000, 
  0x0000, 0x0000, 0x9CD3, 0x4228, 0x4229, 0x39E8, 0x0002, 0x2940, 
  0x6AE0, 0x93E0, 0xBD20, 0xE620, 0xFEC0, 0xFEC0, 0xF6A0, 0xEE80, 
  0xEE60, 0xEE80, 0xF680, 0xF680, 0xEE60, 0xEE60, 0xEE40, 0xE620, 
  0xE600, 0xDDE0, 0xD5C0, 0xD5C0, 0xDDE0, 0xDE00, 0xE620, 0xE640, 
  0xEE60, 0xEE80, 0xF680, 0xEE80, 0xEE60, 0xEE40, 0xEE40, 0xEE40, 
  0xEE60, 0xEE80, 0xF680, 0xF680, 0xF6C0, 0xFEC0, 0xFEC0, 0xEE60, 
  0xCDA0, 0xACC0, 0x93E0, 0x7300, 0x41A0, 0x0002, 0x10E6, 0x4208, 
  0x2125, 0x5ACB, 0x8410, 0x0000, 0x0000, 0x0000, 0x0000, 0x0000, 
  0x0000, 0x0000, 0x0000, 0x0000, 0x0000, 0x0000, 0x0000, 0x0000, 
  0x0000, 0x0000, 0x0000, 0x0000, 0x0000, 0x0000, 0x0000, 0x0000, 
  0x0000, 0x0000, 0x0000, 0x0000, 0x0000, 0x0000, 0x0000, 0x0000, 
  0x0000, 0x0000, 0x0000, 0x0000, 0x0000, 0x0000, 0x0000, 0x0000, 
  
  0xFFFF, 0x0000, 0x0000, 0x0000, 0x0000, 0x0000, 0x0000, 0x0000, 
  0x0000, 0x0000, 0x0000, 0x0000, 0x0000, 0x0000, 0x0000, 0x0000, 
  0x0000, 0x0000, 0x0000, 0x0000, 0x0000, 0x0000, 0x0000, 0x0000, 
  0x0000, 0x0000, 0x0000, 0x0000, 0x0000, 0x0000, 0x0000, 0x0000, 
  0x73AE, 0x39E7, 0x630C, 0x31A7, 0x0841, 0x3980, 0x6AE0, 0x9C20, 
  0xD5C0, 0xFEC0, 0xFEE0, 0xF6A0, 0xEE60, 0xEE60, 0xEE60, 0xEE60, 
  0xEE60, 0xEE60, 0xEE60, 0xE620, 0xDDE0, 0xCD80, 0xB4E0, 0x9400, 
  0x62A0, 0x2100, 0x0000, 0x0000, 0x10C0, 0x4A00, 0x6B00, 0x9C40, 
  0xC540, 0xDE00, 0xEE40, 0xEE60, 0xEE60, 0xEE60, 0xEE60, 0xEE60, 
  0xEE40, 0xEE60, 0xEE60, 0xEE60, 0xEE60, 0xEE40, 0xEE60, 0xEE80, 
  0xF6A0, 0xFEE0, 0xF6A0, 0xD5E0, 0xA480, 0x7320, 0x5220, 0x2100, 
  0x0883, 0x4208, 0x4228, 0x4208, 0x632C, 0x0000, 0x0000, 0x0000, 
  0x0000, 0x0000, 0x0000, 0x0000, 0x0000, 0x0000, 0x0000, 0x0000, 
  0x0000, 0x0000, 0x0000, 0x0000, 0x0000, 0x0000, 0x0000, 0x0000, 
  0x0000, 0x0000, 0x0000, 0x0000, 0x0000, 0x0000, 0x0000, 0x0000, 
  0x0000, 0x0000, 0x0000, 0x0000, 0x0000, 0x0000, 0x0000, 0x0000, 
  
  0xFFFF, 0x0000, 0x0000, 0x0000, 0x0000, 0x0000, 0x0000, 0x0000, 
  0x0000, 0x0000, 0x0000, 0x0000, 0x0000, 0x0000, 0x0000, 0x0000, 
  0x0000, 0x0000, 0x0000, 0x0000, 0x0000, 0x0000, 0x0000, 0x0000, 
  0x0000, 0x0000, 0x0000, 0x0000, 0x0000, 0x0000, 0x8410, 0x52AA, 
  0x6B6D, 0x2945, 0x0840, 0x1880, 0x5A80, 0xACA0, 0xEE40, 0xFEE0, 
  0xF6A0, 0xEE60, 0xF680, 0xF6A0, 0xF6A0, 0xEE60, 0xDDE0, 0xC520, 
  0xA460, 0x7B60, 0x5A60, 0x3980, 0x2920, 0x3161, 0x3181, 0x41C0, 
  0x5221, 0x62A0, 0x62C0, 0x6AC0, 0x62A0, 0x5240, 0x39A0, 0x2900, 
  0x0840, 0x0000, 0x4A20, 0x9C40, 0xD5C0, 0xF680, 0xF6A0, 0xF680, 
  0xD5C0, 0x7320, 0x9400, 0xDE00, 0xF6A0, 0xEE60, 0xEE60, 0xEE60, 
  0xEE60, 0xEE40, 0xEE60, 0xF680, 0xFEC0, 0xF680, 0xCD80, 0x8380, 
  0x41A0, 0x18A0, 0x0841, 0x39C7, 0x5AEB, 0x0000, 0x8410, 0x0000, 
  0x0000, 0x0000, 0x0000, 0x0000, 0x0000, 0x0000, 0x0000, 0x0000, 
  0x0000, 0x0000, 0x0000, 0x0000, 0x0000, 0x0000, 0x0000, 0x0000, 
  0x0000, 0x0000, 0x0000, 0x0000, 0x0000, 0x0000, 0x0000, 0x0000, 
  0x0000, 0x0000, 0x0000, 0x0000, 0x0000, 0x0000, 0x0000, 0x0000, 
  
  0xFFFF, 0x0000, 0x0000, 0x0000, 0x0000, 0x0000, 0x0000, 0x0000, 
  0x0000, 0x0000, 0x0000, 0x0000, 0x0000, 0x0000, 0x0000, 0x0000, 
  0x0000, 0x0000, 0x0000, 0x0000, 0x0000, 0x0000, 0x0000, 0x0000, 
  0x0000, 0x0000, 0x0000, 0x0000, 0x0000, 0xFFFF, 0x7BF0, 0x2945, 
  0x0001, 0x0000, 0x4A00, 0xB4E0, 0xEE60, 0xF6A0, 0xF680, 0xFEC0, 
  0xFEC0, 0xE640, 0xC540, 0x9400, 0x62C0, 0x41C0, 0x2920, 0x18A0, 
  0x0860, 0x3181, 0x5A80, 0x8BC0, 0xB4E0, 0xCD80, 0xDE00, 0xEE60, 
  0xEE80, 0xF680, 0xF680, 0xF6A0, 0xF6A0, 0xF680, 0xEE40, 0xD5C0, 
  0xB4E0, 0x7340, 0x3160, 0x0000, 0x2100, 0x62C0, 0xACA0, 0xEE40, 
  0xF6A0, 0x8BE0, 0x2100, 0x2100, 0xA460, 0xEE60, 0xFEC0, 0xEE40, 
  0xEE60, 0xEE60, 0xEE60, 0xEE60, 0xEE60, 0xEE60, 0xF680, 0xF6A0, 
  0xDE00, 0x9400, 0x2940, 0x0000, 0x0861, 0x31A6, 0x8410, 0x0000, 
  0x0000, 0x0000, 0x0000, 0x0000, 0x0000, 0x0000, 0x0000, 0x0000, 
  0x0000, 0x0000, 0x0000, 0x0000, 0x0000, 0x0000, 0x0000, 0x0000, 
  0x0000, 0x0000, 0x0000, 0x0000, 0x0000, 0x0000, 0x0000, 0x0000, 
  0x0000, 0x0000, 0x0000, 0x0000, 0x0000, 0x0000, 0x0000, 0x0000, 
  
  0xFFFF, 0x0000, 0x0000, 0x0000, 0x0000, 0x0000, 0x0000, 0x0000, 
  0x0000, 0x0000, 0x0000, 0x0000, 0x0000, 0x0000, 0x0000, 0x0000, 
  0x0000, 0x0000, 0x0000, 0x0000, 0x0000, 0x0000, 0x0000, 0x0000, 
  0x0000, 0x0000, 0x0000, 0x0000, 0xAD55, 0x52CB, 0x0002, 0x0001, 
  0x41E0, 0xBD00, 0xE620, 0xEE80, 0xFEC0, 0xFEE0, 0xE620, 0xACA0, 
  0x7B40, 0x5A60, 0x3180, 0x0000, 0x0000, 0x39A0, 0x83A0, 0xB500, 
  0xD5C0, 0xE620, 0xEE60, 0xEE60, 0xEE60, 0xEE60, 0xEE60, 0xEE60, 
  0xEE60, 0xEE60, 0xEE60, 0xEE60, 0xEE60, 0xEE60, 0xEE60, 0xEE60, 
  0xEE60, 0xEE60, 0xE640, 0xCD80, 0x9400, 0x3160, 0x0000, 0x5A80, 
  0x93E0, 0xDE00, 0xE620, 0x93E0, 0x0000, 0x7B40, 0xCD80, 0xFEE0, 
  0xEE60, 0xEE60, 0xEE60, 0xEE60, 0xEE60, 0xEE60, 0xEE60, 0xEE60, 
  0xEE60, 0xEE80, 0xDE00, 0x8BC0, 0x0000, 0x0001, 0x18E3, 0x39E7, 
  0x9514, 0x0000, 0x0000, 0x0000, 0x0000, 0x0000, 0x0000, 0x0000, 
  0x0000, 0x0000, 0x0000, 0x0000, 0x0000, 0x0000, 0x0000, 0x0000, 
  0x0000, 0x0000, 0x0000, 0x0000, 0x0000, 0x0000, 0x0000, 0x0000, 
  0x0000, 0x0000, 0x0000, 0x0000, 0x0000, 0x0000, 0x0000, 0x0000, 
  
  0xFFFF, 0x0000, 0x0000, 0x0000, 0x0000, 0x0000, 0x0000, 0x0000, 
  0x0000, 0x0000, 0x0000, 0x0000, 0x0000, 0x0000, 0x0000, 0x0000, 
  0x0000, 0x0000, 0x0000, 0x0000, 0x0000, 0x0000, 0x0000, 0x0000, 
  0x0000, 0x0000, 0x0000, 0x52AB, 0x0006, 0x0004, 0x4A00, 0xB4E0, 
  0xDE00, 0xEE40, 0xFEC0, 0xFEC0, 0xD5C0, 0x9C40, 0x6AE0, 0x0860, 
  0x0000, 0x41E0, 0x8BC0, 0xBD00, 0xD5A0, 0xDE00, 0xE620, 0xEE40, 
  0xEE60, 0xF680, 0xF680, 0xF680, 0xEE60, 0xEE60, 0xEE60, 0xEE60, 
  0xEE60, 0xEE60, 0xEE60, 0xEE60, 0xEE60, 0xEE60, 0xEE60, 0xEE60, 
  0xEE60, 0xF680, 0xF680, 0xEE60, 0xE640, 0xDDE0, 0xBD20, 0x7320, 
  0x0000, 0x7320, 0x9C40, 0xD5C0, 0xCD60, 0x6B00, 0x4A00, 0xB4E0, 
  0xFEC0, 0xF680, 0xEE80, 0xEE60, 0xEE40, 0xEE60, 0xEE60, 0xEE60, 
  0xEE60, 0xF680, 0xF680, 0xE640, 0xB4E0, 0x41C0, 0x0000, 0x0042, 
  0x2104, 0x4A29, 0xAD55, 0x0000, 0x0000, 0x0000, 0x0000, 0x0000, 
  0x0000, 0x0000, 0x0000, 0x0000, 0x0000, 0x0000, 0x0000, 0x0000, 
  0x0000, 0x0000, 0x0000, 0x0000, 0x0000, 0x0000, 0x0000, 0x0000, 
  0x0000, 0x0000, 0x0000, 0x0000, 0x0000, 0x0000, 0x0000, 0x0000, 
  
  0xFFFF, 0xFFFF, 0x0000, 0x0000, 0x0000, 0x0000, 0x0000, 0x0000, 
  0x0000, 0x0000, 0x0000, 0x0000, 0x0000, 0x0000, 0x0000, 0x0000, 
  0x0000, 0x0000, 0x0000, 0x0000, 0x0000, 0x0000, 0x0000, 0x0000, 
  0x0000, 0x738E, 0x3A08, 0x18E5, 0x5A81, 0xA480, 0xD5A0, 0xEE40, 
  0xF6A0, 0xFEE0, 0xE620, 0xB4E0, 0x6AE0, 0x0000, 0x6AE0, 0xB4C0, 
  0xC560, 0xD5A0, 0xDE00, 0xEE60, 0xF6A0, 0xF6A0, 0xF6A0, 0xEE80, 
  0xEE60, 0xEE60, 0xEE40, 0xEE40, 0xEE60, 0xEE60, 0xEE60, 0xEE60, 
  0xEE40, 0xEE40, 0xEE40, 0xEE40, 0xEE40, 0xEE60, 0xEE60, 0xEE60, 
  0xEE60, 0xF680, 0xF680, 0xF680, 0xF6A0, 0xF6A0, 0xEE60, 0xDDE0, 
  0xC540, 0x83A0, 0x39C0, 0x8BA0, 0xB500, 0xBD20, 0xACA0, 0x3180, 
  0xB4C0, 0xEE60, 0xE640, 0xEE60, 0xEE80, 0xEE40, 0xEE60, 0xEE60, 
  0xEE60, 0xEE40, 0xEE60, 0xF6A0, 0xEE60, 0xCD80, 0x9400, 0x0000, 
  0x0000, 0x18C4, 0x28A3, 0x3000, 0x0000, 0x0000, 0x0000, 0x0000, 
  0x0000, 0x0000, 0x0000, 0x0000, 0x0000, 0x0000, 0x0000, 0x0000, 
  0x0000, 0x0000, 0x0000, 0x0000, 0x0000, 0x0000, 0x0000, 0x0000, 
  0x0000, 0x0000, 0x0000, 0x0000, 0x0000, 0x0000, 0x0000, 0x0000, 
  
  0xFFFF, 0xFFFF, 0x0000, 0x0000, 0x0000, 0x0000, 0x0000, 0x0000, 
  0x0000, 0x0000, 0x0000, 0x0000, 0x0000, 0x0000, 0x0000, 0x0000, 
  0x0000, 0x0000, 0x0000, 0x0000, 0x0000, 0x0000, 0xAD55, 0x630C, 
  0x31A7, 0x2987, 0x0002, 0x41C0, 0xACA0, 0xEE60, 0xFEC0, 0xF680, 
  0xF6A0, 0xD5C0, 0x93E0, 0x10A0, 0x5A80, 0xB4C0, 0xD5C0, 0xF680, 
  0xFEC0, 0xFEC0, 0xF6A0, 0xEE80, 0xEE60, 0xEE40, 0xEE40, 0xEE60, 
  0xEE60, 0xEE60, 0xEE60, 0xEE40, 0xEE40, 0xEE60, 0xEE60, 0xEE60, 
  0xF680, 0xF6A0, 0xF6A0, 0xF6A0, 0xF6A0, 0xF6A0, 0xF680, 0xEE60, 
  0xEE40, 0xE640, 0xE640, 0xE640, 0xEE40, 0xEE80, 0xF6A0, 0xFF00, 
  0xFEE0, 0xE620, 0xBD20, 0x7B60, 0x62C0, 0x9C60, 0xC540, 0x9C20, 
  0x39A0, 0xACC0, 0xB4E1, 0xD5A0, 0xEE60, 0xEE80, 0xEE40, 0xEE60, 
  0xEE60, 0xEE60, 0xEE60, 0xEE40, 0xF680, 0xF6A0, 0xE620, 0xB4C0, 
  0x6AE0, 0x0000, 0x0000, 0x1800, 0x1000, 0x0000, 0x0000, 0x0000, 
  0x0000, 0x0000, 0x0000, 0x0000, 0x0000, 0x0000, 0x0000, 0x0000, 
  0x0000, 0x0000, 0x0000, 0x0000, 0x0000, 0x0000, 0x0000, 0x0000, 
  0x0000, 0x0000, 0x0000, 0x0000, 0x0000, 0x0000, 0x0000, 0x0000, 
  
  0xFFFF, 0xFFFF, 0x0000, 0x0000, 0x0000, 0x0000, 0x0000, 0x0000, 
  0x0000, 0x0000, 0x0000, 0x0000, 0x0000, 0x0000, 0x0000, 0x0000, 
  0x0000, 0x0000, 0x0000, 0x94B0, 0x528B, 0x31C8, 0x4209, 0x29A8, 
  0x0002, 0x3160, 0x41C0, 0x8380, 0xD5C0, 0xFEC0, 0xEE60, 0xEE80, 
  0xD5C0, 0x5A60, 0x2100, 0x8BA0, 0xD5A0, 0xFEC0, 0xFEC0, 0xEE60, 
  0xEE40, 0xEE40, 0xEE40, 0xEE60, 0xEE60, 0xEE60, 0xEE60, 0xEE60, 
  0xEE60, 0xEE60, 0xEE60, 0xEE80, 0xF680, 0xF680, 0xEE80, 0xEE60, 
  0xEE40, 0xE620, 0xE620, 0xDE00, 0xDDE0, 0xD5C0, 0xCD80, 0xC540, 
  0xB4E0, 0xACA0, 0xA480, 0xACA0, 0xBD00, 0xC560, 0xD5C0, 0xDDE0, 
  0xE620, 0xF680, 0xFEE0, 0xE640, 0xACC0, 0x7320, 0x7320, 0xC540, 
  0x7B60, 0x39C0, 0x62C1, 0x9400, 0xCD80, 0xF680, 0xEE60, 0xEE60, 
  0xEE60, 0xEE60, 0xEE60, 0xEE60, 0xEE40, 0xEE60, 0xF6A0, 0xFEC0, 
  0xCD80, 0x93E0, 0x49E0, 0x0000, 0x0000, 0x0000, 0x0000, 0x0000, 
  0x0000, 0x0000, 0x0000, 0x0000, 0x0000, 0x0000, 0x0000, 0x0000, 
  0x0000, 0x0000, 0x0000, 0x0000, 0x0000, 0x0000, 0x0000, 0x0000, 
  0x0000, 0x0000, 0x0000, 0x0000, 0x0000, 0x0000, 0x0000, 0x0000, 
  
  0xFFFF, 0xFFFF, 0x0000, 0x0000, 0x0000, 0x0000, 0x0000, 0x0000, 
  0x0000, 0x0000, 0x0000, 0x0000, 0x0000, 0x0000, 0x0000, 0x0000, 
  0x0000, 0xAD55, 0x632C, 0x5ACB, 0x39E8, 0x18E4, 0x3140, 0x5240, 
  0x7320, 0x9C40, 0xACA0, 0xC540, 0xDE00, 0xF680, 0xEE80, 0xD5C0, 
  0x18E0, 0x2920, 0xAC80, 0xEE60, 0xFEC0, 0xEE60, 0xEE40, 0xEE60, 
  0xEE60, 0xEE60, 0xEE60, 0xEE60, 0xEE60, 0xEE60, 0xEE60, 0xEE60, 
  0xEE60, 0xEE60, 0xEE60, 0xEE60, 0xEE60, 0xE640, 0xDE00, 0xC540, 
  0xA480, 0x83A0, 0x62A0, 0x41E0, 0x18E0, 0x0000, 0x0000, 0x0000, 
  0x0000, 0x0000, 0x0000, 0x0000, 0x0000, 0x0000, 0x0000, 0x3980, 
  0x7320, 0xB4C0, 0xD5C0, 0xF680, 0xFEE0, 0xEE40, 0xA460, 0x7300, 
  0xACA0, 0x7B40, 0x5240, 0x39A1, 0x8380, 0xD5A0, 0xF6A0, 0xEE60, 
  0xEE60, 0xEE60, 0xEE60, 0xEE60, 0xEE60, 0xEE60, 0xEE40, 0xEE60, 
  0xFEC0, 0xF680, 0xACC0, 0x5A80, 0x18C0, 0x0000, 0x0000, 0x0000, 
  0x0000, 0x0000, 0x0000, 0x0000, 0x0000, 0x0000, 0x0000, 0x0000, 
  0x0000, 0x0000, 0x0000, 0x0000, 0x0000, 0x0000, 0x0000, 0x0000, 
  0x0000, 0x0000, 0x0000, 0x0000, 0x0000, 0x0000, 0x0000, 0x0000, 
  
  0xFFFF, 0xFFFF, 0x0000, 0x0000, 0x0000, 0x0000, 0x0000, 0x0000, 
  0x0000, 0x0000, 0x0000, 0x0000, 0x0000, 0x0000, 0x0000, 0x0000, 
  0x0000, 0x9491, 0x3186, 0x0840, 0x2100, 0x5A60, 0x9C20, 0xD5C0, 
  0xF6A0, 0xFEC0, 0xFEE0, 0xFEE0, 0xEE60, 0xCDA0, 0xB4E0, 0x20E0, 
  0x20E0, 0xBD20, 0xF680, 0xF680, 0xEE40, 0xEE60, 0xEE60, 0xEE60, 
  0xEE60, 0xEE60, 0xEE60, 0xEE60, 0xEE60, 0xEE60, 0xEE60, 0xF680, 
  0xF6A0, 0xEE60, 0xD5A0, 0xA480, 0x7320, 0x39C0, 0x0000, 0x0000, 
  0x0000, 0x0000, 0x0000, 0x0000, 0x0000, 0x0820, 0x1080, 0x20E0, 
  0x2900, 0x3140, 0x3980, 0x41C0, 0x41E0, 0x49E0, 0x4A00, 0x4A01, 
  0x41E0, 0x2900, 0x4A21, 0xCDA0, 0xFEC0, 0xF680, 0xF6A0, 0xE620, 
  0x9C20, 0xB4C1, 0x83A0, 0x5240, 0x2100, 0x8380, 0xE640, 0xF680, 
  0xEE60, 0xEE60, 0xEE60, 0xEE60, 0xEE60, 0xEE60, 0xEE60, 0xEE60, 
  0xEE40, 0xEE60, 0xFEE0, 0xD5E0, 0x8380, 0x1080, 0x0000, 0x0000, 
  0x0000, 0x0000, 0x0000, 0x0000, 0x0000, 0x0000, 0x0000, 0x0000, 
  0x0000, 0x0000, 0x0000, 0x0000, 0x0000, 0x0000, 0x0000, 0x0000, 
  0x0000, 0x0000, 0x0000, 0x0000, 0x0000, 0x0000, 0x0000, 0x0000, 
  
  0xFFFF, 0x0000, 0x0000, 0x0000, 0x0000, 0x0000, 0x0000, 0x0000, 
  0x0000, 0x0000, 0x0000, 0x0000, 0x0000, 0x0000, 0x0000, 0x0000, 
  0x94D3, 0x2124, 0x0000, 0x6B00, 0xC540, 0xF680, 0xF6A0, 0xEE80, 
  0xF6A0, 0xF6A0, 0xC560, 0x7B60, 0x41C0, 0x3140, 0x18C0, 0x2100, 
  0xCD60, 0xF680, 0xEE60, 0xEE40, 0xEE60, 0xEE60, 0xEE60, 0xEE60, 
  0xEE60, 0xEE60, 0xEE40, 0xEE60, 0xF6A0, 0xFEC0, 0xE620, 0xB4E0, 
  0x7B60, 0x5220, 0x3160, 0x20E0, 0x1080, 0x0840, 0x0000, 0x0000, 
  0x0000, 0x0000, 0x0000, 0x0000, 0x10A0, 0x5220, 0x7B60, 0x9C40, 
  0xBD00, 0xCDA0, 0xDDE0, 0xE620, 0xEE40, 0xEE60, 0xEE60, 0xEE80, 
  0xEE60, 0xD5C0, 0xDE00, 0xCDA0, 0xACC0, 0xBD20, 0xF6A0, 0xEE60, 
  0xEE80, 0xEE40, 0xEE60, 0xA480, 0x0060, 0x2940, 0x8BC0, 0xFEC0, 
  0xEE60, 0xEE60, 0xEE60, 0xEE60, 0xEE60, 0xEE60, 0xEE60, 0xEE60, 
  0xEE60, 0xEE60, 0xEE60, 0xF680, 0xEE80, 0xC540, 0x39A0, 0x0000, 
  0x0000, 0x0000, 0x0000, 0x0000, 0x0000, 0x0000, 0x0000, 0x0000, 
  0x0000, 0x0000, 0x0000, 0x0000, 0x0000, 0x0000, 0x0000, 0x0000, 
  0x0000, 0x0000, 0x0000, 0x0000, 0x0000, 0x0000, 0x0000, 0x0000, 
  
  0x0000, 0x0000, 0x0000, 0x0000, 0x0000, 0x0000, 0x0000, 0x0000, 
  0x0000, 0x0000, 0x0000, 0x0000, 0x0000, 0x0000, 0x0000, 0x73AE, 
  0x2124, 0x0000, 0x5260, 0x9C40, 0xD5C0, 0xEE60, 0xEE80, 0xF680, 
  0xD5A0, 0x8BA0, 0x3160, 0x3160, 0x39A0, 0x0000, 0x3160, 0xBD20, 
  0xF680, 0xEE60, 0xEE60, 0xEE60, 0xEE60, 0xEE60, 0xEE60, 0xEE40, 
  0xEE60, 0xF6A0, 0xFEE0, 0xEE40, 0xBD20, 0x83A0, 0x5A80, 0x41E0, 
  0x2100, 0x0000, 0x0000, 0x0000, 0x0000, 0x0000, 0x0000, 0x0000, 
  0x0000, 0x5A60, 0x9C40, 0xC560, 0xDE00, 0xEE60, 0xEE60, 0xEE60, 
  0xEE60, 0xEE60, 0xEE60, 0xEE60, 0xEE60, 0xEE60, 0xEE60, 0xEE60, 
  0xEE60, 0xFEC0, 0xEE60, 0x9C40, 0x7320, 0xD5A0, 0xFEC0, 0xEE60, 
  0xEE60, 0xEE60, 0xF680, 0xE640, 0xACA0, 0x10C1, 0x2940, 0xACA0, 
  0xF6A0, 0xEE60, 0xEE40, 0xEE60, 0xEE60, 0xEE60, 0xEE60, 0xEE60, 
  0xEE60, 0xEE60, 0xEE60, 0xEE60, 0xEE60, 0xEE80, 0xE600, 0x8BC0, 
  0x0000, 0x0000, 0x0000, 0x0000, 0x0000, 0x0000, 0x0000, 0x0000, 
  0x0000, 0x0000, 0x0000, 0x0000, 0x0000, 0x0000, 0x0000, 0x0000, 
  0x0000, 0x0000, 0x0000, 0x0000, 0x0000, 0x0000, 0x0000, 0x0000, 
  
  0x0000, 0x0000, 0x0000, 0x0000, 0x0000, 0xFFFF, 0x7BCF, 0x39C7, 
  0x2145, 0x10C4, 0x10C5, 0x2126, 0x4229, 0x528A, 0x2124, 0x10C4, 
  0x0000, 0x0000, 0x0000, 0x4A00, 0xB4C0, 0xEE60, 0xEE60, 0xCD60, 
  0x7B80, 0x9400, 0xD5A0, 0xCD80, 0x7B40, 0x2100, 0xACA0, 0xF680, 
  0xEE60, 0xEE60, 0xEE60, 0xEE60, 0xEE60, 0xEE40, 0xEE60, 0xFEC0, 
  0xFEC0, 0xD5C0, 0xACA0, 0x8380, 0x5240, 0x10A0, 0x0000, 0x0000, 
  0x0000, 0x0000, 0x0000, 0x0000, 0x0000, 0x1080, 0x7B60, 0xB4E0, 
  0xD5C0, 0xDE00, 0xE640, 0xEE60, 0xEE80, 0xF680, 0xF680, 0xEE80, 
  0xEE60, 0xEE60, 0xEE60, 0xEE60, 0xEE60, 0xEE60, 0xEE40, 0xEE60, 
  0xFEC0, 0xEE60, 0xA460, 0x3140, 0x8380, 0xD5C0, 0xEE60, 0xFEC0, 
  0xFEC0, 0xEE80, 0xEE60, 0xEE60, 0xE640, 0xC540, 0x83A0, 0x4A00, 
  0xE620, 0xEE60, 0xEE60, 0xEE60, 0xEE60, 0xEE60, 0xEE60, 0xEE60, 
  0xEE60, 0xEE60, 0xEE60, 0xEE60, 0xEE60, 0xEE60, 0xF680, 0xE620, 
  0xC540, 0x5220, 0x0000, 0x0000, 0x0820, 0x0000, 0x0000, 0x0000, 
  0x0000, 0x0000, 0x0000, 0x0000, 0x0000, 0x0000, 0x0000, 0x0000, 
  0x0000, 0x0000, 0x0000, 0x0000, 0x0000, 0x0000, 0x0000, 0x0000, 
  
  0x0000, 0x0000, 0x0000, 0x0000, 0x738E, 0x4A8A, 0x00A5, 0x0003, 
  0x0002, 0x0002, 0x0002, 0x0003, 0x0004, 0x0005, 0x0861, 0x4A20, 
  0x9C20, 0xA460, 0xACA0, 0xBD20, 0xD5C0, 0xEE60, 0xEE60, 0xD5A0, 
  0xCDA0, 0xE640, 0xF6A0, 0xBD20, 0x5240, 0x93E0, 0xEE60, 0xF680, 
  0xEE40, 0xEE60, 0xEE60, 0xEE40, 0xEE60, 0xF6A0, 0xF680, 0xD5A0, 
  0xACC0, 0x7B60, 0x3140, 0x0000, 0x0000, 0x0000, 0x0000, 0x0000, 
  0x0000, 0x0000, 0x0000, 0x62C0, 0xA480, 0xCD60, 0xDDE0, 0xEE40, 
  0xF680, 0xF6A0, 0xF680, 0xEE60, 0xEE60, 0xEE40, 0xEE40, 0xEE40, 
  0xEE40, 0xEE40, 0xEE40, 0xEE40, 0xEE40, 0xEE60, 0xF6A0, 0xF6A0, 
  0xD5C0, 0x9C20, 0x3160, 0x0000, 0x5240, 0x8380, 0x93E0, 0xACC0, 
  0xCD60, 0xEE40, 0xF6A0, 0xF680, 0xEE60, 0xEE80, 0xD5C0, 0x5240, 
  0xA480, 0xEE60, 0xEE80, 0xEE60, 0xEE60, 0xEE60, 0xEE60, 0xEE60, 
  0xEE60, 0xEE60, 0xEE60, 0xEE60, 0xEE60, 0xEE40, 0xEE60, 0xF6A0, 
  0xEE80, 0xD5C0, 0x7B60, 0x0000, 0x0000, 0x0840, 0x0000, 0x0000, 
  0x0000, 0x0000, 0x0000, 0x0000, 0x0000, 0x0000, 0x0000, 0x0000, 
  0x0000, 0x0000, 0x0000, 0x0000, 0x0000, 0x0000, 0x0000, 0x0000, 
  
  0x0000, 0x0000, 0x0000, 0xBDF7, 0x4A8A, 0x39C6, 0x5A60, 0x7B40, 
  0x93E0, 0xA480, 0xACA0, 0xACA0, 0x9C20, 0x7320, 0x18C0, 0x5240, 
  0xD5C0, 0xEE60, 0xEE80, 0xF6A0, 0xF6A0, 0xEE40, 0xEE60, 0xF680, 
  0xE640, 0xFEC0, 0xC560, 0x5220, 0x7B40, 0xE600, 0xFEC0, 0xEE40, 
  0xEE60, 0xEE60, 0xEE60, 0xF680, 0xEE80, 0xDDE0, 0xB4E0, 0x7300, 
  0x0000, 0x0000, 0x0000, 0x0000, 0x0000, 0x0000, 0x0000, 0x0000, 
  0x2940, 0x8380, 0xACA0, 0xCD80, 0xEE60, 0xFEE0, 0xFEE0, 0xFEC0, 
  0xF6A0, 0xEE80, 0xEE60, 0xEE60, 0xEE60, 0xEE60, 0xEE60, 0xEE60, 
  0xEE60, 0xEE60, 0xF680, 0xF6A0, 0xF6A0, 0xEE60, 0xDE00, 0xC520, 
  0x7340, 0x0000, 0x0000, 0x0000, 0x1080, 0x0860, 0x0000, 0x0000, 
  0x5A80, 0xA460, 0xCD80, 0xEE60, 0xF680, 0xF680, 0xF680, 0xBD00, 
  0x9C40, 0xEE40, 0xEE60, 0xEE60, 0xEE60, 0xEE60, 0xEE60, 0xEE60, 
  0xEE60, 0xEE60, 0xEE60, 0xEE60, 0xEE60, 0xEE60, 0xEE60, 0xEE40, 
  0xEE60, 0xFEE0, 0xDDE0, 0x8380, 0x0000, 0x0000, 0x0820, 0x0000, 
  0x0000, 0x0000, 0x0000, 0x0000, 0x0000, 0x0000, 0x0000, 0x0000, 
  0x0000, 0x0000, 0x0000, 0x0000, 0x0000, 0x0000, 0x0000, 0x0000, 
  
  0x0000, 0x0000, 0x0000, 0x5AEC, 0x1926, 0x5A60, 0xB500, 0xDE00, 
  0xE640, 0xF6A0, 0xFEC0, 0xF6C0, 0xEE60, 0xD5A0, 0x9C40, 0x62C0, 
  0xBD20, 0xEE60, 0xF680, 0xEE60, 0xEE40, 0xEE60, 0xEE80, 0xDDE0, 
  0x9420, 0xC540, 0x5A60, 0x62A0, 0xD5C0, 0xFEE0, 0xEE40, 0xEE60, 
  0xEE60, 0xEE60, 0xEE60, 0xE640, 0xC540, 0x7300, 0x0000, 0x18A0, 
  0x3980, 0x1080, 0x0000, 0x0000, 0x0000, 0x0000, 0x0000, 0x10A0, 
  0x9C20, 0xDDE0, 0xF6A0, 0xFEC0, 0xEE80, 0xDE00, 0xDDE0, 0xDE00, 
  0xE620, 0xEE40, 0xEE60, 0xEE60, 0xEE80, 0xEE80, 0xEE80, 0xEE80, 
  0xEE60, 0xEE60, 0xEE40, 0xE620, 0xDE00, 0xC540, 0x8380, 0x0000, 
  0x0000, 0x1080, 0x3980, 0x41E0, 0x9401, 0xACC0, 0x5AA0, 0x0000, 
  0x2900, 0x0000, 0x39C0, 0xB4C0, 0xE640, 0xF680, 0xEE60, 0xF680, 
  0xD5A0, 0xE640, 0xEE60, 0xEE60, 0xEE60, 0xEE60, 0xEE60, 0xEE60, 
  0xEE60, 0xEE60, 0xEE60, 0xEE60, 0xEE60, 0xEE60, 0xEE60, 0xEE60, 
  0xEE60, 0xEE40, 0xFEE0, 0xDDE0, 0x8380, 0x0000, 0x0000, 0x0000, 
  0x0000, 0x0000, 0x0000, 0x0000, 0x0000, 0x0000, 0x0000, 0x0000, 
  0x0000, 0x0000, 0x0000, 0x0000, 0x0000, 0x0000, 0x0000, 0x0000, 
  
  0x0000, 0x0000, 0x0000, 0x2125, 0x0000, 0x7300, 0xDE00, 0xFEE0, 
  0xF680, 0xEE60, 0xEE40, 0xEE60, 0xEE80, 0xFEC0, 0xFEC0, 0xBD20, 
  0x7300, 0xCD80, 0xEE40, 0xEE60, 0xEE60, 0xF680, 0xDDE0, 0x5260, 
  0x7B60, 0x5260, 0x4A20, 0xCDA0, 0xFEC0, 0xEE40, 0xEE60, 0xEE60, 
  0xEE60, 0xEE60, 0xF680, 0xAC80, 0x2120, 0x4A00, 0x7B40, 0x9420, 
  0x6B00, 0x2900, 0x0000, 0x0000, 0x0000, 0x0000, 0x3140, 0x7340, 
  0xE640, 0xF6A0, 0xEE80, 0xF6A0, 0xE620, 0x9C40, 0x2941, 0x5A60, 
  0x8BC0, 0xACC0, 0xC560, 0xD5C0, 0xDDE0, 0xDE00, 0xDE00, 0xDDE0, 
  0xD5C0, 0xCD60, 0xB4C0, 0x83A0, 0x39A0, 0x0000, 0x0000, 0x0000, 
  0x0000, 0x2100, 0x62A0, 0x7321, 0xCD80, 0xF6A0, 0xACA0, 0x41C0, 
  0x62C0, 0x7320, 0x62A0, 0x0020, 0xA460, 0xF680, 0xEE80, 0xEE60, 
  0xF680, 0xEE60, 0xEE60, 0xEE60, 0xEE60, 0xEE60, 0xEE60, 0xEE60, 
  0xEE60, 0xEE60, 0xEE60, 0xEE60, 0xEE60, 0xEE60, 0xEE60, 0xEE60, 
  0xEE60, 0xEE60, 0xEE40, 0xFEC0, 0xDDE0, 0x62A0, 0x0000, 0x0000, 
  0x0000, 0x0000, 0x0000, 0x0000, 0x0000, 0x0000, 0x0000, 0x0000, 
  0x0000, 0x0000, 0x0000, 0x0000, 0x0000, 0x0000, 0x0000, 0x0000, 
  
  0x0000, 0x0000, 0x7BEF, 0x2965, 0x0000, 0x0000, 0x49E0, 0xC540, 
  0xF6A0, 0xEE60, 0xEE60, 0xEE60, 0xEE60, 0xEE40, 0xEE60, 0xF6A0, 
  0xCDA0, 0xCD60, 0xE620, 0xF680, 0xF680, 0xCD80, 0x3980, 0x7320, 
  0xB4E0, 0x49E0, 0xC560, 0xF680, 0xEE60, 0xEE40, 0xEE60, 0xEE60, 
  0xEE60, 0xEE60, 0xEE60, 0xC540, 0xB4E0, 0xDE00, 0xFEC0, 0xDE00, 
  0x39A0, 0x0000, 0x0000, 0x0000, 0x0000, 0x41C0, 0x9400, 0xEE60, 
  0xF680, 0xF680, 0xF6A0, 0xF680, 0xDE00, 0xAC80, 0x39C1, 0x0000, 
  0x0000, 0x0000, 0x0000, 0x0000, 0x0000, 0x0000, 0x0000, 0x0000, 
  0x0000, 0x0000, 0x0000, 0x0000, 0x0000, 0x0000, 0x0020, 0x18A0, 
  0x2900, 0x18C0, 0x0000, 0x0000, 0x4A00, 0xACC0, 0xEE40, 0xA480, 
  0x3980, 0x6AE0, 0xD5C0, 0xA480, 0x1080, 0x9C40, 0xFEC0, 0xEE60, 
  0xEE60, 0xEE60, 0xEE60, 0xEE60, 0xEE60, 0xEE60, 0xEE60, 0xEE60, 
  0xEE60, 0xEE60, 0xEE60, 0xEE60, 0xEE60, 0xEE60, 0xEE60, 0xEE60, 
  0xEE60, 0xEE60, 0xEE60, 0xEE60, 0xF6A0, 0xD5C0, 0x0880, 0x0000, 
  0x3186, 0x0000, 0x0000, 0x0000, 0x0000, 0x0000, 0x0000, 0x0000, 
  0x0000, 0x0000, 0x0000, 0x0000, 0x0000, 0x0000, 0x0000, 0x0000, 
  
  0x0000, 0x0000, 0x4A69, 0x2124, 0x0000, 0x0000, 0x0000, 0x41C0, 
  0xC540, 0xEE80, 0xEE60, 0xEE40, 0xEE60, 0xEE60, 0xEE60, 0xEE60, 
  0xEE60, 0xEE60, 0xEE60, 0xF680, 0xC520, 0x0000, 0x6B00, 0xEE60, 
  0x7320, 0xB4E0, 0xEE40, 0xF680, 0xEE40, 0xEE60, 0xEE60, 0xEE60, 
  0xEE60, 0xEE60, 0xEE60, 0xEE80, 0xF680, 0xF6A0, 0xE640, 0x4A00, 
  0x0840, 0x0000, 0x0000, 0x0000, 0x5A60, 0xC560, 0xFF40, 0xFEC0, 
  0xE620, 0xC540, 0x93E0, 0x5A80, 0x3160, 0x18A0, 0x0000, 0x0000, 
  0x0000, 0x0000, 0x0000, 0x0000, 0x0000, 0x0000, 0x0000, 0x0000, 
  0x0000, 0x0000, 0x0000, 0x0000, 0x0000, 0x0000, 0x0860, 0x5241, 
  0xB4E0, 0x9420, 0x5240, 0x0000, 0x0000, 0x18A0, 0x7B40, 0xE640, 
  0xCDA0, 0x41C0, 0x8380, 0xE640, 0xC560, 0x20E0, 0xACC0, 0xFEE0, 
  0xEE60, 0xEE60, 0xEE60, 0xEE60, 0xEE60, 0xEE60, 0xEE60, 0xEE60, 
  0xEE60, 0xEE60, 0xEE60, 0xEE60, 0xEE60, 0xEE60, 0xEE60, 0xEE60, 
  0xEE60, 0xEE60, 0xEE60, 0xEE40, 0xEE80, 0xEE60, 0xBD20, 0x0000, 
  0x39E8, 0x39C8, 0x0000, 0x0000, 0x0000, 0x0000, 0x0000, 0x0000, 
  0x0000, 0x0000, 0x0000, 0x0000, 0x0000, 0x0000, 0x0000, 0x0000, 
  
  0x0000, 0x0000, 0x3186, 0x18E3, 0x0000, 0x0000, 0x0000, 0x0000, 
  0x41C0, 0xD5C0, 0xEE60, 0xEE60, 0xEE60, 0xEE60, 0xEE60, 0xEE60, 
  0xEE60, 0xEE60, 0xFEC0, 0xCD80, 0x5240, 0x5A80, 0xD5A0, 0xF6A0, 
  0xDDE0, 0xEE40, 0xEE60, 0xEE60, 0xEE60, 0xEE60, 0xEE60, 0xEE60, 
  0xEE60, 0xEE60, 0xEE60, 0xEE40, 0xFEC0, 0xEE60, 0x8380, 0x0000, 
  0x0000, 0x0000, 0x0000, 0x0000, 0x7320, 0xACA0, 0x9420, 0x7320, 
  0x5A60, 0x39A0, 0x0000, 0x0000, 0x0000, 0x5240, 0x83A0, 0xACC0, 
  0xCD60, 0xD5C0, 0xDE00, 0xDE00, 0xDE00, 0xDDE0, 0xD5C0, 0xD5A0, 
  0xCD80, 0xC560, 0xB4E0, 0x9C20, 0x7320, 0x41E0, 0x0000, 0x0000, 
  0x41E0, 0xD5C0, 0xEE60, 0xD5A0, 0x93E0, 0x0000, 0x0000, 0x6B00, 
  0xE620, 0xB4E0, 0x49E0, 0xC540, 0xEE80, 0xACA0, 0x4A00, 0xD5A0, 
  0xF680, 0xEE60, 0xEE60, 0xEE60, 0xEE60, 0xEE60, 0xEE60, 0xEE60, 
  0xEE60, 0xEE60, 0xEE60, 0xEE60, 0xEE60, 0xEE60, 0xEE60, 0xEE60, 
  0xEE60, 0xEE60, 0xEE60, 0xEE60, 0xEE60, 0xF680, 0xEE60, 0x8BC0, 
  0x0861, 0x4A6A, 0x738E, 0x0000, 0x0000, 0x0000, 0x0000, 0x0000, 
  0x0000, 0x0000, 0x0000, 0x0000, 0x0000, 0x0000, 0x0000, 0x0000, 
  
  0xFFFF, 0x0000, 0x10A3, 0x0001, 0x8BE0, 0xB4C0, 0x0000, 0x0820, 
  0x39A0, 0xC560, 0xEE60, 0xEE60, 0xEE60, 0xEE60, 0xEE60, 0xEE60, 
  0xEE60, 0xEE60, 0xF6A0, 0xA480, 0x0000, 0x93E0, 0xF6A0, 0xEE60, 
  0xEE60, 0xEE60, 0xEE60, 0xEE60, 0xEE60, 0xEE60, 0xEE60, 0xEE60, 
  0xEE60, 0xEE60, 0xE640, 0xF6A0, 0xEE60, 0xA460, 0x0000, 0x0000, 
  0x0000, 0x0000, 0x0000, 0x0000, 0x3160, 0x41C0, 0x0000, 0x0000, 
  0x0020, 0x7320, 0xA480, 0xC560, 0xD5C0, 0xDE00, 0xE620, 0xEE40, 
  0xEE60, 0xEE60, 0xEE80, 0xEE80, 0xEE80, 0xEE60, 0xEE60, 0xEE60, 
  0xEE60, 0xF680, 0xF680, 0xEE60, 0xEE40, 0xE620, 0xD5C0, 0xBD00, 
  0x8380, 0xD5A0, 0xF680, 0xF680, 0xE640, 0xD5A0, 0x8BC0, 0x0000, 
  0x7340, 0xEE60, 0x8BE0, 0x7B60, 0xDE00, 0xEE60, 0x83A0, 0x7320, 
  0xE640, 0xEE60, 0xEE60, 0xEE60, 0xEE60, 0xEE60, 0xEE60, 0xEE60, 
  0xEE60, 0xEE60, 0xEE60, 0xEE60, 0xEE60, 0xEE60, 0xEE60, 0xEE60, 
  0xEE60, 0xEE60, 0xEE60, 0xEE60, 0xEE60, 0xEE60, 0xEE80, 0xE620, 
  0x5240, 0x10C3, 0x52AB, 0xFFFF, 0x0000, 0x0000, 0x0000, 0x0000, 
  0x0000, 0x0000, 0x0000, 0x0000, 0x0000, 0x0000, 0x0000, 0x0000, 
  
  0xFFFF, 0x0000, 0x0001, 0x0000, 0xBD20, 0xEE80, 0x7300, 0x0000, 
  0x5A80, 0xE620, 0xEE80, 0xEE60, 0xEE60, 0xEE60, 0xEE60, 0xEE60, 
  0xEE60, 0xEE80, 0xE640, 0x8BE0, 0x0000, 0x9C40, 0xFEE0, 0xEE40, 
  0xEE60, 0xEE60, 0xEE60, 0xEE60, 0xEE60, 0xEE60, 0xEE60, 0xEE60, 
  0xEE40, 0xEE40, 0xFEC0, 0xEE60, 0xACA0, 0x3160, 0x0000, 0x0000, 
  0x0000, 0x0000, 0x0000, 0x0000, 0x1080, 0x6AE0, 0x9C40, 0xBD00, 
  0xCD80, 0xDDE0, 0xE620, 0xF680, 0xFEC0, 0xFEE0, 0xFEE0, 0xFEC0, 
  0xF6A0, 0xF680, 0xEE60, 0xEE60, 0xEE60, 0xEE60, 0xEE60, 0xEE60, 
  0xEE60, 0xE600, 0xDE00, 0xEE60, 0xF680, 0xF6A0, 0xFEC0, 0xF680, 
  0xE620, 0xE640, 0xEE80, 0xF6A0, 0xFEE0, 0xFEE0, 0xE640, 0xA460, 
  0x0000, 0xACC0, 0xC560, 0x93E0, 0xBD20, 0xFEC0, 0xD5C0, 0x8BC0, 
  0xCD80, 0xEE60, 0xEE60, 0xEE60, 0xEE60, 0xEE60, 0xEE60, 0xEE60, 
  0xEE60, 0xEE60, 0xEE60, 0xEE60, 0xEE60, 0xEE60, 0xEE60, 0xEE60, 
  0xEE60, 0xEE60, 0xEE60, 0xEE60, 0xEE60, 0xEE40, 0xEE60, 0xF6A0, 
  0xCD80, 0x49E0, 0x0025, 0x528A, 0x0000, 0x0000, 0x0000, 0x0000, 
  0x0000, 0x0000, 0x0000, 0x0000, 0x0000, 0x0000, 0x0000, 0x0000, 
  
  0xFFFF, 0x0000, 0x0002, 0x2921, 0xC560, 0xFF00, 0xC560, 0x0000, 
  0x41C0, 0xE600, 0xEE80, 0xEE60, 0xEE60, 0xEE60, 0xEE60, 0xEE60, 
  0xEE60, 0xF680, 0xDE00, 0x8380, 0x0000, 0x9C40, 0xFEE0, 0xEE60, 
  0xEE60, 0xEE60, 0xEE60, 0xEE60, 0xEE40, 0xEE40, 0xEE40, 0xEE60, 
  0xEE80, 0xF6A0, 0xEE60, 0xACA0, 0x41C0, 0x0000, 0x0020, 0x0000, 
  0x0000, 0x0000, 0x7320, 0x9C40, 0xBD00, 0xD5A0, 0xE640, 0xF6A0, 
  0xFEC0, 0xF6A0, 0xF680, 0xEE40, 0xDDE0, 0xD5C0, 0xD5C0, 0xDDE0, 
  0xE620, 0xE640, 0xEE60, 0xEE80, 0xEE60, 0xEE40, 0xEE60, 0xEE60, 
  0xE620, 0xA460, 0x8BC0, 0xA460, 0xACA0, 0xB4C0, 0xCD60, 0xD5C0, 
  0xDE00, 0xCD80, 0xDDE0, 0xDE00, 0xD5A0, 0xCD80, 0xEE40, 0xEE80, 
  0x7B40, 0x0000, 0xD5C0, 0xC540, 0xB4E0, 0xF680, 0xF680, 0xDDE0, 
  0xD5C0, 0xEE60, 0xEE60, 0xEE60, 0xEE60, 0xEE60, 0xEE60, 0xEE60, 
  0xEE60, 0xEE60, 0xEE60, 0xEE60, 0xEE60, 0xEE60, 0xEE60, 0xEE60, 
  0xEE60, 0xEE60, 0xEE60, 0xEE60, 0xEE60, 0xEE60, 0xEE60, 0xEE60, 
  0xFEC0, 0xAC80, 0x39A0, 0x0046, 0x6B6D, 0x0000, 0x0000, 0x0000, 
  0x0000, 0x0000, 0x0000, 0x0000, 0x0000, 0x0000, 0x0000, 0x0000, 
  
  0xFFFF, 0x0000, 0x0004, 0x41C2, 0xC520, 0xFF00, 0xEE60, 0x5A80, 
  0x0000, 0xA460, 0xEE40, 0xF680, 0xEE40, 0xEE60, 0xEE60, 0xEE60, 
  0xEE60, 0xF680, 0xDE00, 0x83A0, 0x0000, 0x9C40, 0xFEE0, 0xEE60, 
  0xEE60, 0xEE60, 0xEE40, 0xEE60, 0xF680, 0xF680, 0xF680, 0xF680, 
  0xEE60, 0xE620, 0x9C40, 0x2920, 0x0000, 0x0820, 0x0000, 0x0000, 
  0x2900, 0x8BA0, 0xD5A0, 0xF680, 0xFEC0, 0xFEC0, 0xF680, 0xEE60, 
  0xEE40, 0xEE40, 0xEE60, 0xE620, 0xB500, 0x8BC0, 0x93E0, 0x9C20, 
  0xAC80, 0xBD00, 0xCD80, 0xDDE0, 0xE640, 0xEE60, 0xEE60, 0xEE60, 
  0xDE00, 0x93E0, 0x6AE1, 0x6B01, 0x5A61, 0x41C1, 0x7321, 0x8381, 
  0x8380, 0x7320, 0x9C21, 0xACC1, 0x83A1, 0x6AE1, 0xC560, 0xFEE0, 
  0xCD60, 0x2920, 0xBD00, 0xDDE0, 0xDDE0, 0xEE40, 0xEE60, 0xF6A0, 
  0xEE80, 0xEE60, 0xEE60, 0xEE60, 0xEE60, 0xEE60, 0xEE60, 0xEE60, 
  0xEE60, 0xEE60, 0xEE60, 0xEE60, 0xEE60, 0xEE60, 0xEE60, 0xEE60, 
  0xEE60, 0xEE60, 0xEE60, 0xEE60, 0xEE60, 0xEE60, 0xEE60, 0xEE60, 
  0xF680, 0xEE60, 0x8BE0, 0x0884, 0x31A7, 0x0000, 0x0000, 0x0000, 
  0x0000, 0x0000, 0x0000, 0x0000, 0x0000, 0x0000, 0x0000, 0x0000, 
  
  0xFFFF, 0x0000, 0x0087, 0x39A3, 0xBD20, 0xFEE0, 0xEE60, 0xBD00, 
  0x2900, 0x2920, 0xDDE0, 0xF6A0, 0xEE40, 0xEE60, 0xEE60, 0xEE60, 
  0xEE60, 0xEE80, 0xE640, 0x93E0, 0x0000, 0xA460, 0xFEE0, 0xEE60, 
  0xEE60, 0xEE60, 0xEE60, 0xEE60, 0xEE60, 0xEE60, 0xEE60, 0xE640, 
  0xC540, 0x5A60, 0x0000, 0x0000, 0x0020, 0x0000, 0x1060, 0x5220, 
  0x93E0, 0xEE60, 0xFEC0, 0xEE80, 0xEE40, 0xEE40, 0xEE60, 0xEE60, 
  0xEE60, 0xEE60, 0xEE60, 0xEE40, 0xD5A0, 0xB4E0, 0xA480, 0x9C41, 
  0x9400, 0x8BE1, 0x8BA0, 0x9C61, 0xD5A1, 0xEE80, 0xEE60, 0xEE60, 
  0xF680, 0xD5C0, 0xC560, 0xC540, 0x9C60, 0x5AA1, 0x62C1, 0x62C1, 
  0x6B01, 0x7340, 0x6B01, 0x9C41, 0xACA1, 0xACC0, 0xDE00, 0xEE80, 
  0xEE60, 0x5A60, 0x8BE0, 0xE620, 0xF6C0, 0xEE40, 0xEE60, 0xEE40, 
  0xEE60, 0xEE60, 0xEE60, 0xEE60, 0xEE60, 0xEE60, 0xEE60, 0xEE60, 
  0xEE60, 0xEE60, 0xEE60, 0xEE60, 0xEE60, 0xEE60, 0xEE60, 0xEE60, 
  0xEE60, 0xEE60, 0xEE60, 0xEE60, 0xEE60, 0xEE60, 0xEE60, 0xEE60, 
  0xEE40, 0xFEE0, 0xCD80, 0x6AE0, 0x0025, 0x6B6E, 0x0000, 0x0000, 
  0x0000, 0x0000, 0x0000, 0x0000, 0x0000, 0x0000, 0x0000, 0x0000, 
  
  0xFFFF, 0x0000, 0x3A4B, 0x1905, 0xBD00, 0xFEC0, 0xEE60, 0xF680, 
  0x4A00, 0x0000, 0xBD00, 0xEE60, 0xEE80, 0xEE60, 0xEE60, 0xEE60, 
  0xEE60, 0xEE60, 0xF6A0, 0x9C40, 0x0000, 0xA460, 0xFEE0, 0xEE60, 
  0xEE60, 0xEE60, 0xF680, 0xC540, 0x7B60, 0x7300, 0x62A0, 0x2920, 
  0x0000, 0x0020, 0x0020, 0x0000, 0x0000, 0x18A0, 0x6AE0, 0xC560, 
  0xFEC0, 0xF680, 0xEE60, 0xEE60, 0xEE60, 0xEE60, 0xEE60, 0xEE60, 
  0xEE60, 0xEE60, 0xEE60, 0xEE60, 0xF680, 0xF6A0, 0xFEC0, 0xFEE0, 
  0xFEE0, 0xFEC0, 0xEE60, 0xDE00, 0xE620, 0xEE60, 0xEE60, 0xEE60, 
  0xEE60, 0xF680, 0xF680, 0xF6A0, 0xE620, 0xB4E1, 0x7321, 0x6B00, 
  0x7B61, 0xA461, 0x8BC1, 0xD5C0, 0xFEE0, 0xF6A0, 0xEE80, 0xEE80, 
  0xE640, 0x62A1, 0xAC80, 0xE620, 0xF680, 0xEE60, 0xEE60, 0xEE60, 
  0xEE60, 0xEE60, 0xEE60, 0xEE60, 0xEE60, 0xEE60, 0xEE60, 0xEE60, 
  0xEE60, 0xEE60, 0xEE60, 0xEE60, 0xEE60, 0xEE60, 0xEE60, 0xEE60, 
  0xEE60, 0xEE60, 0xEE60, 0xEE60, 0xEE60, 0xEE60, 0xEE60, 0xEE60, 
  0xEE60, 0xEE40, 0xFEE0, 0xB4E0, 0x0000, 0x0044, 0xFFFF, 0x0000, 
  0x0000, 0x0000, 0x0000, 0x0000, 0x0000, 0x0000, 0x0000, 0x0000, 
  
  0xFFFF, 0x0000, 0x52CD, 0x0006, 0xB4E0, 0xFF00, 0xE640, 0xACA0, 
  0x41E0, 0x0000, 0x5A80, 0xD5C0, 0xFEC0, 0xEE40, 0xEE60, 0xEE60, 
  0xEE60, 0xEE60, 0xFEC0, 0xAC80, 0x0000, 0xA460, 0xFEE0, 0xEE60, 
  0xEE60, 0xEE60, 0xF680, 0xCD80, 0x7B60, 0x18C0, 0x0880, 0x39A0, 
  0x7B60, 0x7B60, 0x41C0, 0x0000, 0x0000, 0x9400, 0xFEE0, 0xFF20, 
  0xFEC0, 0xFEC0, 0xF6A0, 0xF6A0, 0xF680, 0xEE80, 0xEE80, 0xEE80, 
  0xF680, 0xF6A0, 0xF6A0, 0xF6C0, 0xFEC0, 0xFEC0, 0xDE01, 0xA461, 
  0x9C40, 0xB4C0, 0xD5C0, 0xF6A0, 0xFEC0, 0xF680, 0xEE40, 0xEE60, 
  0xEE60, 0xEE60, 0xEE60, 0xEE60, 0xDE01, 0xC541, 0xB4E0, 0x7B61, 
  0x8381, 0xBD02, 0xB4E1, 0xD5C0, 0xF6A0, 0xEE80, 0xEE40, 0xE620, 
  0xBD00, 0xA481, 0xDE00, 0xEE80, 0xEE60, 0xEE60, 0xEE60, 0xEE60, 
  0xEE60, 0xEE60, 0xEE60, 0xEE60, 0xEE60, 0xEE60, 0xEE60, 0xEE60, 
  0xEE60, 0xEE60, 0xEE60, 0xEE60, 0xEE60, 0xEE60, 0xEE60, 0xEE60, 
  0xEE60, 0xEE60, 0xEE60, 0xEE60, 0xEE60, 0xEE60, 0xEE60, 0xEE60, 
  0xEE60, 0xEE40, 0xF680, 0xE620, 0x9C40, 0x0003, 0x4229, 0x0000, 
  0x0000, 0x0000, 0x0000, 0x0000, 0x0000, 0x0000, 0x0000, 0x0000, 
  
  0xFFFF, 0x0000, 0x4229, 0x0004, 0x9C40, 0xF680, 0xE640, 0x83A0, 
  0x3160, 0x0000, 0x0000, 0xB4C0, 0xEE80, 0xF680, 0xEE40, 0xEE60, 
  0xEE60, 0xEE40, 0xFEE0, 0xB4E0, 0x0000, 0x9400, 0xFEE0, 0xEE40, 
  0xEE40, 0xEE40, 0xEE40, 0xEE60, 0xEE80, 0xF6A0, 0xF680, 0xD5C0, 
  0x8BE0, 0x4A00, 0x1060, 0x0000, 0x49E0, 0x8BC0, 0xA480, 0x8BE0, 
  0x8380, 0x7B60, 0x7320, 0x7300, 0x6AE0, 0x6AC0, 0x6AC0, 0x6AC0, 
  0x6AE0, 0x6B00, 0x7320, 0x7B40, 0x8380, 0x8BC0, 0x8BE0, 0x7B61, 
  0x6B01, 0x5A81, 0x62A1, 0x7B40, 0xACC0, 0xE620, 0xFEC0, 0xEE60, 
  0xEE40, 0xEE60, 0xEE60, 0xEE60, 0xE620, 0xBD00, 0x8BE1, 0x9C41, 
  0x6AE1, 0xA481, 0xB4E1, 0xC541, 0xCDA0, 0xBD20, 0x93E1, 0x8BC0, 
  0x49E0, 0x9400, 0xE620, 0xF680, 0xEE40, 0xEE60, 0xEE60, 0xEE60, 
  0xEE60, 0xEE60, 0xEE60, 0xEE60, 0xEE60, 0xEE60, 0xEE60, 0xEE60, 
  0xEE60, 0xEE60, 0xEE60, 0xEE60, 0xEE60, 0xEE60, 0xEE60, 0xEE60, 
  0xEE60, 0xEE60, 0xEE60, 0xEE60, 0xEE60, 0xEE60, 0xEE60, 0xEE60, 
  0xEE60, 0xEE60, 0xEE60, 0xFEC0, 0xCD80, 0x41C0, 0x0004, 0xA534, 
  0xFFFF, 0x0000, 0x0000, 0x0000, 0x0000, 0x0000, 0x0000, 0x0000, 
  
  0xFFFF, 0x0000, 0x52AB, 0x0005, 0x62C0, 0xCD60, 0xFF00, 0xEE80, 
  0xD5A0, 0x83A0, 0x18A0, 0x4A00, 0xC560, 0xFEE0, 0xEE60, 0xEE40, 
  0xEE40, 0xEE40, 0xFEE0, 0xBD00, 0x0000, 0x7B60, 0xEE80, 0xFEE0, 
  0xFEC0, 0xFEC0, 0xFEE0, 0xFEC0, 0xEE60, 0xCD80, 0xA460, 0x7B60, 
  0x4A00, 0x0020, 0x0000, 0x0000, 0x0000, 0x2900, 0x0000, 0x0000, 
  0x0000, 0x0000, 0x0000, 0x0000, 0x0000, 0x0000, 0x0000, 0x0000, 
  0x0000, 0x0000, 0x0000, 0x0000, 0x0000, 0x0000, 0x0000, 0x0000, 
  0x0000, 0x0000, 0x0000, 0x0000, 0x41E0, 0x8380, 0xC540, 0xF6A0, 
  0xF6A0, 0xEE60, 0xEE40, 0xEE60, 0xEE60, 0xDE00, 0xB4C0, 0x6B01, 
  0x5A81, 0x9420, 0xA460, 0x9C40, 0x9401, 0x8381, 0x62A1, 0x3980, 
  0x0000, 0xC560, 0xEE60, 0xEE60, 0xEE60, 0xEE60, 0xEE60, 0xEE60, 
  0xEE60, 0xEE60, 0xEE60, 0xEE60, 0xEE60, 0xEE60, 0xEE60, 0xEE60, 
  0xEE60, 0xEE60, 0xEE60, 0xEE60, 0xEE60, 0xEE60, 0xEE60, 0xEE60, 
  0xEE60, 0xEE60, 0xEE60, 0xEE60, 0xEE60, 0xEE60, 0xEE60, 0xEE60, 
  0xEE60, 0xEE60, 0xEE40, 0xF680, 0xEE60, 0xB4E0, 0x0001, 0x39C7, 
  0x0000, 0x0000, 0x0000, 0x0000, 0x0000, 0x0000, 0x0000, 0x0000, 
  
  0xFFFF, 0x0000, 0x630C, 0x0005, 0x8BC0, 0xE620, 0xEE40, 0xBD00, 
  0x9C40, 0x5A60, 0x0000, 0x0000, 0x7300, 0xCD80, 0xF6A0, 0xFEC0, 
  0xF6A0, 0xF680, 0xFF00, 0xC540, 0x3160, 0x41C0, 0xA460, 0xD5A0, 
  0xCD80, 0xC560, 0xBD00, 0xAC80, 0x8BC0, 0x5240, 0x0000, 0x0000, 
  0x0000, 0x0000, 0x0840, 0x4A00, 0x6AC0, 0x7B60, 0x9400, 0xA460, 
  0xB4C0, 0xB4E0, 0xBD00, 0xC540, 0xC560, 0xCD60, 0xCD80, 0xCD80, 
  0xCD60, 0xC560, 0xC520, 0xBD00, 0xB4E0, 0xACC0, 0xA460, 0x8BE0, 
  0x7B60, 0x62C0, 0x0000, 0x0000, 0x0000, 0x0000, 0x5A80, 0xACA0, 
  0xDE00, 0xF6A0, 0xEE60, 0xEE40, 0xEE60, 0xF680, 0xE600, 0x9C40, 
  0x41E0, 0x6AE0, 0x9400, 0x8380, 0x6AE0, 0x6B01, 0x4A00, 0x0000, 
  0x41E0, 0xE640, 0xF680, 0xEE60, 0xEE60, 0xEE60, 0xEE60, 0xEE60, 
  0xEE60, 0xEE60, 0xEE60, 0xEE60, 0xEE60, 0xEE60, 0xEE60, 0xEE60, 
  0xEE60, 0xEE60, 0xEE60, 0xEE60, 0xEE60, 0xEE60, 0xEE60, 0xEE60, 
  0xEE60, 0xEE60, 0xEE60, 0xEE60, 0xEE60, 0xEE60, 0xEE60, 0xEE60, 
  0xEE60, 0xEE60, 0xEE60, 0xEE40, 0xF6A0, 0xE620, 0x6AE0, 0x0002, 
  0x6B4D, 0x8410, 0x0000, 0x0000, 0x0000, 0x0000, 0x0000, 0x0000, 
  
  0xFFFF, 0x0000, 0x422B, 0x2945, 0xA460, 0xD5A0, 0x8BA0, 0x0000, 
  0x39A0, 0x7B60, 0x9400, 0x7300, 0x0000, 0x5240, 0xBD00, 0xD5C0, 
  0xDE00, 0xE620, 0xF6A0, 0xCD80, 0x6B00, 0x0000, 0x0020, 0x62C0, 
  0x62A0, 0x49E0, 0x0000, 0x0000, 0x0000, 0x3980, 0x7320, 0x9400, 
  0xAC80, 0xBD00, 0xC560, 0xCDA0, 0xDDE0, 0xE620, 0xEE40, 0xEE60, 
  0xF680, 0xF680, 0xF680, 0xF680, 0xF6A0, 0xF6A0, 0xF6A0, 0xF6A0, 
  0xF6A0, 0xF6A0, 0xF6A0, 0xF6A0, 0xF6A0, 0xF6A0, 0xF680, 0xEE60, 
  0xE620, 0xD600, 0xB500, 0x6AC0, 0x0000, 0x0000, 0x0000, 0x0000, 
  0x93E0, 0xD5C0, 0xF680, 0xEE80, 0xEE40, 0xEE60, 0xF680, 0xDE00, 
  0x8BC0, 0x39A0, 0x6B00, 0x6B00, 0x62A0, 0x62A0, 0x39A0, 0x18A0, 
  0x9C60, 0xEE60, 0xEE80, 0xEE40, 0xEE60, 0xEE60, 0xEE60, 0xEE60, 
  0xEE60, 0xEE60, 0xEE60, 0xEE60, 0xEE60, 0xEE60, 0xEE60, 0xEE60, 
  0xEE60, 0xEE60, 0xEE60, 0xEE60, 0xEE60, 0xEE60, 0xEE60, 0xEE60, 
  0xEE60, 0xEE60, 0xEE60, 0xEE60, 0xEE60, 0xEE60, 0xEE60, 0xEE60, 
  0xEE60, 0xEE60, 0xEE60, 0xEE40, 0xEE80, 0xEE60, 0xC560, 0x0000, 
  0x39E8, 0x528A, 0x0000, 0x0000, 0x0000, 0x0000, 0x0000, 0x0000, 
  
  0xFFFF, 0x0000, 0x2169, 0x5A64, 0x7300, 0x6AC0, 0x5240, 0x9400, 
  0xBD20, 0xDE00, 0xEE60, 0xBD00, 0x62C0, 0x41A0, 0x3140, 0x5A80, 
  0x93E0, 0xA480, 0xBD00, 0xACA0, 0x6B00, 0x0000, 0x0000, 0x0000, 
  0x0000, 0x4A00, 0x7320, 0x9400, 0xACA0, 0xBD20, 0xD5C0, 0xE620, 
  0xEE60, 0xF6A0, 0xEEA0, 0xEE80, 0xE660, 0xE620, 0xDDE0, 0xD5C0, 
  0xC560, 0xBD20, 0xB500, 0xB4E0, 0xACC0, 0xACC0, 0xACC0, 0xACC0, 
  0xACC0, 0xB4E0, 0xB500, 0xC540, 0xCD80, 0xD5C0, 0xDDE0, 0xE620, 
  0xEE60, 0xF6C0, 0xF6A0, 0xACA1, 0x2101, 0x0001, 0x0000, 0x0000, 
  0x0000, 0x6AC0, 0xCDA0, 0xF680, 0xEE80, 0xEE40, 0xEE60, 0xF6A0, 
  0xDDE0, 0x7320, 0x3140, 0x5221, 0x5220, 0x3980, 0x39A0, 0x39A0, 
  0xDDE0, 0xEE60, 0xEE60, 0xEE60, 0xEE60, 0xEE60, 0xEE60, 0xEE60, 
  0xEE60, 0xEE60, 0xEE60, 0xEE60, 0xEE60, 0xEE60, 0xEE60, 0xEE60, 
  0xEE40, 0xEE60, 0xEE60, 0xEE60, 0xEE60, 0xEE60, 0xEE60, 0xEE60, 
  0xEE60, 0xEE60, 0xEE60, 0xEE60, 0xEE60, 0xEE60, 0xEE60, 0xEE60, 
  0xEE60, 0xEE60, 0xEE60, 0xEE60, 0xEE40, 0xF680, 0xEE80, 0x7320, 
  0x1061, 0x4209, 0xFFFF, 0x0000, 0x0000, 0x0000, 0x0000, 0x0000, 
  
  0xFFFF, 0x0000, 0x39C7, 0x0003, 0x3160, 0x8BC0, 0xD5C0, 0xFEE0, 
  0xFEC0, 0xF6A0, 0xF6A0, 0xD5E0, 0xBD20, 0xBD00, 0xA440, 0x4A20, 
  0x0000, 0x0000, 0x0000, 0x0000, 0x0000, 0x41C0, 0x6280, 0x7B40, 
  0x9420, 0xBD20, 0xDE00, 0xF6A0, 0xFEE0, 0xF6A0, 0xE620, 0xC540, 
  0xA4A0, 0x8BC0, 0x62C0, 0x39E0, 0x00A0, 0x0000, 0x0000, 0x0000, 
  0x0000, 0x0000, 0x0000, 0x0000, 0x1800, 0x2000, 0x2000, 0x2000, 
  0x1800, 0x1000, 0x0000, 0x0000, 0x0000, 0x0000, 0x0000, 0x0120, 
  0x3A40, 0x6B20, 0xACC0, 0xA480, 0x62C3, 0x0024, 0x0020, 0x0000, 
  0x0000, 0x0000, 0x5240, 0xCD80, 0xF6A0, 0xEE60, 0xEE40, 0xEE60, 
  0xFEE0, 0xC540, 0x62A0, 0x2900, 0x41C0, 0x2920, 0x10A0, 0x62C0, 
  0xF6A0, 0xEE60, 0xEE40, 0xEE60, 0xEE60, 0xEE60, 0xEE60, 0xEE60, 
  0xEE60, 0xEE60, 0xEE60, 0xEE60, 0xEE60, 0xEE60, 0xEE60, 0xEE60, 
  0xE620, 0xD5C0, 0xE640, 0xEE60, 0xEE60, 0xEE60, 0xEE60, 0xEE60, 
  0xEE60, 0xEE60, 0xEE60, 0xEE60, 0xEE60, 0xEE60, 0xEE60, 0xEE60, 
  0xEE60, 0xEE60, 0xEE60, 0xEE60, 0xEE60, 0xEE60, 0xEE60, 0xCDA0, 
  0x3160, 0x39E8, 0x5ACB, 0x0000, 0x0000, 0x0000, 0x0000, 0x0000, 
  
  0xFFFF, 0x0000, 0x10C4, 0x0002, 0xACA0, 0xFEE0, 0xF6A0, 0xEE60, 
  0xEE60, 0xEE60, 0xEE40, 0xF6A0, 0xFF00, 0xF6A0, 0xC540, 0x5A80, 
  0x1060, 0x0840, 0x20E0, 0x39A0, 0x6B00, 0xACA0, 0xDE00, 0xFEE0, 
  0xFF00, 0xF680, 0xD5A0, 0xA460, 0x6AE0, 0x2960, 0x0000, 0x0000, 
  0x0000, 0x1000, 0x2000, 0x2800, 0x3800, 0x4800, 0x5800, 0x7000, 
  0x8000, 0x8800, 0x9800, 0xA800, 0xB000, 0xB800, 0xB800, 0xB000, 
  0xB000, 0xB000, 0xA800, 0x9800, 0x8800, 0x7800, 0x7000, 0x5800, 
  0x4000, 0x3000, 0x1800, 0x1000, 0x20E3, 0x2145, 0x0882, 0x0000, 
  0x0000, 0x0000, 0x0000, 0x62C0, 0xCD80, 0xFEC0, 0xEE40, 0xEE60, 
  0xEE40, 0xFEE0, 0xACA0, 0x3180, 0x0861, 0x18C1, 0x2900, 0x83A0, 
  0xF6A0, 0xEE60, 0xEE40, 0xEE60, 0xEE60, 0xEE60, 0xEE60, 0xEE60, 
  0xEE60, 0xEE60, 0xEE60, 0xEE60, 0xEE60, 0xEE60, 0xEE60, 0xEE60, 
  0xE620, 0x8BA1, 0xCDA0, 0xEE60, 0xEE60, 0xEE60, 0xEE60, 0xEE60, 
  0xEE60, 0xEE60, 0xEE60, 0xEE60, 0xEE60, 0xEE60, 0xEE60, 0xEE60, 
  0xEE60, 0xEE60, 0xEE60, 0xEE60, 0xEE60, 0xEE40, 0xEE60, 0xF6A0, 
  0x6AE0, 0x18C2, 0x2126, 0x0000, 0x0000, 0x0000, 0x0000, 0x0000, 
  
  0xFFFF, 0x0000, 0x0003, 0x5220, 0xC560, 0xFEE0, 0xEE40, 0xEE60, 
  0xEE40, 0xF680, 0xFEC0, 0xE600, 0x9C40, 0x4A00, 0x18C0, 0x0000, 
  0x0000, 0x5A60, 0xB4E0, 0xEE60, 0xFEE0, 0xEE40, 0xBD20, 0x8BE0, 
  0x62C0, 0x41E0, 0x2940, 0x08E0, 0x0080, 0x0020, 0x2000, 0x5000, 
  0x7800, 0xA800, 0xC000, 0xD000, 0xE800, 0xF800, 0xF800, 0xF800, 
  0xF800, 0xF800, 0xF800, 0xF800, 0xF800, 0xF800, 0xF800, 0xF800, 
  0xF800, 0xF800, 0xF800, 0xF800, 0xF800, 0xF800, 0xF800, 0xF800, 
  0xF000, 0xE000, 0xC800, 0xB000, 0x8800, 0x5020, 0x1000, 0x0800, 
  0x0800, 0x0000, 0x0000, 0x0000, 0x8380, 0xDDE0, 0xFEC0, 0xEE40, 
  0xEE60, 0xEE60, 0xF680, 0x9C40, 0x0000, 0x0000, 0x3980, 0x9C40, 
  0xF6A0, 0xEE60, 0xEE60, 0xEE60, 0xEE60, 0xEE60, 0xEE60, 0xEE60, 
  0xEE60, 0xEE60, 0xEE60, 0xEE60, 0xEE60, 0xEE60, 0xEE60, 0xEE60, 
  0xF6A0, 0xA460, 0x9C40, 0xDDE0, 0xF6A0, 0xEE40, 0xEE60, 0xEE60, 
  0xEE60, 0xEE60, 0xEE60, 0xEE60, 0xEE60, 0xEE60, 0xEE60, 0xEE60, 
  0xEE60, 0xEE60, 0xEE60, 0xEE60, 0xEE60, 0xEE60, 0xEE60, 0xF680, 
  0xBD20, 0x49E0, 0x3A09, 0x8430, 0x0000, 0x0000, 0x0000, 0x0000, 
  
  0xFFFF, 0x9493, 0x0004, 0xA460, 0xE640, 0xF680, 0xEE40, 0xEE60, 
  0xFEC0, 0xE640, 0xA460, 0x5A80, 0x1080, 0x0000, 0x3140, 0xA480, 
  0xEE60, 0xF680, 0xD5A0, 0xA460, 0x7B80, 0x62C0, 0x4200, 0x0140, 
  0x0060, 0x0000, 0x4000, 0x8800, 0xC000, 0xE800, 0xF800, 0xF800, 
  0xF800, 0xF800, 0xF800, 0xF800, 0xF800, 0xF800, 0xF800, 0xF800, 
  0xF800, 0xF800, 0xE000, 0xC000, 0xD000, 0xF000, 0xF800, 0xF800, 
  0xF800, 0xF800, 0xF800, 0xF800, 0xF800, 0xF800, 0xF000, 0xF800, 
  0xF800, 0xF800, 0xF800, 0xF000, 0xF000, 0xF000, 0xE800, 0xA800, 
  0x3000, 0x0000, 0x2000, 0x0000, 0x0000, 0x9400, 0xEE80, 0xEE80, 
  0xEE60, 0xEE40, 0xF6C0, 0xD5C0, 0x7340, 0x0000, 0x39A0, 0xA480, 
  0xF6A0, 0xEE60, 0xEE60, 0xEE60, 0xEE60, 0xEE60, 0xEE60, 0xEE60, 
  0xEE60, 0xEE60, 0xEE60, 0xEE60, 0xEE60, 0xEE60, 0xEE60, 0xEE60, 
  0xF680, 0xD5C0, 0x83A0, 0xC560, 0xF6A0, 0xEE40, 0xEE60, 0xEE60, 
  0xEE60, 0xEE60, 0xEE60, 0xEE60, 0xEE60, 0xEE60, 0xEE60, 0xEE60, 
  0xEE60, 0xEE60, 0xEE60, 0xEE60, 0xEE60, 0xEE60, 0xEE60, 0xEE60, 
  0xF680, 0x6AE0, 0x0005, 0x2146, 0x0000, 0x0000, 0x0000, 0x0000, 
  
  0xFFFF, 0x2988, 0x0042, 0xCD60, 0xF6A0, 0xEE40, 0xEE60, 0xFEC0, 
  0xC560, 0x8380, 0x0000, 0x0000, 0x6B00, 0xC560, 0xE640, 0xCD80, 
  0xACC0, 0x9420, 0x7320, 0x29C0, 0x0000, 0x0000, 0x4800, 0x9000, 
  0xC000, 0xD800, 0xE000, 0xF000, 0xF000, 0xD000, 0x9000, 0x9800, 
  0xA800, 0xE800, 0xF800, 0xF800, 0xF800, 0xF800, 0xF800, 0xF800, 
  0xE800, 0xA000, 0x5800, 0x2800, 0x5000, 0x8800, 0xC800, 0xF800, 
  0xF800, 0xF800, 0xF800, 0xF800, 0xE800, 0x9000, 0x7000, 0x9000, 
  0xD000, 0xF800, 0xF800, 0xF800, 0xF800, 0xF000, 0x9800, 0x4800, 
  0x0000, 0x0000, 0x0000, 0x8820, 0x7800, 0x01A0, 0xA480, 0xFEC0, 
  0xEE60, 0xEE40, 0xEE60, 0xF6A0, 0xBD00, 0x0000, 0x3140, 0x9420, 
  0xF6A0, 0xEE60, 0xEE60, 0xEE60, 0xEE60, 0xEE60, 0xEE60, 0xEE60, 
  0xEE60, 0xEE60, 0xEE60, 0xEE60, 0xEE60, 0xEE60, 0xEE60, 0xEE60, 
  0xEE60, 0xF6A0, 0x9C40, 0xA480, 0xE620, 0xEE80, 0xEE60, 0xEE60, 
  0xEE60, 0xEE60, 0xEE60, 0xEE60, 0xEE60, 0xEE60, 0xEE60, 0xEE60, 
  0xEE60, 0xEE60, 0xEE60, 0xEE60, 0xEE60, 0xEE60, 0xEE60, 0xEE60, 
  0xFEC0, 0xA460, 0x39A0, 0x1927, 0x0000, 0x0000, 0x0000, 0x0000, 
  
  0xEF5D, 0x0003, 0x9C20, 0xE620, 0xF680, 0xEE60, 0xF6A0, 0xBD00, 
  0x5A60, 0x0000, 0x8380, 0xCD80, 0xDE00, 0xCD80, 0xB4E0, 0x83A0, 
  0x11A0, 0x0000, 0x0000, 0x6800, 0xA800, 0xC800, 0xD000, 0xE800, 
  0xF800, 0xF800, 0xF800, 0xF020, 0xB800, 0x5800, 0x00A2, 0x0124, 
  0x0000, 0x8000, 0xD000, 0xF800, 0xF800, 0xF800, 0xF800, 0xE000, 
  0x8800, 0x29E7, 0x9D34, 0xB5B6, 0x6BEF, 0x0000, 0x6800, 0xD000, 
  0xF800, 0xF800, 0xF800, 0xE020, 0x8800, 0x19E7, 0x7430, 0x0000, 
  0x6800, 0xB800, 0xE800, 0xF800, 0xE800, 0x8800, 0x0144, 0x9D34, 
  0xCE79, 0x7BCF, 0x00E4, 0x7000, 0xB000, 0x9800, 0x2240, 0xCDA0, 
  0xF6A0, 0xEE60, 0xEE40, 0xF6A0, 0xE620, 0x8BE0, 0x0000, 0x7B60, 
  0xF6A0, 0xEE60, 0xEE40, 0xEE60, 0xEE60, 0xEE60, 0xEE60, 0xEE60, 
  0xEE60, 0xEE60, 0xEE60, 0xEE60, 0xEE60, 0xEE60, 0xEE60, 0xEE60, 
  0xEE40, 0xF6A0, 0xCD80, 0xBD00, 0xDDE0, 0xF680, 0xEE60, 0xEE60, 
  0xEE60, 0xEE60, 0xEE60, 0xEE60, 0xEE60, 0xEE60, 0xEE60, 0xEE60, 
  0xEE60, 0xEE60, 0xEE60, 0xEE60, 0xEE60, 0xEE60, 0xEE60, 0xEE60, 
  0xF680, 0xDDE0, 0x7300, 0x0006, 0x632D, 0x0000, 0x0000, 0x0000, 
  
  0x8431, 0x0002, 0xD5A0, 0xF680, 0xF680, 0xEE60, 0xBD20, 0x18C0, 
  0x5A60, 0xB4E0, 0xDE00, 0xE640, 0xC540, 0x7340, 0x0000, 0x2000, 
  0x7000, 0xA000, 0xB800, 0xD000, 0xF000, 0xF800, 0xF800, 0xF800, 
  0xF800, 0xF800, 0xF000, 0xB000, 0x3841, 0x63CF, 0xBE18, 0xBDF7, 
  0x6B8E, 0x0000, 0x6800, 0xD000, 0xF800, 0xF800, 0xE000, 0x8800, 
  0x2A69, 0xB5D7, 0xEF9E, 0xFFDF, 0xDEFB, 0x9492, 0x0000, 0x6800, 
  0xE800, 0xF800, 0xE820, 0x8800, 0x42EB, 0xB5D7, 0xDEFB, 0x9D14, 
  0x0000, 0x3800, 0xD800, 0xE800, 0x9000, 0x128A, 0xB5D7, 0xF79E, 
  0xFFFF, 0xDEFB, 0x6B6D, 0x0000, 0xB000, 0xE000, 0x48A0, 0x6B20, 
  0xEE60, 0xEE80, 0xEE60, 0xEE60, 0xF680, 0xD5A0, 0x0000, 0x5A80, 
  0xF680, 0xEE60, 0xEE60, 0xEE60, 0xEE60, 0xEE60, 0xEE60, 0xEE60, 
  0xEE60, 0xEE60, 0xEE60, 0xEE60, 0xEE60, 0xEE60, 0xEE60, 0xEE60, 
  0xEE60, 0xEE60, 0xEE40, 0xE600, 0xE620, 0xEE60, 0xEE60, 0xEE60, 
  0xEE60, 0xEE60, 0xEE60, 0xEE60, 0xEE60, 0xEE60, 0xEE60, 0xEE60, 
  0xEE60, 0xEE60, 0xEE60, 0xEE60, 0xEE60, 0xEE60, 0xEE60, 0xEE60, 
  0xEE60, 0xFEC0, 0x9400, 0x0004, 0x2146, 0x0000, 0x0000, 0x0000, 
  
  0x2149, 0x5241, 0xE620, 0xFEC0, 0xEE80, 0xCD60, 0x18C0, 0x6AC0, 
  0xCDA0, 0xF6C0, 0xD5E0, 0x7B60, 0x0000, 0x1800, 0x5000, 0x8000, 
  0xC800, 0xF800, 0xF800, 0xF800, 0xF800, 0xF800, 0xF800, 0xF800, 
  0xF800, 0xF800, 0xB800, 0x3000, 0x63AE, 0xD6DB, 0xFFFF, 0xFFFF, 
  0xD69A, 0x7BCF, 0x00C3, 0x7000, 0xD000, 0xE800, 0xA000, 0x0228, 
  0xB5D7, 0xFFFF, 0xFFFF, 0xFFFF, 0xFFFF, 0xEF5D, 0x634D, 0x0000, 
  0xA000, 0xE800, 0x9800, 0x2945, 0xB5B6, 0xFFFF, 0xFFFF, 0xF79E, 
  0x7BEF, 0x00E3, 0xA000, 0x7800, 0x3248, 0xB5D7, 0xFFFF, 0xFFFF, 
  0xFFFF, 0xFFFF, 0xAD75, 0x00E3, 0x8800, 0xD800, 0xB000, 0x0000, 
  0xB4E0, 0xEE80, 0xEE80, 0xEE40, 0xF6A0, 0xE640, 0x83A0, 0x2920, 
  0xDE00, 0xEE60, 0xEE60, 0xEE60, 0xEE60, 0xEE60, 0xEE60, 0xEE60, 
  0xEE60, 0xEE60, 0xEE60, 0xEE60, 0xEE60, 0xEE60, 0xEE60, 0xEE60, 
  0xEE60, 0xEE40, 0xEE60, 0xEE80, 0xEE60, 0xEE40, 0xEE60, 0xEE60, 
  0xEE60, 0xEE60, 0xEE60, 0xEE60, 0xEE60, 0xEE60, 0xEE60, 0xEE60, 
  0xEE60, 0xEE60, 0xEE60, 0xEE60, 0xEE60, 0xEE60, 0xEE60, 0xEE60, 
  0xEE40, 0xFEE0, 0xB4E0, 0x41C0, 0x0004, 0x0000, 0x0000, 0x0000, 
  
  0x0000, 0x9400, 0xE620, 0xFEE0, 0xD5C0, 0x6AE0, 0x5220, 0xD5C0, 
  0xF6E0, 0xA480, 0x18E0, 0x0000, 0x5000, 0x6800, 0x7800, 0x9000, 
  0xC800, 0xE800, 0xF000, 0xF800, 0xF800, 0xF800, 0xF800, 0xF800, 
  0xF800, 0xD800, 0x5800, 0x01E7, 0xC659, 0xFFFF, 0xFFFF, 0xFFFF, 
  0xFFFF, 0xD6BA, 0x73AE, 0x0000, 0x8000, 0xA800, 0x0208, 0xA555, 
  0xFFFF, 0xFFFF, 0xFFFF, 0xFFFF, 0xFFFF, 0xFFFF, 0xD6BA, 0x1904, 
  0x0020, 0x9000, 0x4800, 0x9514, 0xEF7D, 0xFFFF, 0xFFFF, 0xFFFF, 
  0xE71C, 0x6B4D, 0x0000, 0x0000, 0xAD75, 0xFFFF, 0xFFFF, 0xFFFF, 
  0xFFFF, 0xFFFF, 0xD6BA, 0x73AE, 0x4000, 0xA800, 0xC800, 0x00E3, 
  0x0000, 0xDDE0, 0xF680, 0xEE60, 0xEE60, 0xEE60, 0xD5C0, 0x20E0, 
  0xACC0, 0xEE60, 0xEE60, 0xEE40, 0xEE60, 0xEE60, 0xEE60, 0xEE60, 
  0xEE60, 0xEE60, 0xEE60, 0xEE60, 0xEE60, 0xEE60, 0xEE60, 0xEE60, 
  0xEE60, 0xEE60, 0xEE60, 0xEE60, 0xEE60, 0xEE60, 0xEE60, 0xEE60, 
  0xEE60, 0xEE60, 0xEE60, 0xEE60, 0xEE60, 0xEE60, 0xEE60, 0xEE60, 
  0xEE60, 0xEE60, 0xEE60, 0xEE60, 0xEE60, 0xEE60, 0xEE60, 0xEE60, 
  0xEE60, 0xF6A0, 0xD5C0, 0x7B60, 0x0005, 0x73AF, 0x0000, 0x0000, 
  
  0x0000, 0x9C40, 0xEE40, 0xF6A0, 0xAC80, 0x0000, 0xACA0, 0xFEE0, 
  0x6B00, 0x0000, 0x3800, 0x8000, 0x7800, 0x0082, 0x2186, 0x3207, 
  0x0145, 0x1061, 0xA800, 0xE800, 0xF800, 0xF800, 0xF800, 0xF800, 
  0xF000, 0x7000, 0x0000, 0xB5B6, 0xFFDF, 0xFFFF, 0xFFFF, 0xFFFF, 
  0xFFFF, 0xFFFF, 0xC638, 0x630C, 0x0000, 0x0000, 0x8451, 0xFFFF, 
  0xFFFF, 0xFFFF, 0xFFFF, 0xFFFF, 0xFFFF, 0xFFFF, 0xF7BE, 0x94B2, 
  0x1904, 0x0000, 0x7C10, 0xE71C, 0xFFFF, 0xFFFF, 0xFFFF, 0xFFFF, 
  0xFFFF, 0xAD75, 0x1904, 0x94B2, 0xEF5D, 0xFFFF, 0xFFFF, 0xFFFF, 
  0xFFFF, 0xFFFF, 0xFFDF, 0xA514, 0x0000, 0x1820, 0x3A08, 0x73AE, 
  0x10E5, 0x8380, 0xE620, 0xF6A0, 0xEE40, 0xF680, 0xEE60, 0x5A80, 
  0x5A80, 0xEE60, 0xF680, 0xEE40, 0xEE60, 0xEE60, 0xEE60, 0xEE60, 
  0xEE60, 0xEE60, 0xEE60, 0xEE60, 0xEE60, 0xEE60, 0xEE60, 0xEE60, 
  0xEE60, 0xEE60, 0xEE60, 0xEE60, 0xEE60, 0xEE60, 0xEE60, 0xEE60, 
  0xEE60, 0xEE60, 0xEE60, 0xEE60, 0xEE60, 0xEE60, 0xEE60, 0xEE60, 
  0xEE60, 0xEE60, 0xEE60, 0xEE60, 0xEE60, 0xEE60, 0xEE60, 0xEE60, 
  0xEE60, 0xEE60, 0xEE60, 0x9C40, 0x0004, 0x39E8, 0x0000, 0x0000, 
  
  0x0000, 0x9420, 0xF6A0, 0xD5A0, 0x41C0, 0x8BA0, 0xEE60, 0x5A80, 
  0x00C0, 0x5000, 0xC800, 0xA000, 0x0000, 0x630C, 0xCE59, 0xEF7D, 
  0xB5B6, 0x4A8A, 0x0000, 0x6000, 0xD000, 0xF800, 0xF800, 0xF800, 
  0x9800, 0x1000, 0x7BEF, 0xDEFB, 0xFFFF, 0xFFFF, 0xFFFF, 0xFFFF, 
  0xFFFF, 0xFFFF, 0xFFFF, 0xC638, 0x4208, 0x6B8E, 0xE71C, 0xFFFF, 
  0xFFFF, 0xFFFF, 0xFFFF, 0xFFFF, 0xFFFF, 0xFFFF, 0xFFFF, 0xF79E, 
  0x31A6, 0x1924, 0xDEFB, 0xFFFF, 0xFFFF, 0xFFFF, 0xFFFF, 0xFFFF, 
  0xFFFF, 0xCE79, 0x630C, 0xCE59, 0xFFFF, 0xFFFF, 0xFFFF, 0xFFFF, 
  0xFFFF, 0xFFFF, 0xFFFF, 0xB5B6, 0x0000, 0x52CB, 0xC658, 0xFFDF, 
  0x8C72, 0x0006, 0xC540, 0xF680, 0xEE60, 0xEE60, 0xEE60, 0xACC0, 
  0x20E0, 0xDDE0, 0xEE60, 0xEE60, 0xEE60, 0xEE60, 0xEE60, 0xEE60, 
  0xEE60, 0xEE60, 0xEE60, 0xEE60, 0xEE60, 0xEE60, 0xEE60, 0xEE60, 
  0xEE60, 0xEE60, 0xEE60, 0xEE60, 0xEE40, 0xEE60, 0xEE60, 0xEE60, 
  0xEE60, 0xE640, 0xE640, 0xEE60, 0xEE60, 0xEE60, 0xEE60, 0xEE60, 
  0xEE60, 0xEE60, 0xEE60, 0xEE60, 0xEE60, 0xEE60, 0xEE60, 0xEE60, 
  0xEE60, 0xEE40, 0xFEC0, 0xACA0, 0x0001, 0x0864, 0x0000, 0x0000, 
  
  0x0000, 0x7B40, 0xF6A0, 0xBD00, 0x3980, 0x83A0, 0x7B80, 0x0000, 
  0x7000, 0xE800, 0xB800, 0x5000, 0x3A69, 0xB5B6, 0xFFFF, 0xFFFF, 
  0xF7BE, 0xF7BE, 0xAD96, 0x31C7, 0x3000, 0xA820, 0xF000, 0xD800, 
  0x4000, 0x0000, 0xD69A, 0xFFFF, 0xFFFF, 0xFFFF, 0xFFFF, 0xFFFF, 
  0xFFFF, 0xFFFF, 0xFFFF, 0xF79E, 0xA534, 0x9492, 0xFFFF, 0xFFFF, 
  0xFFFF, 0xFFFF, 0xFFFF, 0xFFFF, 0xFFFF, 0xFFFF, 0xFFFF, 0xF79E, 
  0x39E7, 0xCE59, 0xFFDF, 0xFFFF, 0xFFFF, 0xFFFF, 0xFFFF, 0xFFFF, 
  0xFFFF, 0xD69A, 0x7BCF, 0xD69A, 0xFFFF, 0xFFFF, 0xFFFF, 0xFFFF, 
  0xFFFF, 0xFFFF, 0xFFFF, 0xB5B6, 0x6B6D, 0xCE79, 0xFFFF, 0xFFFF, 
  0xF7BE, 0x5ACC, 0x3960, 0xD5C0, 0xFEC0, 0xEE40, 0xEE60, 0xE620, 
  0x2940, 0x8BA0, 0xE620, 0xF680, 0xEE40, 0xEE60, 0xEE60, 0xEE60, 
  0xEE60, 0xEE60, 0xEE60, 0xEE60, 0xEE60, 0xEE60, 0xEE60, 0xEE60, 
  0xEE60, 0xEE60, 0xEE60, 0xEE80, 0xE620, 0xC540, 0xB4C0, 0xF6A0, 
  0xEE60, 0xDE00, 0x8BC0, 0xC540, 0xF680, 0xEE60, 0xEE60, 0xEE60, 
  0xEE60, 0xEE60, 0xEE60, 0xEE60, 0xEE60, 0xEE60, 0xEE60, 0xEE60, 
  0xEE60, 0xEE40, 0xFEC0, 0xBD20, 0x3980, 0x0003, 0xBDF7, 0x0000, 
  
  0x0006, 0x20C0, 0xE620, 0xACA0, 0x0000, 0x5260, 0x20A0, 0x8000, 
  0xE000, 0xF800, 0x9000, 0x0000, 0x9CD3, 0xF7BE, 0xFFFF, 0xFFFF, 
  0xFFFF, 0xFFFF, 0xF7BE, 0xD6BA, 0x7C30, 0x0000, 0x8000, 0x7000, 
  0x0000, 0xB5B6, 0xF7BE, 0xFFFF, 0xFFFF, 0xFFFF, 0xFFFF, 0xFFFF, 
  0xFFFF, 0xFFFF, 0xFFFF, 0xFFDF, 0xB596, 0x94B2, 0xFFFF, 0xFFFF, 
  0xFFFF, 0xFFFF, 0xFFFF, 0xFFFF, 0xFFFF, 0xFFFF, 0xFFFF, 0xE73C, 
  0x8430, 0xEF7D, 0xFFFF, 0xFFFF, 0xFFFF, 0xFFFF, 0xFFFF, 0xFFFF, 
  0xFFFF, 0xBDF7, 0x8430, 0xD6BA, 0xFFFF, 0xFFFF, 0xFFFF, 0xFFFF, 
  0xFFFF, 0xFFFF, 0xFFDF, 0x9CF3, 0xA514, 0xFFFF, 0xFFFF, 0xFFFF, 
  0xFFFF, 0xBE18, 0x3A2A, 0x8BC0, 0xE620, 0xF6A0, 0xEE60, 0xF680, 
  0x7340, 0x41E0, 0xDDE0, 0xF6A0, 0xEE40, 0xEE60, 0xEE60, 0xEE60, 
  0xEE60, 0xEE60, 0xEE60, 0xEE60, 0xEE60, 0xEE60, 0xEE60, 0xEE60, 
  0xEE60, 0xEE60, 0xEE60, 0xEE60, 0xEE60, 0xC540, 0x7B41, 0xEE40, 
  0xEE60, 0xF6A0, 0x8380, 0x6AE0, 0xD5A0, 0xFEC0, 0xEE40, 0xEE60, 
  0xEE60, 0xEE60, 0xEE60, 0xEE60, 0xEE60, 0xEE60, 0xEE60, 0xEE60, 
  0xEE60, 0xEE40, 0xFEC0, 0xCDA0, 0x6B00, 0x0004, 0x73AE, 0x0000, 
  
  0x0000, 0x0000, 0xBD20, 0x8BC0, 0x0000, 0x20C0, 0x7800, 0xE800, 
  0xF800, 0xD000, 0x6000, 0x0000, 0xBDD7, 0xFFFF, 0xFFFF, 0xFFFF, 
  0xFFFF, 0xFFFF, 0xFFFF, 0xFFFF, 0xE73C, 0x9D14, 0x0000, 0x0000, 
  0x6B8E, 0xEF7D, 0xFFFF, 0xFFFF, 0xFFFF, 0xFFFF, 0xFFFF, 0xFFFF, 
  0xFFFF, 0xFFFF, 0xFFFF, 0xFFFF, 0xBDF7, 0x9492, 0xFFFF, 0xFFFF, 
  0xFFFF, 0xFFFF, 0xFFFF, 0xFFFF, 0xFFFF, 0xFFFF, 0xFFDF, 0xCE79, 
  0x9CF3, 0xF7BE, 0xFFFF, 0xFFFF, 0xFFFF, 0xFFFF, 0xFFFF, 0xFFFF, 
  0xFFFF, 0xA514, 0x94B2, 0xE71C, 0xFFFF, 0xFFFF, 0xFFFF, 0xFFFF, 
  0xFFFF, 0xFFFF, 0xDEDB, 0x8410, 0xBDF7, 0xFFFF, 0xFFFF, 0xFFFF, 
  0xFFFF, 0xFFDF, 0x8C72, 0x0000, 0xB4C0, 0xF6A0, 0xEE60, 0xEE60, 
  0xCDA0, 0xBD20, 0xEE60, 0xFEC0, 0xEE60, 0xEE40, 0xEE60, 0xEE60, 
  0xEE60, 0xEE60, 0xEE60, 0xEE60, 0xEE60, 0xEE60, 0xEE60, 0xEE60, 
  0xEE60, 0xEE60, 0xEE60, 0xEE60, 0xF6A0, 0xD5C0, 0x5A80, 0xBD00, 
  0xF680, 0xFEE0, 0xBD00, 0x41C0, 0xA460, 0xF6A0, 0xEE60, 0xEE60, 
  0xEE60, 0xEE60, 0xEE60, 0xEE60, 0xEE60, 0xEE60, 0xEE60, 0xEE60, 
  0xEE60, 0xEE40, 0xF6A0, 0xDDE0, 0x8BC0, 0x0003, 0x4A6A, 0x0000, 
  
  0x0000, 0x0001, 0x7B60, 0x5260, 0x0000, 0x0800, 0x7000, 0xD800, 
  0xF800, 0x9000, 0x0000, 0x73CF, 0xDEDB, 0xFFFF, 0xFFFF, 0xFFFF, 
  0xFFFF, 0xFFFF, 0xFFFF, 0xFFFF, 0xFFFF, 0xF79E, 0xAD75, 0x8C51, 
  0xD6BA, 0xFFFF, 0xFFFF, 0xFFFF, 0xFFFF, 0xFFFF, 0xFFFF, 0xFFFF, 
  0xFFFF, 0xFFFF, 0xFFFF, 0xFFFF, 0xCE59, 0x8C71, 0xFFDF, 0xFFFF, 
  0xFFFF, 0xFFFF, 0xFFFF, 0xFFFF, 0xFFFF, 0xFFFF, 0xFFDF, 0xCE79, 
  0xBDD7, 0xF7BE, 0xFFFF, 0xFFFF, 0xFFFF, 0xFFFF, 0xFFFF, 0xFFFF, 
  0xFFFF, 0xA514, 0xC618, 0xF79E, 0xFFFF, 0xFFFF, 0xFFFF, 0xFFFF, 
  0xFFFF, 0xFFFF, 0xB596, 0x94B2, 0xDEFB, 0xFFFF, 0xFFFF, 0xFFFF, 
  0xFFFF, 0xFFFF, 0xCE59, 0x4A8C, 0x5A40, 0xCDA0, 0xFEC0, 0xEE40, 
  0xF680, 0xF6A0, 0xDDE0, 0xDDE0, 0xE640, 0xEE60, 0xEE60, 0xEE60, 
  0xEE60, 0xEE60, 0xEE60, 0xEE60, 0xEE60, 0xEE60, 0xEE60, 0xEE60, 
  0xEE60, 0xEE60, 0xEE60, 0xEE40, 0xF6A0, 0xE620, 0x7B60, 0x7320, 
  0xF6A0, 0xF6A0, 0xE640, 0x8BA0, 0x5A60, 0xCD80, 0xFEC0, 0xEE40, 
  0xEE60, 0xEE60, 0xEE60, 0xEE60, 0xEE60, 0xEE60, 0xEE60, 0xEE60, 
  0xEE60, 0xEE60, 0xF680, 0xE640, 0xA460, 0x0002, 0x3186, 0x0000, 
  
  0x0000, 0x420A, 0x0001, 0x0000, 0x0000, 0x2965, 0x4269, 0x2800, 
  0xC800, 0x6000, 0x0000, 0xB5B6, 0xFFDF, 0xFFFF, 0xFFFF, 0xFFFF, 
  0xFFFF, 0xFFFF, 0xFFFF, 0xFFFF, 0xFFFF, 0xFFFF, 0xFFFF, 0xE73C, 
  0xFFFF, 0xFFFF, 0xFFFF, 0xFFFF, 0xFFFF, 0xFFFF, 0xFFFF, 0xFFFF, 
  0xFFFF, 0xFFFF, 0xFFFF, 0xFFFF, 0xCE79, 0x8C51, 0xF79E, 0xFFFF, 
  0xFFFF, 0xFFFF, 0xFFFF, 0xFFFF, 0xFFFF, 0xFFFF, 0xFFFF, 0xEF7D, 
  0xE73C, 0xFFDF, 0xFFFF, 0xFFFF, 0xFFFF, 0xFFFF, 0xFFFF, 0xFFFF, 
  0xFFFF, 0xD6BA, 0xEF7D, 0xFFFF, 0xFFFF, 0xFFFF, 0xFFFF, 0xFFFF, 
  0xFFFF, 0xFFFF, 0xBDF7, 0xCE79, 0xFFDF, 0xFFFF, 0xFFFF, 0xFFFF, 
  0xFFFF, 0xDEFB, 0xE73C, 0xA534, 0x0003, 0x8380, 0xF680, 0xEE60, 
  0xEE60, 0xF6A0, 0x9C40, 0x7340, 0xCD80, 0xF6A0, 0xEE60, 0xEE60, 
  0xEE60, 0xEE60, 0xEE60, 0xEE60, 0xEE60, 0xEE60, 0xEE60, 0xEE60, 
  0xEE60, 0xEE60, 0xEE60, 0xEE60, 0xEE80, 0xEE40, 0xB4E0, 0x3180, 
  0xDE00, 0xEE60, 0xFEE0, 0xB4E0, 0x0000, 0x8BE0, 0xFEC0, 0xEE60, 
  0xEE60, 0xEE60, 0xEE60, 0xEE60, 0xEE60, 0xEE60, 0xEE60, 0xEE60, 
  0xEE60, 0xEE60, 0xEE60, 0xEE80, 0xB4E0, 0x0001, 0x10A3, 0x0000, 
  
  0x0000, 0x0000, 0x2125, 0x0841, 0x0000, 0x632C, 0xAD96, 0x73CF, 
  0x01E7, 0x0000, 0x1924, 0xD69A, 0xFFFF, 0xFFFF, 0xFFFF, 0xFFFF, 
  0xFFFF, 0xFFFF, 0xFFFF, 0xFFFF, 0xFFFF, 0xFFFF, 0xFFFF, 0xFFFF, 
  0xFFFF, 0xFFFF, 0xFFFF, 0xFFFF, 0xFFFF, 0xFFFF, 0xFFFF, 0xFFFF, 
  0xFFFF, 0xFFFF, 0xFFFF, 0xFFFF, 0xCE79, 0x8410, 0xE71C, 0xFFFF, 
  0xFFFF, 0xFFFF, 0xFFFF, 0xFFFF, 0xFFFF, 0xFFFF, 0xFFFF, 0xFFFF, 
  0xFFFF, 0xFFFF, 0xFFFF, 0xFFFF, 0xFFFF, 0xFFFF, 0xFFFF, 0xFFFF, 
  0xFFFF, 0xFFFF, 0xFFFF, 0xFFFF, 0xFFFF, 0xFFFF, 0xFFFF, 0xFFFF, 
  0xFFFF, 0xFFFF, 0xF79E, 0xFFDF, 0xFFFF, 0xFFFF, 0xFFFF, 0xFFFF, 
  0xFFFF, 0x8C51, 0xCE79, 0xDEDB, 0x8C51, 0x3120, 0xB4E0, 0xF6C0, 
  0xEE60, 0xFEC0, 0xA480, 0x0000, 0x8BE0, 0xEE60, 0xF680, 0xEE60, 
  0xEE60, 0xEE60, 0xEE60, 0xEE60, 0xEE60, 0xEE60, 0xEE60, 0xEE60, 
  0xEE60, 0xEE60, 0xEE60, 0xEE60, 0xEE60, 0xEE80, 0xDE00, 0x2920, 
  0xACA0, 0xEE60, 0xFEE0, 0xD5A0, 0x62C0, 0x5A60, 0xD5A0, 0xF6A0, 
  0xEE60, 0xEE60, 0xEE60, 0xEE60, 0xEE60, 0xEE60, 0xEE60, 0xEE60, 
  0xEE60, 0xEE60, 0xEE60, 0xF6A0, 0xBD20, 0x0000, 0x0022, 0x9CD3, 
  
  0x0000, 0x0000, 0xCE59, 0x31A6, 0x0000, 0x8410, 0xF7BE, 0xFFFF, 
  0x9D34, 0x2986, 0x632C, 0xDEDB, 0xFFFF, 0xFFFF, 0xFFFF, 0xFFFF, 
  0xFFFF, 0xFFFF, 0xFFFF, 0xFFFF, 0xFFFF, 0xFFFF, 0xFFFF, 0xFFFF, 
  0xFFFF, 0xFFFF, 0xFFFF, 0xFFFF, 0xFFFF, 0xFFFF, 0xFFFF, 0xFFFF, 
  0xFFFF, 0xFFFF, 0xFFFF, 0xFFFF, 0xD69A, 0x8430, 0xDEDB, 0xFFFF, 
  0xFFFF, 0xFFFF, 0xFFFF, 0xFFFF, 0xFFFF, 0xFFFF, 0xFFFF, 0xFFFF, 
  0xFFFF, 0xFFFF, 0xFFFF, 0xFFFF, 0xFFFF, 0xFFFF, 0xFFFF, 0xFFFF, 
  0xFFFF, 0xFFFF, 0xFFFF, 0xFFFF, 0xFFFF, 0xFFFF, 0xFFFF, 0xFFFF, 
  0xFFFF, 0xFFFF, 0xFFFF, 0xFFFF, 0xFFFF, 0xFFFF, 0xFFFF, 0xFFFF, 
  0xDEDB, 0x73AE, 0xE71C, 0xFFFF, 0xCE79, 0x0000, 0x62A0, 0xEE60, 
  0xEE60, 0xF680, 0xE640, 0x8BE0, 0x0000, 0x9C40, 0xFEE0, 0xEE60, 
  0xEE60, 0xEE60, 0xEE60, 0xEE60, 0xEE60, 0xEE60, 0xEE60, 0xEE60, 
  0xEE60, 0xEE60, 0xEE60, 0xEE60, 0xEE40, 0xF680, 0xEE60, 0x5A60, 
  0x5240, 0xEE60, 0xF6A0, 0xEE60, 0xACA0, 0x0000, 0x8BC0, 0xFEC0, 
  0xEE60, 0xEE60, 0xEE60, 0xEE60, 0xEE60, 0xEE60, 0xEE60, 0xEE60, 
  0xEE60, 0xEE60, 0xEE40, 0xF6C0, 0xC560, 0x0000, 0x0022, 0x8430, 
  
  0x0000, 0x0000, 0x0000, 0x52AA, 0x0000, 0x7BCF, 0xE73C, 0xFFFF, 
  0xFFFF, 0x7BEF, 0x6B4D, 0xDEDB, 0xFFFF, 0xFFFF, 0xFFFF, 0xFFFF, 
  0xFFFF, 0xFFFF, 0xFFFF, 0xFFFF, 0xFFFF, 0xFFFF, 0xFFFF, 0xFFFF, 
  0xFFFF, 0xFFFF, 0xFFFF, 0xFFFF, 0xFFFF, 0xFFFF, 0xFFFF, 0xFFFF, 
  0xFFFF, 0xFFFF, 0xFFFF, 0xFFFF, 0xDEDB, 0x9CD3, 0xD6BA, 0xFFFF, 
  0xFFFF, 0xFFFF, 0xFFFF, 0xFFFF, 0xFFFF, 0xFFFF, 0xF7BE, 0xB5B6, 
  0xEF7D, 0xFFFF, 0xFFFF, 0xFFFF, 0xFFFF, 0xFFFF, 0xFFFF, 0xFFFF, 
  0xEF5D, 0xEF7D, 0xFFDF, 0xFFFF, 0xFFFF, 0xFFFF, 0xFFFF, 0xFFFF, 
  0xFFFF, 0xFFFF, 0xFFFF, 0xFFFF, 0xFFFF, 0xFFFF, 0xFFFF, 0xFFFF, 
  0x7BEF, 0xAD75, 0xF79E, 0xFFFF, 0xDEDB, 0x634D, 0x28C0, 0xA460, 
  0xF6A0, 0xEE60, 0xFEC0, 0xBD00, 0x0000, 0x5240, 0xC540, 0xFEC0, 
  0xEE60, 0xEE60, 0xEE60, 0xEE60, 0xEE60, 0xEE60, 0xEE60, 0xEE60, 
  0xEE60, 0xEE60, 0xEE60, 0xEE60, 0xEE40, 0xEE80, 0xEE60, 0xA460, 
  0x18C0, 0xDDE0, 0xEE60, 0xFEC0, 0xC560, 0x0000, 0x6280, 0xE620, 
  0xEE60, 0xEE60, 0xEE60, 0xEE60, 0xEE60, 0xEE60, 0xEE60, 0xEE60, 
  0xEE60, 0xEE60, 0xEE40, 0xFEC0, 0xCD80, 0x2940, 0x0002, 0x6B6D, 
  
  0x0000, 0x0000, 0x0000, 0x8410, 0x0000, 0x73AE, 0xDEFB, 0xFFFF, 
  0xFFFF, 0x8430, 0x5ACB, 0xD6BA, 0xFFFF, 0xFFFF, 0xFFFF, 0xFFFF, 
  0xFFFF, 0xFFFF, 0xFFFF, 0xFFFF, 0xFFFF, 0xFFFF, 0xFFFF, 0xFFFF, 
  0xFFFF, 0xFFFF, 0xFFFF, 0xFFFF, 0xFFFF, 0xFFFF, 0xFFFF, 0xFFFF, 
  0xFFFF, 0xFFFF, 0xFFFF, 0xFFFF, 0xFFDF, 0xEF7D, 0xF7BE, 0xFFFF, 
  0xFFFF, 0xFFFF, 0xFFFF, 0xFFFF, 0xFFFF, 0xFFFF, 0xEF5D, 0x73AE, 
  0xF79E, 0xFFFF, 0xFFFF, 0xFFFF, 0xFFFF, 0xFFFF, 0xFFFF, 0xFFFF, 
  0xA514, 0xDEFB, 0xFFDF, 0xFFFF, 0xFFFF, 0xFFFF, 0xFFFF, 0xFFFF, 
  0xD6BA, 0xF7BE, 0xFFFF, 0xFFFF, 0xFFFF, 0xFFFF, 0xFFDF, 0xBDF7, 
  0x632C, 0xE73C, 0xFFFF, 0xFFFF, 0xD6BA, 0x4228, 0x0000, 0x5220, 
  0xE640, 0xEE60, 0xF6A0, 0xE620, 0x9400, 0x0000, 0x7300, 0xE620, 
  0xF680, 0xEE60, 0xEE60, 0xEE60, 0xEE60, 0xEE60, 0xEE60, 0xEE60, 
  0xEE60, 0xEE60, 0xEE60, 0xEE60, 0xEE60, 0xEE60, 0xEE60, 0xD5C0, 
  0x2100, 0xA480, 0xE640, 0xFEE0, 0xD5C0, 0x6AE0, 0x2940, 0xACA0, 
  0xF6A0, 0xEE60, 0xEE60, 0xEE60, 0xEE60, 0xEE60, 0xEE60, 0xEE60, 
  0xEE60, 0xEE60, 0xEE40, 0xFEC0, 0xD5A0, 0x5240, 0x0001, 0x528A, 
  
  0x0000, 0x0000, 0x0000, 0xB596, 0x0000, 0x6B6D, 0xD6BA, 0xFFFF, 
  0xFFFF, 0xA514, 0x4228, 0xCE79, 0xFFFF, 0xFFFF, 0xFFFF, 0xFFFF, 
  0xFFFF, 0xFFFF, 0xFFFF, 0xFFFF, 0xFFFF, 0xFFFF, 0xFFFF, 0xFFFF, 
  0xFFFF, 0xFFFF, 0xFFFF, 0xFFFF, 0xFFFF, 0xFFFF, 0xFFFF, 0xFFFF, 
  0xFFFF, 0xFFFF, 0xFFFF, 0xFFFF, 0xFFFF, 0xFFFF, 0xFFFF, 0xFFFF, 
  0xFFFF, 0xFFFF, 0xFFFF, 0xFFFF, 0xFFFF, 0xF7BE, 0xC638, 0x632C, 
  0xFFDF, 0xFFFF, 0xFFFF, 0xFFFF, 0xFFFF, 0xFFFF, 0xFFFF, 0xE73C, 
  0x73AE, 0xEF5D, 0xFFFF, 0xFFFF, 0xFFFF, 0xFFFF, 0xFFFF, 0xBDF7, 
  0xAD55, 0xF79E, 0xFFFF, 0xFFFF, 0xFFFF, 0xFFFF, 0xD6BA, 0x738E, 
  0xD6BA, 0xFFFF, 0xFFFF, 0xFFDF, 0xB596, 0x0000, 0x0000, 0x18A0, 
  0x9C20, 0xF680, 0xF680, 0xF6A0, 0xC560, 0x0000, 0x18A0, 0x83A0, 
  0xF680, 0xEE60, 0xEE60, 0xEE60, 0xEE60, 0xEE60, 0xEE60, 0xEE60, 
  0xEE60, 0xEE60, 0xEE60, 0xEE60, 0xEE60, 0xEE60, 0xEE60, 0xF680, 
  0x5220, 0x62A0, 0xE600, 0xFEC0, 0xE640, 0xB4C0, 0x0000, 0x6AE0, 
  0xF6A0, 0xEE60, 0xEE40, 0xEE60, 0xEE60, 0xEE60, 0xEE60, 0xEE60, 
  0xEE60, 0xEE60, 0xEE40, 0xF6A0, 0xDDE0, 0x7320, 0x0002, 0x528A, 
  
  0x0000, 0x0000, 0x0000, 0x0000, 0x0000, 0x52AA, 0xBDF7, 0xFFFF, 
  0xFFFF, 0xD6BA, 0x5AEB, 0xCE59, 0xFFFF, 0xFFFF, 0xFFFF, 0xFFFF, 
  0xFFFF, 0xFFFF, 0xFFFF, 0xFFFF, 0xFFFF, 0xFFFF, 0xFFFF, 0xFFFF, 
  0xFFFF, 0xFFFF, 0xFFFF, 0xFFFF, 0xFFFF, 0xFFFF, 0xFFFF, 0xFFFF, 
  0xFFFF, 0xFFFF, 0xFFFF, 0xFFFF, 0xF79E, 0xEF5D, 0xFFDF, 0xFFFF, 
  0xFFFF, 0xFFFF, 0xFFFF, 0xFFFF, 0xFFFF, 0xEF5D, 0x8C51, 0x8C71, 
  0xFFDF, 0xFFFF, 0xFFFF, 0xFFFF, 0xFFFF, 0xFFFF, 0xFFDF, 0xAD55, 
  0x9CD3, 0xFFDF, 0xFFFF, 0xFFFF, 0xFFFF, 0xFFDF, 0xC618, 0x8C51, 
  0xE73C, 0xFFFF, 0xFFFF, 0xFFFF, 0xFFFF, 0xDEDB, 0xAD55, 0xD6BA, 
  0xFFFF, 0xFFFF, 0xDEFB, 0xAD75, 0x5AEB, 0x0000, 0x0000, 0x0000, 
  0x2100, 0xDDE0, 0xEE60, 0xF6A0, 0xE620, 0x9400, 0x0000, 0x18A0, 
  0xB4C0, 0xF680, 0xEE80, 0xEE40, 0xEE60, 0xEE60, 0xEE60, 0xEE60, 
  0xEE60, 0xEE60, 0xEE60, 0xEE60, 0xEE60, 0xEE60, 0xEE60, 0xF6A0, 
  0x8BC0, 0x0880, 0xD5C0, 0xF6A0, 0xF680, 0xD5A0, 0x0000, 0x3160, 
  0xDE00, 0xEE60, 0xEE60, 0xEE60, 0xEE60, 0xEE60, 0xEE60, 0xEE60, 
  0xEE60, 0xEE60, 0xEE40, 0xF6A0, 0xDE00, 0x8BC0, 0x0001, 0x4208, 
  
  0x0000, 0x0000, 0x0000, 0x0000, 0x0000, 0x39C7, 0x9CD3, 0xFFFF, 
  0xFFFF, 0xFFDF, 0x8430, 0xB5B6, 0xFFDF, 0xFFFF, 0xFFFF, 0xFFFF, 
  0xFFFF, 0xFFFF, 0xFFFF, 0xFFFF, 0xFFFF, 0xFFFF, 0xFFFF, 0xFFFF, 
  0xFFFF, 0xFFFF, 0xFFFF, 0xFFFF, 0xFFFF, 0xFFFF, 0xFFFF, 0xFFFF, 
  0xFFFF, 0xFFFF, 0xFFFF, 0xFFFF, 0xE71C, 0xB596, 0xDEDB, 0xFFFF, 
  0xFFFF, 0xFFFF, 0xFFFF, 0xFFFF, 0xFFFF, 0xD6BA, 0x4208, 0xB5B6, 
  0xFFFF, 0xFFFF, 0xFFFF, 0xFFFF, 0xFFFF, 0xFFFF, 0xDEDB, 0x4A69, 
  0x9CF3, 0xE73C, 0xF7BE, 0xF7BE, 0xEF7D, 0xC618, 0x528A, 0x73AE, 
  0xD6BA, 0xDEDB, 0xDEDB, 0xDEDB, 0xC618, 0x8C51, 0x7BCF, 0xD69A, 
  0xCE79, 0xBDD7, 0x8410, 0x18C3, 0x0000, 0x0841, 0x0000, 0x0000, 
  0x0000, 0x93E0, 0xE640, 0xF6A0, 0xF680, 0xD5A0, 0x0000, 0x0000, 
  0x2940, 0xD5A0, 0xEE80, 0xEE60, 0xEE40, 0xEE60, 0xEE60, 0xEE60, 
  0xEE60, 0xEE60, 0xEE60, 0xEE60, 0xEE60, 0xEE60, 0xEE60, 0xF680, 
  0xC540, 0x2920, 0xB500, 0xEE60, 0xFEC0, 0xE600, 0x5AA0, 0x18A0, 
  0xB4C0, 0xEE60, 0xEE80, 0xEE40, 0xEE60, 0xEE60, 0xEE60, 0xEE60, 
  0xEE60, 0xEE60, 0xEE40, 0xF680, 0xE620, 0x9C40, 0x0001, 0x2966, 
  
  0x0000, 0x0000, 0x0000, 0x0000, 0x4A49, 0x18C3, 0x7BCF, 0xFFFF, 
  0xFFFF, 0xFFFF, 0xBDF7, 0xB596, 0xEF5D, 0xFFFF, 0xFFFF, 0xFFFF, 
  0xFFFF, 0xFFFF, 0xFFFF, 0xFFFF, 0xFFFF, 0xFFFF, 0xFFFF, 0xFFFF, 
  0xFFFF, 0xFFFF, 0xFFFF, 0xFFFF, 0xFFFF, 0xFFFF, 0xFFFF, 0xFFFF, 
  0xFFFF, 0xFFFF, 0xFFFF, 0xFFFF, 0xD6BA, 0x7BCF, 0x9CD3, 0xFFFF, 
  0xFFFF, 0xFFFF, 0xFFFF, 0xFFFF, 0xE73C, 0x9CF3, 0x0000, 0xA514, 
  0xDEFB, 0xE73C, 0xE73C, 0xE73C, 0xE73C, 0xD69A, 0x8C71, 0x0000, 
  0x630C, 0x9CF3, 0xB596, 0xBDD7, 0x9CD3, 0x4A49, 0x0000, 0x39E7, 
  0x39C7, 0x52AA, 0x630C, 0x4A69, 0x0000, 0x0000, 0x2965, 0x0000, 
  0x0000, 0x0000, 0x0000, 0x0000, 0x0020, 0x0000, 0x0000, 0x0000, 
  0x0000, 0x0000, 0xCD80, 0xF680, 0xF6A0, 0xE640, 0x8BE0, 0x0000, 
  0x0000, 0x7340, 0xDE00, 0xF680, 0xEE60, 0xEE60, 0xEE60, 0xEE60, 
  0xEE60, 0xEE60, 0xEE60, 0xEE60, 0xEE60, 0xEE60, 0xEE60, 0xEE60, 
  0xEE40, 0x5A60, 0x8380, 0xDDE0, 0xFEC0, 0xE640, 0xAC80, 0x0000, 
  0x7300, 0xEE60, 0xF680, 0xEE40, 0xEE60, 0xEE60, 0xEE60, 0xEE60, 
  0xEE60, 0xEE60, 0xEE40, 0xF680, 0xE640, 0xACA0, 0x0001, 0x3186, 
  
  0x0000, 0x0000, 0x0000, 0x0000, 0xBDF7, 0x18E3, 0x630C, 0xE73C, 
  0xFFFF, 0xFFFF, 0xEF7D, 0xE71C, 0xEF7D, 0xFFFF, 0xFFFF, 0xFFFF, 
  0xFFFF, 0xFFFF, 0xFFFF, 0xFFFF, 0xFFFF, 0xFFFF, 0xFFFF, 0xFFFF, 
  0xFFFF, 0xFFFF, 0xFFFF, 0xFFFF, 0xFFFF, 0xFFDF, 0xF7BE, 0xF7BE, 
  0xF79E, 0xF79E, 0xEF7D, 0xE71C, 0xB596, 0x528A, 0x5AEB, 0xE71C, 
  0xEF7D, 0xF79E, 0xF79E, 0xDEFB, 0x9492, 0x0000, 0x73AE, 0x6B6D, 
  0x31A6, 0x5AEB, 0x738E, 0x632C, 0x31A6, 0x0000, 0x0000, 0x0000, 
  0x0000, 0x0000, 0x0000, 0x0000, 0x0000, 0x0000, 0x0000, 0x0000, 
  0x0000, 0x0000, 0x0000, 0x0000, 0x0000, 0x0000, 0x0000, 0x0000, 
  0x0000, 0x0000, 0x0000, 0x0000, 0x0000, 0x0000, 0x0000, 0x0000, 
  0x0000, 0x0000, 0x93E0, 0xDE00, 0xF6A0, 0xEE60, 0xDDE0, 0x18C0, 
  0x0020, 0x0000, 0xB4E0, 0xEE60, 0xEE80, 0xEE40, 0xEE60, 0xEE60, 
  0xEE60, 0xEE60, 0xEE60, 0xEE60, 0xEE60, 0xEE60, 0xEE60, 0xEE60, 
  0xFEC0, 0x7B40, 0x2940, 0xCD80, 0xFEC0, 0xEE60, 0xD5C0, 0x0000, 
  0x0880, 0xE620, 0xEE80, 0xEE60, 0xEE60, 0xEE60, 0xEE60, 0xEE60, 
  0xEE60, 0xEE60, 0xEE40, 0xEE80, 0xEE40, 0xB4E0, 0x0001, 0x2945, 
  
  0x0000, 0x0000, 0x0000, 0x0000, 0x0000, 0x0000, 0x39C7, 0x94B2, 
  0xFFDF, 0xFFFF, 0xFFFF, 0xFFFF, 0xFFFF, 0xFFFF, 0xFFFF, 0xFFFF, 
  0xFFFF, 0xFFFF, 0xFFFF, 0xFFFF, 0xFFFF, 0xFFFF, 0xFFFF, 0xFFFF, 
  0xFFFF, 0xFFDF, 0xFFDF, 0xF7BE, 0xEF5D, 0xD69A, 0xBDD7, 0x9CF3, 
  0x7BEF, 0x528A, 0x10A2, 0x0000, 0x0861, 0x528A, 0x632C, 0x4208, 
  0x630C, 0x73AE, 0x630C, 0x4208, 0x528A, 0xB596, 0xFFFF, 0xF7BE, 
  0x7BCF, 0x10A2, 0x0000, 0x0000, 0x0000, 0x0000, 0x0000, 0x0000, 
  0x0000, 0x0000, 0x0000, 0x0000, 0x0000, 0x0000, 0x0000, 0x0000, 
  0x0000, 0x0000, 0x0000, 0x0000, 0x0000, 0x0000, 0x0000, 0x0000, 
  0x0000, 0x0000, 0x0000, 0x0000, 0x0000, 0x0000, 0x0000, 0x0000, 
  0x0000, 0x0000, 0x0000, 0xC540, 0xF6A0, 0xF680, 0xEE80, 0x83A0, 
  0x18A0, 0x0000, 0x3160, 0xCD80, 0xFEC0, 0xEE40, 0xEE60, 0xEE60, 
  0xEE60, 0xEE60, 0xEE60, 0xEE60, 0xEE60, 0xEE60, 0xEE60, 0xEE60, 
  0xFEC0, 0x9400, 0x0000, 0xBD20, 0xF6A0, 0xF680, 0xEE40, 0x41E0, 
  0x0000, 0xCDA0, 0xEE60, 0xEE60, 0xEE60, 0xEE60, 0xEE60, 0xEE60, 
  0xEE60, 0xEE60, 0xEE60, 0xEE60, 0xEE60, 0xBD00, 0x0000, 0x18C3, 
  
  0x0000, 0x0000, 0x0000, 0x0000, 0x0000, 0x6B4D, 0x4A49, 0x4A49, 
  0xF7BE, 0xFFFF, 0xFFFF, 0xFFFF, 0xFFFF, 0xFFFF, 0xFFFF, 0xFFFF, 
  0xFFFF, 0xFFFF, 0xFFFF, 0xFFFF, 0xFFFF, 0xFFFF, 0xFFFF, 0xFFDF, 
  0xC618, 0x7BEF, 0x528A, 0x4208, 0x3186, 0x18E3, 0x0000, 0x0000, 
  0x0000, 0x0841, 0x0000, 0x0000, 0xAD55, 0xFFDF, 0xF7BE, 0xBDF7, 
  0x2965, 0x0000, 0x738E, 0xCE79, 0xF7BE, 0xFFFF, 0xFFFF, 0xFFDF, 
  0x736E, 0x18C3, 0x0000, 0x0000, 0x0000, 0x0000, 0x0000, 0x0000, 
  0x0000, 0x0000, 0x0000, 0x0000, 0x0000, 0x0000, 0x0000, 0x0000, 
  0x0000, 0x0000, 0x0000, 0x0000, 0x0000, 0x0000, 0x0000, 0x0000, 
  0x0000, 0x0000, 0x0000, 0x0000, 0x0000, 0x0000, 0x0000, 0x0000, 
  0x0000, 0x0000, 0x0000, 0x8BC0, 0xDE00, 0xF6A0, 0xEE60, 0xDDE0, 
  0x3140, 0x39A0, 0x1080, 0x9C40, 0xE620, 0xF680, 0xEE40, 0xEE60, 
  0xEE60, 0xEE60, 0xEE60, 0xEE60, 0xEE60, 0xEE60, 0xEE60, 0xEE60, 
  0xF6C0, 0xB4E0, 0x2940, 0xA480, 0xEE60, 0xF6A0, 0xEE60, 0x8BE0, 
  0x0000, 0xACC0, 0xEE40, 0xF680, 0xEE40, 0xEE60, 0xEE60, 0xEE60, 
  0xEE60, 0xEE60, 0xEE60, 0xEE60, 0xEE60, 0xBD20, 0x0000, 0x10A3, 
  
  0x0000, 0x0000, 0x0000, 0x0000, 0x0000, 0x0000, 0x39E7, 0x2104, 
  0x9492, 0xFFDF, 0xFFFF, 0xFFFF, 0xFFFF, 0xFFFF, 0xFFFF, 0xFFFF, 
  0xFFFF, 0xFFFF, 0xFFFF, 0xFFFF, 0xEF5D, 0xC638, 0x94B2, 0x630C, 
  0x39E7, 0x18E3, 0x0000, 0x0000, 0x73AE, 0xB596, 0xCE59, 0xCE59, 
  0x9CF3, 0x31A6, 0x0000, 0xBDF7, 0xFFFF, 0xFFFF, 0xFFFF, 0xF79E, 
  0x4A69, 0xAD55, 0xE73C, 0xFFDF, 0xFFFF, 0xFFFF, 0xFFFF, 0xE71C, 
  0x4208, 0x0000, 0x0000, 0x0000, 0x0000, 0x0000, 0x0000, 0x0000, 
  0x0000, 0x0000, 0x0000, 0x0000, 0x0000, 0x0000, 0x0000, 0x0000, 
  0x0000, 0x0000, 0x0000, 0x0000, 0x0000, 0x0000, 0x0000, 0x0000, 
  0x0000, 0x0000, 0x0000, 0x0000, 0x0000, 0x0000, 0x0000, 0x0000, 
  0x0000, 0x0000, 0x0000, 0x10A0, 0xBD00, 0xFEC0, 0xEE60, 0xF6A0, 
  0x7B60, 0x18A0, 0x7320, 0x6B00, 0xBD20, 0xFEE0, 0xEE60, 0xEE60, 
  0xEE60, 0xEE60, 0xEE60, 0xEE60, 0xEE60, 0xEE60, 0xEE60, 0xEE60, 
  0xF6A0, 0xCDA0, 0x5A60, 0x7B60, 0xD5C0, 0xFEC0, 0xEE60, 0xC560, 
  0x18C0, 0x7B80, 0xE620, 0xF6A0, 0xEE40, 0xEE60, 0xEE60, 0xEE60, 
  0xEE60, 0xEE60, 0xEE60, 0xEE60, 0xEE60, 0xBD20, 0x0000, 0x1082, 
  
  0x0000, 0x0000, 0x0000, 0x0000, 0x0000, 0x0000, 0x6B4D, 0x528A, 
  0x18C3, 0xC638, 0xFFDF, 0xFFFF, 0xFFFF, 0xFFFF, 0xFFFF, 0xFFFF, 
  0xCE79, 0xA514, 0x9492, 0x8410, 0x6B4D, 0x4A49, 0x528A, 0x8C71, 
  0x738E, 0x18C3, 0xAD55, 0xDEDB, 0xEF5D, 0xF79E, 0xFFDF, 0xFFDF, 
  0xF79E, 0x7BCF, 0x94B2, 0xEF5D, 0xFFFF, 0xFFFF, 0xFFFF, 0xFFFF, 
  0x7BCF, 0xCE79, 0xFFDF, 0xFFFF, 0xFFFF, 0xFFFF, 0xF7BE, 0x94B2, 
  0x18E3, 0x0000, 0x0000, 0x0000, 0x0000, 0x0000, 0x0000, 0x0000, 
  0x0000, 0x0000, 0x0000, 0x0000, 0x0000, 0x0000, 0x0000, 0x0000, 
  0x0000, 0x0000, 0x0000, 0x0000, 0x0000, 0x0000, 0x0000, 0x0000, 
  0x0000, 0x0000, 0x0000, 0x0000, 0x0000, 0x0000, 0x0000, 0x0000, 
  0x0000, 0x0000, 0x0000, 0x0000, 0x8380, 0xDDE0, 0xF6A0, 0xF680, 
  0xD5C0, 0x49E0, 0x5260, 0x8BE0, 0xACC0, 0xD5A0, 0xEE60, 0xEE60, 
  0xEE60, 0xEE60, 0xEE60, 0xEE60, 0xEE60, 0xEE60, 0xEE60, 0xEE60, 
  0xEE80, 0xE620, 0x7300, 0x39A0, 0xC560, 0xFEC0, 0xEE60, 0xE640, 
  0x3980, 0x41C0, 0xDE00, 0xF6A0, 0xEE40, 0xEE60, 0xEE60, 0xEE60, 
  0xEE60, 0xEE60, 0xEE60, 0xEE60, 0xEE60, 0xC540, 0x0000, 0x0842, 
  
  0x0000, 0x0000, 0x0000, 0x0000, 0x0000, 0x0000, 0xFFFF, 0x8410, 
  0x18E3, 0x630C, 0xD69A, 0xFFFF, 0xFFFF, 0xFFFF, 0xFFFF, 0xE71C, 
  0x6B4D, 0x4A49, 0x632C, 0x8C71, 0xB596, 0xC638, 0xD69A, 0xE73C, 
  0xAD55, 0x7BCF, 0xE71C, 0xFFFF, 0xFFFF, 0xFFFF, 0xFFFF, 0xFFFF, 
  0xFFFF, 0x8C71, 0xAD75, 0xEF7D, 0xFFFF, 0xFFFF, 0xFFFF, 0xFFDF, 
  0x73AE, 0xDEFB, 0xFFFF, 0xFFFF, 0xFFFF, 0xFFFF, 0xEF7D, 0x3186, 
  0x0020, 0x0000, 0x0000, 0x0000, 0x0000, 0x0000, 0x0000, 0x0000, 
  0x0000, 0x0000, 0x0000, 0x0000, 0x0000, 0x0000, 0x0000, 0x0000, 
  0x0000, 0x0000, 0x0000, 0x0000, 0x0000, 0x0000, 0x0000, 0x0000, 
  0x0000, 0x0000, 0x0000, 0x0000, 0x0000, 0x0000, 0x0000, 0x0000, 
  0x0000, 0x0000, 0x0000, 0x0000, 0x3140, 0xACA0, 0xFEE0, 0xEE60, 
  0xFEC0, 0x8BA0, 0x0000, 0xB4E0, 0xC560, 0x8BE0, 0xC540, 0xF6A0, 
  0xEE60, 0xEE60, 0xEE60, 0xEE60, 0xEE60, 0xEE60, 0xEE60, 0xEE60, 
  0xEE60, 0xF680, 0x8380, 0x0000, 0xB4E0, 0xFEC0, 0xEE60, 0xF6A0, 
  0x6AE0, 0x0000, 0xD5C0, 0xF6A0, 0xEE60, 0xEE60, 0xEE60, 0xEE60, 
  0xEE60, 0xEE60, 0xEE60, 0xEE60, 0xEE80, 0xC540, 0x0000, 0x0842, 
  
  0x0000, 0x0000, 0x0000, 0x0000, 0x0000, 0x0000, 0x0000, 0x0000, 
  0x632C, 0x0000, 0x73AE, 0xCE59, 0xF7BE, 0xFFFF, 0xF7BE, 0x9492, 
  0x2124, 0xBDD7, 0xD6BA, 0xEF5D, 0xFFDF, 0xFFFF, 0xFFFF, 0xFFFF, 
  0xC638, 0xA534, 0xEF7D, 0xFFFF, 0xFFFF, 0xFFFF, 0xFFFF, 0xFFFF, 
  0xFFFF, 0xA534, 0xC638, 0xF7BE, 0xFFFF, 0xFFFF, 0xFFFF, 0xDEDB, 
  0x7BCF, 0xEF7D, 0xFFFF, 0xFFFF, 0xFFFF, 0xF7BE, 0xB596, 0x0000, 
  0x0000, 0x0000, 0x0000, 0x0000, 0x0000, 0x0000, 0x0000, 0x0000, 
  0x0000, 0x0000, 0x0000, 0x0000, 0x0000, 0x0000, 0x0000, 0x0000, 
  0x0000, 0x0000, 0x0000, 0x0000, 0x0000, 0x0000, 0x0000, 0x0000, 
  0x0000, 0x0000, 0x0000, 0x0000, 0x0000, 0x0000, 0x0000, 0x0000, 
  0x0000, 0x0000, 0x0000, 0x0000, 0x0000, 0x7320, 0xDE00, 0xF680, 
  0xF6A0, 0xCDA0, 0x4A00, 0x93E0, 0xCD80, 0xBD00, 0xACC0, 0xF6A0, 
  0xEE60, 0xEE60, 0xEE60, 0xEE60, 0xEE60, 0xEE60, 0xEE60, 0xEE60, 
  0xEE60, 0xFEC0, 0x93E0, 0x0000, 0x9C40, 0xF680, 0xEE60, 0xF6A0, 
  0xACA0, 0x0040, 0xBD20, 0xEE60, 0xEE60, 0xEE60, 0xEE60, 0xEE60, 
  0xEE60, 0xEE60, 0xEE60, 0xEE60, 0xEE60, 0xC540, 0x0000, 0x0862, 
  
  0x0000, 0x0000, 0x0000, 0x0000, 0x0000, 0x0000, 0x0000, 0x0000, 
  0x0000, 0x5ACB, 0x0000, 0x5ACB, 0xC618, 0xF79E, 0xDEFB, 0x0000, 
  0xAD75, 0xFFFF, 0xFFFF, 0xFFFF, 0xFFFF, 0xFFFF, 0xFFFF, 0xFFFF, 
  0xD6BA, 0xCE59, 0xF79E, 0xFFFF, 0xFFFF, 0xFFFF, 0xFFFF, 0xFFFF, 
  0xF7BE, 0xAD75, 0xE71C, 0xFFFF, 0xFFFF, 0xFFFF, 0xEF5D, 0x7BEF, 
  0x8430, 0xE71C, 0xF79E, 0xF79E, 0xEF7D, 0xC618, 0x0000, 0x0000, 
  0x0000, 0x0000, 0x0800, 0x0800, 0x0800, 0x0800, 0x0800, 0x0800, 
  0x0800, 0x0800, 0x0800, 0x0800, 0x0800, 0x0800, 0x0800, 0x0000, 
  0x0000, 0x0000, 0x0000, 0x0000, 0x0000, 0x0000, 0x0000, 0x0000, 
  0x0000, 0x0000, 0x0000, 0x0000, 0x0000, 0x0000, 0x0000, 0x0000, 
  0x0000, 0x0800, 0x0800, 0x0800, 0x0000, 0x3160, 0x9C40, 0xFEC0, 
  0xEE60, 0xFEC0, 0x9C20, 0x0000, 0xB4C0, 0xF6A0, 0xDDE0, 0xEE80, 
  0xEE60, 0xEE60, 0xEE60, 0xEE60, 0xEE60, 0xEE60, 0xEE60, 0xEE60, 
  0xEE40, 0xFEE0, 0xA440, 0x0000, 0x8380, 0xDE00, 0xF6A0, 0xEE60, 
  0xDE00, 0x49E0, 0x9420, 0xE620, 0xF680, 0xEE40, 0xEE60, 0xEE60, 
  0xEE60, 0xEE60, 0xEE60, 0xEE60, 0xEE60, 0xC540, 0x0000, 0x0862, 
  
  0x0000, 0x0000, 0x0000, 0x0000, 0x0000, 0x0000, 0x0000, 0x0000, 
  0x0000, 0x0000, 0x528A, 0x0000, 0x39C7, 0x8C51, 0x9CF3, 0x39C7, 
  0xF7BE, 0xFFFF, 0xFFFF, 0xFFFF, 0xFFFF, 0xFFFF, 0xFFFF, 0xFFFF, 
  0xCE79, 0xEF7D, 0xFFFF, 0xFFFF, 0xFFFF, 0xFFFF, 0xFFFF, 0xFFFF, 
  0xBDF7, 0x6B4D, 0xDEDB, 0xFFDF, 0xF79E, 0xE73C, 0xAD75, 0x0000, 
  0x5B0C, 0x8C92, 0xAD75, 0xA555, 0x73AE, 0x0000, 0x0000, 0x1800, 
  0x1800, 0x1800, 0x1800, 0x1800, 0x1800, 0x1800, 0x1800, 0x1800, 
  0x1000, 0x1000, 0x0800, 0x0800, 0x0800, 0x0000, 0x0000, 0x0000, 
  0x0000, 0x0000, 0x0000, 0x0000, 0x0000, 0x0000, 0x0000, 0x0000, 
  0x0000, 0x0000, 0x0000, 0x0000, 0x0800, 0x1000, 0x1000, 0x1000, 
  0x1000, 0x1000, 0x1000, 0x1000, 0x0800, 0x0000, 0x5A80, 0xE620, 
  0xEE60, 0xFEC0, 0xCD60, 0x5240, 0x7B60, 0xE620, 0xFEC0, 0xEE60, 
  0xEE60, 0xEE60, 0xEE60, 0xEE60, 0xEE60, 0xEE60, 0xEE60, 0xEE60, 
  0xEE60, 0xFEE0, 0xACA0, 0x20E0, 0x5A80, 0xC540, 0xFEC0, 0xEE60, 
  0xF680, 0x62C0, 0x6AC0, 0xD5C0, 0xF6A0, 0xEE40, 0xEE60, 0xEE60, 
  0xEE60, 0xEE60, 0xEE60, 0xEE60, 0xEE60, 0xBD20, 0x0000, 0x1082, 
  
  0x0000, 0x0000, 0x0000, 0x0000, 0x0000, 0x0000, 0x0000, 0x0000, 
  0x0000, 0x0000, 0x0000, 0x6B6D, 0x39C7, 0x0000, 0x0000, 0x2945, 
  0xA514, 0xF79E, 0xFFFF, 0xFFFF, 0xFFFF, 0xFFFF, 0xFFFF, 0xFFDF, 
  0x8410, 0xCE79, 0xF7BE, 0xFFFF, 0xFFFF, 0xFFFF, 0xFFFF, 0xF79E, 
  0x4249, 0x29C7, 0x8451, 0x8CB2, 0x6B8E, 0x2986, 0x0000, 0x1000, 
  0x0000, 0x0000, 0x0000, 0x0000, 0x0000, 0x0000, 0x2800, 0x3800, 
  0x3000, 0x2800, 0x2000, 0x1800, 0x1000, 0x0800, 0x0800, 0x0000, 
  0x0000, 0x0000, 0x0000, 0x0000, 0x0000, 0x0000, 0x0000, 0x0000, 
  0x0000, 0x0000, 0x0000, 0x0000, 0x0000, 0x0000, 0x0000, 0x0000, 
  0x0000, 0x0000, 0x1800, 0x2000, 0x2000, 0x2000, 0x2000, 0x1800, 
  0x1800, 0x1000, 0x1000, 0x1000, 0x1000, 0x0000, 0x3140, 0x9400, 
  0xF6A0, 0xEE60, 0xF6A0, 0xA460, 0x0000, 0xA480, 0xF6A0, 0xBD20, 
  0xEE40, 0xEE60, 0xEE60, 0xEE60, 0xEE60, 0xEE60, 0xEE60, 0xEE60, 
  0xEE60, 0xFEC0, 0xB4E0, 0x39A0, 0x39A0, 0xB4E0, 0xFEE0, 0xEE60, 
  0xFEC0, 0x7B60, 0x3160, 0xCD80, 0xFEC0, 0xEE40, 0xEE60, 0xEE60, 
  0xEE60, 0xEE60, 0xEE60, 0xEE60, 0xEE60, 0xBD00, 0x0000, 0x10A3, 
  
  0xFFFF, 0x0000, 0x0000, 0x0000, 0x0000, 0x0000, 0x0000, 0x0000, 
  0x0000, 0x0000, 0x0000, 0x0000, 0x8410, 0x4A49, 0x2965, 0x0000, 
  0x2104, 0x4A69, 0xA514, 0xDEDB, 0xF7BE, 0xFFFF, 0xF79E, 0xC638, 
  0x4228, 0x9492, 0xC638, 0xD6BA, 0xD69A, 0xBDF7, 0x9492, 0x4A69, 
  0x0882, 0x3020, 0x38E3, 0x3104, 0x30A2, 0x4041, 0x5000, 0x6000, 
  0x5000, 0x4000, 0x3000, 0x1800, 0x1800, 0x1800, 0x1800, 0x0800, 
  0x0800, 0x0000, 0x0000, 0x0000, 0x0000, 0x0000, 0x0000, 0x0000, 
  0x0000, 0x0000, 0x0000, 0x0000, 0x0000, 0x0000, 0x0000, 0x0000, 
  0x0000, 0x0000, 0x0000, 0x0000, 0x0000, 0x0000, 0x0000, 0x0000, 
  0x0800, 0x2800, 0x3000, 0x3800, 0x3000, 0x1800, 0x2000, 0x1800, 
  0x1800, 0x1000, 0x1000, 0x1000, 0x1000, 0x0800, 0x0000, 0x41E0, 
  0xE620, 0xEE60, 0xFEC0, 0xCD60, 0x5220, 0x8380, 0xDE00, 0x6AC0, 
  0xCDA0, 0xEE60, 0xEE60, 0xEE60, 0xEE60, 0xEE60, 0xEE60, 0xEE60, 
  0xEE60, 0xFEC0, 0xBD20, 0x5240, 0x0000, 0xA480, 0xFEE0, 0xEE60, 
  0xFEC0, 0xA460, 0x2100, 0xC540, 0xFEC0, 0xEE40, 0xEE60, 0xEE60, 
  0xEE60, 0xEE60, 0xEE60, 0xEE80, 0xEE60, 0xB500, 0x0000, 0x2104, 
  
  0xFFFF, 0x0000, 0x0000, 0x0000, 0x0000, 0x0000, 0x0000, 0x0000, 
  0x0000, 0x0000, 0x0000, 0x0000, 0x0000, 0x8410, 0x39E7, 0x1082, 
  0x0000, 0x0000, 0x39C7, 0x5ACB, 0x6B4D, 0x738E, 0x6B4D, 0x4A69, 
  0x1082, 0x31A6, 0x4A69, 0x52AA, 0x52AA, 0x4A49, 0x3186, 0x1000, 
  0x6000, 0x7000, 0x6000, 0x4000, 0x3000, 0x2800, 0x2800, 0x2800, 
  0x2000, 0x1800, 0x0800, 0x0000, 0x0000, 0x0000, 0x0000, 0x0000, 
  0x0000, 0x0000, 0x0000, 0x0000, 0x0000, 0x0000, 0x0000, 0x0000, 
  0x0000, 0x0000, 0x0000, 0x0000, 0x0000, 0x0000, 0x0000, 0x0000, 
  0x2000, 0x3000, 0x3800, 0x3000, 0x1800, 0x0000, 0x0000, 0x2800, 
  0x3800, 0x3800, 0x3000, 0x3000, 0x3800, 0x3800, 0x1800, 0x1800, 
  0x1800, 0x1800, 0x1800, 0x1000, 0x1000, 0x1000, 0x0000, 0x18C0, 
  0x9400, 0xEE80, 0xF6A0, 0xEE80, 0xACA0, 0x3160, 0x9C40, 0x6AE0, 
  0x8BC0, 0xEE60, 0xF680, 0xEE40, 0xEE60, 0xEE60, 0xEE60, 0xEE60, 
  0xEE60, 0xF6A0, 0xD5A0, 0x7320, 0x0000, 0x9400, 0xFEC0, 0xEE60, 
  0xF680, 0xCDA0, 0x5240, 0xACA0, 0xEE60, 0xEE60, 0xEE60, 0xEE60, 
  0xEE60, 0xEE60, 0xEE40, 0xF680, 0xE640, 0xACA0, 0x0001, 0x2966, 
  
  0xFFFF, 0xFFFF, 0x0000, 0x0000, 0x0000, 0x0000, 0x0000, 0x0000, 
  0x0000, 0x0000, 0x0000, 0x0000, 0x0000, 0x0000, 0x73AE, 0x528A, 
  0x0000, 0x0000, 0x0000, 0x0000, 0x0000, 0x0000, 0x0000, 0x0000, 
  0x0000, 0x0000, 0x0000, 0x0000, 0x0000, 0x0000, 0x0000, 0x0800, 
  0x3800, 0x4000, 0x3000, 0x2000, 0x1800, 0x0800, 0x0000, 0x0000, 
  0x0000, 0x0000, 0x0000, 0x0000, 0x0000, 0x0000, 0x0000, 0x0000, 
  0x0000, 0x0000, 0x0000, 0x0000, 0x0000, 0x0000, 0x0000, 0x0000, 
  0x0800, 0x0800, 0x0000, 0x0000, 0x0000, 0x3800, 0x6800, 0x7800, 
  0x7000, 0x7000, 0x6800, 0x4800, 0x0000, 0x0800, 0x3800, 0x4800, 
  0x4000, 0x3800, 0x3000, 0x3000, 0x3000, 0x3800, 0x3800, 0x2000, 
  0x2000, 0x1800, 0x1800, 0x1000, 0x1000, 0x1000, 0x1000, 0x0820, 
  0x2940, 0xDE00, 0xEE60, 0xFEC0, 0xD5A0, 0x5A80, 0x5220, 0x7B60, 
  0x39A0, 0xE640, 0xF680, 0xEE60, 0xEE60, 0xEE60, 0xEE60, 0xEE60, 
  0xEE60, 0xF680, 0xE640, 0x93E0, 0x0000, 0x83A0, 0xF680, 0xEE60, 
  0xEE60, 0xEE60, 0x7320, 0x8380, 0xDDE0, 0xF6A0, 0xEE40, 0xEE60, 
  0xEE60, 0xEE60, 0xEE40, 0xF680, 0xE620, 0x9C40, 0x0001, 0x31A6, 
  
  0xFFFF, 0xFFFF, 0x0000, 0x0000, 0x0000, 0x0000, 0x0000, 0x0000, 
  0x0000, 0x0000, 0x0000, 0x0000, 0x0000, 0x0000, 0xFFFF, 0x73AE, 
  0x2124, 0x0020, 0x0020, 0x0000, 0x0000, 0x0000, 0x0000, 0x0000, 
  0x0000, 0x0000, 0x0000, 0x0000, 0x0000, 0x0000, 0x0000, 0x0000, 
  0x0000, 0x0000, 0x0000, 0x0000, 0x0000, 0x0000, 0x0000, 0x0000, 
  0x0000, 0x0000, 0x0000, 0x0000, 0x0000, 0x0000, 0x0000, 0x0000, 
  0x0800, 0x1000, 0x1000, 0x1800, 0x1000, 0x1000, 0x1000, 0x0800, 
  0x0800, 0x0000, 0x0000, 0x5800, 0x8000, 0x9000, 0x9800, 0x8800, 
  0x8000, 0x8000, 0x5800, 0x2000, 0x1800, 0x4800, 0x5800, 0x5000, 
  0x4000, 0x4000, 0x3800, 0x3000, 0x3000, 0x3000, 0x3800, 0x3800, 
  0x2000, 0x2000, 0x2000, 0x1800, 0x1000, 0x1000, 0x1000, 0x0000, 
  0x0000, 0x9400, 0xE640, 0xFEC0, 0xEE40, 0xB4E0, 0x0000, 0x5A80, 
  0x0000, 0xCD60, 0xEE60, 0xEE60, 0xEE60, 0xEE60, 0xEE60, 0xEE60, 
  0xEE60, 0xEE60, 0xF6A0, 0xACA0, 0x0000, 0x7320, 0xDE00, 0xF680, 
  0xEE60, 0xF6C0, 0x9C20, 0x93E0, 0xDDE0, 0xF680, 0xEE40, 0xEE60, 
  0xEE60, 0xEE60, 0xEE40, 0xF6A0, 0xDE00, 0x83A0, 0x0001, 0x4A49, 
  
  0xFFFF, 0xFFFF, 0x0000, 0x0000, 0x0000, 0x0000, 0x0000, 0x0000, 
  0x0000, 0x0000, 0x0000, 0x0000, 0x0000, 0x0000, 0x0000, 0x0000, 
  0x528A, 0x0861, 0x0000, 0x4208, 0x8430, 0x8C71, 0x2104, 0x0000, 
  0x0000, 0x7000, 0x8000, 0x5800, 0x0000, 0x0000, 0x0000, 0x0000, 
  0x0000, 0x0000, 0x0000, 0x0000, 0x0000, 0x0000, 0x0000, 0x0000, 
  0x0000, 0x0000, 0x0800, 0x1800, 0x2000, 0x2800, 0x2800, 0x2800, 
  0x2000, 0x2000, 0x1800, 0x1800, 0x1800, 0x1000, 0x0800, 0x0000, 
  0x0000, 0x3000, 0x8800, 0xB000, 0xB800, 0xB000, 0xA800, 0x9800, 
  0x9000, 0x6800, 0x1800, 0x2000, 0x5000, 0x6000, 0x6000, 0x5000, 
  0x4800, 0x4000, 0x4000, 0x3800, 0x3800, 0x3000, 0x3000, 0x3800, 
  0x3000, 0x2000, 0x2000, 0x2000, 0x1800, 0x1800, 0x1000, 0x0000, 
  0x0000, 0x0000, 0xCD80, 0xF680, 0xF6A0, 0xDE00, 0x5240, 0x0000, 
  0x0000, 0x93E0, 0xE620, 0xF680, 0xEE40, 0xEE60, 0xEE60, 0xEE60, 
  0xEE60, 0xEE40, 0xFEE0, 0xBD20, 0x20E0, 0x5A60, 0xC560, 0xF6A0, 
  0xEE60, 0xF680, 0xD5A0, 0xD5A0, 0xE620, 0xEE60, 0xEE60, 0xEE60, 
  0xEE60, 0xEE60, 0xEE40, 0xFEC0, 0xD5C0, 0x62C0, 0x0002, 0x5AEB, 
  
  0xFFFF, 0xFFFF, 0x0000, 0x0000, 0x0000, 0x0000, 0x0000, 0x0000, 
  0x0000, 0x0000, 0x0000, 0x0000, 0x0000, 0x0000, 0x0000, 0x0000, 
  0x0000, 0x2124, 0x0000, 0x8410, 0xDEDB, 0xEF5D, 0x9CD3, 0x0000, 
  0x0000, 0xA000, 0xD000, 0xC800, 0x8800, 0x4000, 0x0000, 0x0000, 
  0x0000, 0x0000, 0x0000, 0x0000, 0x0800, 0x2000, 0x3000, 0x4800, 
  0x4000, 0x4000, 0x4000, 0x4000, 0x3800, 0x3800, 0x3800, 0x3800, 
  0x2800, 0x1800, 0x1000, 0x0000, 0x0000, 0x0000, 0x0000, 0x0000, 
  0x5800, 0xA800, 0xD800, 0xE000, 0xC800, 0xB000, 0xA800, 0xA800, 
  0x9000, 0x3000, 0x2000, 0x6000, 0x7800, 0x6800, 0x6000, 0x6000, 
  0x5800, 0x4800, 0x4000, 0x4000, 0x3800, 0x3800, 0x3000, 0x3000, 
  0x4000, 0x3000, 0x2800, 0x2000, 0x2000, 0x1000, 0x0000, 0x0000, 
  0x0000, 0x0000, 0x8BC0, 0xDE00, 0xFEC0, 0xEE60, 0xB4E0, 0x0000, 
  0x0000, 0x39C0, 0xDE00, 0xF6A0, 0xEE40, 0xEE60, 0xEE60, 0xEE60, 
  0xEE60, 0xEE40, 0xFEC0, 0xCD80, 0x5A60, 0x3140, 0xA480, 0xFEC0, 
  0xEE60, 0xEE40, 0xF680, 0xF680, 0xEE60, 0xEE40, 0xEE60, 0xEE60, 
  0xEE60, 0xEE60, 0xEE40, 0xFEC0, 0xCD80, 0x2920, 0x0002, 0x6B4D, 
  
  0xFFFF, 0xFFFF, 0x0000, 0x0000, 0x0000, 0x0000, 0x0000, 0x0000, 
  0x0000, 0x0000, 0x0000, 0x0000, 0x0000, 0x0000, 0x0000, 0x0000, 
  0x0000, 0x528A, 0x0000, 0x94B2, 0xEF5D, 0xFFFF, 0xEF7D, 0x18E3, 
  0x0020, 0x7800, 0xE800, 0xF800, 0xF000, 0xA000, 0x5000, 0x1000, 
  0x0000, 0x0800, 0x4000, 0x5000, 0x5800, 0x5800, 0x6800, 0x8000, 
  0x7800, 0x6800, 0x6000, 0x5000, 0x3800, 0x1800, 0x0000, 0x0000, 
  0x0000, 0x0000, 0x0000, 0x0000, 0x0000, 0x0000, 0x1800, 0x6800, 
  0xC800, 0xF800, 0xF000, 0xD800, 0xD000, 0xC800, 0xB800, 0xA800, 
  0x4000, 0x1000, 0x7000, 0x8800, 0x8000, 0x7000, 0x6800, 0x6800, 
  0x6000, 0x5800, 0x4800, 0x4000, 0x4000, 0x3800, 0x3800, 0x3000, 
  0x3000, 0x4000, 0x3800, 0x2800, 0x1800, 0x0800, 0x0000, 0x0000, 
  0x0000, 0x0000, 0x0000, 0xBD20, 0xF6A0, 0xF680, 0xEE60, 0x5220, 
  0x0820, 0x0000, 0xCDA0, 0xF680, 0xEE60, 0xEE60, 0xEE60, 0xEE60, 
  0xEE60, 0xEE40, 0xF6C0, 0xD5C0, 0x7B40, 0x0000, 0x8BC0, 0xFEC0, 
  0xEE60, 0xEE60, 0xEE60, 0xEE60, 0xEE60, 0xEE60, 0xEE60, 0xEE60, 
  0xEE60, 0xEE60, 0xEE60, 0xF6A0, 0xBD20, 0x0000, 0x0021, 0x6B6D, 
  
  0xFFFF, 0xFFFF, 0x0000, 0x0000, 0x0000, 0x0000, 0x0000, 0x0000, 
  0x0000, 0x0000, 0x0000, 0x0000, 0x0000, 0x0000, 0x0000, 0x0000, 
  0x0000, 0xE73C, 0x0000, 0x0020, 0xBDF7, 0xFFFF, 0xF79E, 0x8C71, 
  0x18E3, 0x0000, 0xC800, 0xF800, 0xF800, 0xF000, 0xD800, 0x6000, 
  0x1800, 0x2000, 0xA000, 0xB000, 0xA000, 0x8800, 0x6800, 0x5000, 
  0x3800, 0x1800, 0x0000, 0x0000, 0x0000, 0x0000, 0x0000, 0x0000, 
  0x0000, 0x0000, 0x0800, 0x0800, 0x0000, 0x0000, 0x7000, 0xE000, 
  0xF800, 0xF800, 0xF800, 0xF000, 0xE000, 0xD000, 0xC000, 0x6000, 
  0x0000, 0x6800, 0x9800, 0x9000, 0x7800, 0x7800, 0x7000, 0x6800, 
  0x6800, 0x6000, 0x5800, 0x5000, 0x4000, 0x4000, 0x3800, 0x3800, 
  0x3000, 0x3000, 0x3800, 0x3000, 0x1000, 0x0000, 0x0000, 0x0000, 
  0x0000, 0x0000, 0x0000, 0x7B40, 0xD5C0, 0xFEC0, 0xEE60, 0xB4E0, 
  0x2920, 0x0000, 0xBD20, 0xEE60, 0xEE60, 0xEE60, 0xEE60, 0xEE60, 
  0xEE60, 0xEE40, 0xF680, 0xE620, 0x9C40, 0x0000, 0x7B60, 0xFEC0, 
  0xEE60, 0xEE60, 0xEE60, 0xEE60, 0xEE40, 0xEE40, 0xEE40, 0xEE60, 
  0xEE60, 0xEE60, 0xEE80, 0xEE40, 0xA480, 0x0000, 0x0061, 0x8410, 
  
  0xFFFF, 0xFFFF, 0x0000, 0x0000, 0x0000, 0x0000, 0x0000, 0x0000, 
  0x0000, 0x0000, 0x0000, 0x0000, 0x0000, 0x0000, 0x0000, 0x0000, 
  0x0000, 0x0000, 0x31A6, 0x0000, 0xAD55, 0xFFFF, 0xFFFF, 0xE73C, 
  0x31A6, 0x0000, 0x1000, 0xA800, 0xE800, 0xF800, 0xE000, 0xD800, 
  0x8000, 0x2000, 0x3800, 0x4000, 0x3000, 0x1800, 0x1000, 0x0800, 
  0x0800, 0x0000, 0x0000, 0x0000, 0x0000, 0x0000, 0x1000, 0x2000, 
  0x2000, 0x2000, 0x1800, 0x0800, 0x0000, 0x7800, 0xE800, 0xF800, 
  0xF800, 0xF800, 0xF800, 0xF800, 0xE800, 0xD800, 0xB800, 0x0000, 
  0x5000, 0xB000, 0xA800, 0x9800, 0x8800, 0x8000, 0x7800, 0x7000, 
  0x6800, 0x6800, 0x6000, 0x5800, 0x5000, 0x4800, 0x4000, 0x3800, 
  0x3000, 0x3000, 0x3000, 0x1800, 0x0000, 0x0000, 0x0000, 0x0000, 
  0x0000, 0x0000, 0x0000, 0x0000, 0xACA0, 0xF6C0, 0xEE80, 0xEE60, 
  0x5220, 0x0000, 0xACC0, 0xEE40, 0xEE80, 0xEE60, 0xEE60, 0xEE60, 
  0xEE60, 0xEE60, 0xEE60, 0xEE80, 0xB4E0, 0x0000, 0x6AC0, 0xEE60, 
  0xEE60, 0xEE60, 0xEE60, 0xEE60, 0xEE60, 0xD5C0, 0xB500, 0xEE60, 
  0xEE60, 0xEE40, 0xFEC0, 0xD5A0, 0x7300, 0x0001, 0x2103, 0x0000, 
  
  0xFFFF, 0xFFFF, 0x0000, 0x0000, 0x0000, 0x0000, 0x0000, 0x0000, 
  0x0000, 0x0000, 0x0000, 0x0000, 0x0000, 0x0000, 0x0000, 0x0000, 
  0x0000, 0x0000, 0x8410, 0x0000, 0x7BCF, 0xD6BA, 0xFFFF, 0xFFDF, 
  0x73AE, 0x18E3, 0x0000, 0x1800, 0xA000, 0xE800, 0xE800, 0xD800, 
  0xC800, 0x8000, 0x2800, 0x0000, 0x0000, 0x0000, 0x0000, 0x0000, 
  0x0000, 0x0000, 0x2800, 0x3800, 0x3800, 0x3800, 0x2800, 0x1800, 
  0x1000, 0x0800, 0x0800, 0x0000, 0x8800, 0xE800, 0xF800, 0xF800, 
  0xF800, 0xF800, 0xF800, 0xF800, 0xF800, 0xD800, 0x3800, 0x1000, 
  0xC000, 0xC000, 0xB800, 0xA000, 0x9000, 0x8800, 0x8000, 0x7800, 
  0x7000, 0x7000, 0x6800, 0x6000, 0x5800, 0x5000, 0x4800, 0x4000, 
  0x4000, 0x3800, 0x2000, 0x0000, 0x0000, 0x0000, 0x0000, 0x0000, 
  0x0000, 0x0000, 0x0000, 0x0000, 0x62A0, 0xC560, 0xFEE0, 0xF680, 
  0xACC0, 0x0000, 0xA460, 0xE620, 0xF680, 0xEE40, 0xEE60, 0xEE60, 
  0xEE60, 0xEE60, 0xEE60, 0xF6A0, 0xBD20, 0x0000, 0x5A80, 0xE620, 
  0xEE60, 0xEE60, 0xEE60, 0xEE60, 0xF680, 0xD5C0, 0x8BC0, 0xE620, 
  0xEE60, 0xEE60, 0xFEC0, 0xB4C0, 0x0000, 0x1883, 0x6289, 0x0000, 
  
  0xFFFF, 0xFFFF, 0x0000, 0x0000, 0x0000, 0x0000, 0x0000, 0x0000, 
  0x0000, 0x0000, 0x0000, 0x0000, 0x0000, 0x0000, 0x0000, 0x0000, 
  0x0000, 0x0000, 0x0000, 0x0000, 0x10A2, 0xAD55, 0xFFFF, 0xFFFF, 
  0xCE9A, 0x4A8A, 0x4800, 0x0800, 0x1800, 0xA800, 0xF000, 0xD000, 
  0xD000, 0xC000, 0x8800, 0x3000, 0x0000, 0x0000, 0x2000, 0x4800, 
  0x5800, 0x5800, 0x4800, 0x3800, 0x2800, 0x2000, 0x1000, 0x0800, 
  0x0000, 0x0000, 0x0000, 0x7000, 0xD000, 0xF800, 0xF800, 0xF800, 
  0xF800, 0xF800, 0xF800, 0xF800, 0xE800, 0x9000, 0x0000, 0xB800, 
  0xE000, 0xC800, 0xB800, 0xB000, 0xA800, 0x9800, 0x8800, 0x8000, 
  0x7800, 0x7000, 0x6800, 0x6000, 0x6000, 0x5800, 0x5800, 0x5000, 
  0x4000, 0x2800, 0x0800, 0x0000, 0x0000, 0x0000, 0x0000, 0x0000, 
  0x0000, 0x0000, 0x0000, 0x0000, 0x0000, 0x8BC0, 0xEE80, 0xF680, 
  0xE620, 0x8380, 0xBD20, 0xEE40, 0xEE60, 0xEE60, 0xEE60, 0xEE60, 
  0xEE60, 0xEE60, 0xEE40, 0xFEC0, 0xC560, 0x0000, 0x5220, 0xD5A0, 
  0xEE80, 0xEE60, 0xEE60, 0xEE40, 0xF6A0, 0xDDE0, 0x7B60, 0xCD60, 
  0xEE80, 0xF6A0, 0xE620, 0x8BC0, 0x0000, 0x28E4, 0xA452, 0x0000, 
  
  0xFFFF, 0xFFFF, 0x0000, 0x0000, 0x0000, 0x0000, 0x0000, 0x0000, 
  0x0000, 0x0000, 0x0000, 0x0000, 0x0000, 0x0000, 0x0000, 0x0000, 
  0x0000, 0x0000, 0x0000, 0x528A, 0x0000, 0x8410, 0xF79E, 0xFFFF, 
  0xFFDF, 0x6BAE, 0x4800, 0x7800, 0x4800, 0x5000, 0xC000, 0xE000, 
  0xC800, 0xC800, 0xB800, 0x8000, 0x1800, 0x0000, 0x3800, 0x5800, 
  0x4800, 0x4000, 0x3800, 0x2000, 0x0000, 0x0000, 0x0000, 0x0000, 
  0x0000, 0x0000, 0x1800, 0xC000, 0xF800, 0xF800, 0xF800, 0xF800, 
  0xF800, 0xF800, 0xF800, 0xF800, 0xB800, 0x2800, 0x9000, 0xF000, 
  0xE800, 0xD000, 0xC000, 0xB800, 0xB000, 0xA000, 0x9000, 0x8800, 
  0x8000, 0x7800, 0x7800, 0x6800, 0x6000, 0x6000, 0x6000, 0x5000, 
  0x3000, 0x0800, 0x0000, 0x0000, 0x0000, 0x0000, 0x0000, 0x0000, 
  0x0000, 0x0000, 0x0000, 0x0000, 0x0000, 0x49E0, 0xB4C0, 0xFEC0, 
  0xEE60, 0xDDE0, 0xE620, 0xEE60, 0xEE60, 0xEE60, 0xEE60, 0xEE60, 
  0xEE60, 0xEE60, 0xEE40, 0xFEC0, 0xCD80, 0x2920, 0x41C0, 0xBD00, 
  0xF680, 0xEE60, 0xEE60, 0xEE40, 0xF6A0, 0xDE00, 0x7300, 0xA460, 
  0xF680, 0xFEE0, 0xB500, 0x4A20, 0x0001, 0x2924, 0x0000, 0x0000, 
  
  0xFFFF, 0xFFFF, 0x0000, 0x0000, 0x0000, 0x0000, 0x0000, 0x0000, 
  0x0000, 0x0000, 0x0000, 0x0000, 0x0000, 0x0000, 0x0000, 0x0000, 
  0x0000, 0x0000, 0x0000, 0xC638, 0x1082, 0x4A69, 0xB5B6, 0xFFFF, 
  0xFFFF, 0xB5D7, 0x4A89, 0xA800, 0xA800, 0x0000, 0x7800, 0xE800, 
  0xD000, 0xC000, 0xC000, 0xB000, 0x8000, 0x3000, 0x2800, 0x4000, 
  0x1000, 0x0000, 0x0000, 0x0000, 0x1000, 0x2000, 0x2000, 0x1000, 
  0x0000, 0x0000, 0xA800, 0xF000, 0xF800, 0xF800, 0xF000, 0xF800, 
  0xF800, 0xF800, 0xF800, 0xD800, 0x6000, 0x6000, 0xE000, 0xF800, 
  0xF800, 0xE800, 0xD800, 0xC800, 0xB800, 0xB000, 0xA000, 0x9800, 
  0x8800, 0x8800, 0x8000, 0x7000, 0x7000, 0x7000, 0x5800, 0x3800, 
  0x0000, 0x0000, 0x0000, 0x0000, 0x0000, 0x0000, 0x0000, 0x0000, 
  0x0000, 0x0000, 0x0000, 0x0000, 0x0000, 0x0000, 0x5A80, 0xDE00, 
  0xF680, 0xF6A0, 0xEE80, 0xF680, 0xF680, 0xEE60, 0xEE60, 0xEE60, 
  0xEE60, 0xEE60, 0xEE40, 0xFEC0, 0xD5C0, 0x5A60, 0x2900, 0x9C40, 
  0xF6A0, 0xEE60, 0xEE60, 0xEE40, 0xF6A0, 0xE620, 0x7B60, 0x7300, 
  0xF6A0, 0xF680, 0x83A0, 0x0000, 0x2124, 0x4A89, 0x0000, 0x0000, 
  
  0xFFFF, 0xFFFF, 0x0000, 0x0000, 0x0000, 0x0000, 0x0000, 0x0000, 
  0x0000, 0x0000, 0x0000, 0x0000, 0x0000, 0x0000, 0x0000, 0x0000, 
  0x0000, 0x0000, 0x0000, 0x0000, 0x2124, 0x0000, 0x73AE, 0xFFFF, 
  0xFFFF, 0xF79E, 0x6C10, 0xA000, 0xC800, 0x8000, 0x4000, 0xD000, 
  0xD000, 0xC000, 0xB000, 0xB800, 0xA800, 0x6800, 0x0000, 0x0000, 
  0x0000, 0x1000, 0x2000, 0x2800, 0x2800, 0x3000, 0x2800, 0x0800, 
  0x0000, 0x7800, 0xE800, 0xF800, 0xF000, 0xF000, 0xE800, 0xE800, 
  0xF000, 0xF800, 0xF800, 0x9800, 0x0000, 0xB800, 0xF800, 0xF800, 
  0xF800, 0xF800, 0xE800, 0xD800, 0xC800, 0xB800, 0xB000, 0xA000, 
  0x9800, 0x9000, 0x8800, 0x8000, 0x7800, 0x6000, 0x3800, 0x0000, 
  0x0000, 0x0000, 0x0000, 0x0000, 0x0000, 0x0000, 0x0000, 0x0000, 
  0x0000, 0x0000, 0x0000, 0x0000, 0x0000, 0x0000, 0x2900, 0x8BC0, 
  0xF680, 0xEE60, 0xEE40, 0xE620, 0xE620, 0xEE60, 0xEE60, 0xEE60, 
  0xEE60, 0xEE60, 0xEE40, 0xF6A0, 0xDDE0, 0x7340, 0x0000, 0x8380, 
  0xF6A0, 0xEE60, 0xEE60, 0xEE40, 0xF680, 0xE640, 0x9C20, 0x41E0, 
  0xF6A0, 0xC560, 0x5A60, 0x0000, 0x31A5, 0x9532, 0x0000, 0x0000, 
  
  0xFFFF, 0xFFFF, 0x0000, 0x0000, 0x0000, 0x0000, 0x0000, 0x0000, 
  0x0000, 0x0000, 0x0000, 0x0000, 0x0000, 0x0000, 0x0000, 0x0000, 
  0x0000, 0x0000, 0x0000, 0x0000, 0x5AEB, 0x18C3, 0x5ACB, 0xDEFB, 
  0xFFFF, 0xFFFF, 0xA555, 0x00C3, 0xB800, 0xE000, 0x0000, 0x9800, 
  0xD000, 0xC000, 0xB000, 0xA800, 0xA000, 0x8800, 0x4000, 0x0000, 
  0x0000, 0x3000, 0x4000, 0x4000, 0x3000, 0x0800, 0x0000, 0x0000, 
  0x4800, 0xE000, 0xE800, 0xE000, 0xE800, 0xE800, 0xF000, 0xE000, 
  0xE800, 0xF800, 0xC800, 0x5000, 0x9000, 0xF000, 0xF800, 0xF800, 
  0xF800, 0xF800, 0xF800, 0xE800, 0xD800, 0xD000, 0xC000, 0xB000, 
  0xA800, 0xA000, 0x9800, 0x9000, 0x7000, 0x3000, 0x0000, 0x0000, 
  0x0000, 0x0000, 0x0000, 0x0000, 0x0000, 0x0000, 0x0000, 0x0000, 
  0x0000, 0x0000, 0x0000, 0x0000, 0x0000, 0x0000, 0x0000, 0x20E0, 
  0xD5A0, 0xEE80, 0xF680, 0xACA0, 0x9C40, 0xE600, 0xEE80, 0xEE60, 
  0xEE60, 0xEE60, 0xEE40, 0xF6A0, 0xDE00, 0x8BE0, 0x0000, 0x6AE0, 
  0xF6A0, 0xEE60, 0xEE60, 0xEE40, 0xEE80, 0xEE40, 0xB4C0, 0x2100, 
  0xE620, 0x83A0, 0x20E0, 0x0042, 0x2965, 0x0000, 0x0000, 0x0000, 
  
  0xFFFF, 0xFFFF, 0x0000, 0x0000, 0x0000, 0x0000, 0x0000, 0x0000, 
  0x0000, 0x0000, 0x0000, 0x0000, 0x0000, 0x0000, 0x0000, 0x0000, 
  0x0000, 0x0000, 0x0000, 0x0000, 0xFFFF, 0x39C7, 0x2965, 0x8C71, 
  0xFFDF, 0xFFFF, 0xD6DB, 0x5BCF, 0xA800, 0xE000, 0x4800, 0x6000, 
  0xD800, 0xC800, 0xB800, 0xA800, 0xA000, 0x9000, 0x7800, 0x0000, 
  0x0800, 0x3000, 0x1800, 0x0000, 0x0000, 0x0000, 0x0000, 0x3000, 
  0xB800, 0xF800, 0xF000, 0xE800, 0xF000, 0xF800, 0xF800, 0xF000, 
  0xE800, 0xF800, 0x8800, 0x4000, 0xC800, 0xF800, 0xF800, 0xF800, 
  0xF800, 0xF800, 0xF800, 0xF000, 0xE800, 0xD800, 0xD000, 0xC000, 
  0xB000, 0xA800, 0xA000, 0x7800, 0x3000, 0x0000, 0x0000, 0x0000, 
  0x0000, 0x0000, 0x0861, 0x2104, 0x2124, 0x18C3, 0x0000, 0x0000, 
  0x0000, 0x0000, 0x0000, 0x0000, 0x0000, 0x0000, 0x0000, 0x18A0, 
  0x83A0, 0xEE60, 0xFEE0, 0xB4C0, 0x5A80, 0xBD00, 0xFEC0, 0xEE60, 
  0xEE60, 0xEE60, 0xEE40, 0xF680, 0xE620, 0xA460, 0x0000, 0x5240, 
  0xEE80, 0xEE60, 0xEE60, 0xEE40, 0xF680, 0xE640, 0xACA0, 0x0000, 
  0xA480, 0x49E0, 0x0000, 0x39A7, 0x6B4D, 0x0000, 0x0000, 0x0000, 
  
  0xFFFF, 0xFFFF, 0x0000, 0x0000, 0x0000, 0x0000, 0x0000, 0x0000, 
  0x0000, 0x0000, 0x0000, 0x0000, 0x0000, 0x0000, 0x0000, 0x0000, 
  0x0000, 0x0000, 0x0000, 0x0000, 0x0000, 0x2104, 0x1082, 0x4A69, 
  0xFFDF, 0xFFFF, 0xFFFF, 0xA575, 0x5000, 0xA800, 0x9800, 0x4800, 
  0xD800, 0xC800, 0xC000, 0xB000, 0xA800, 0x9800, 0x8000, 0x3000, 
  0x0000, 0x0000, 0x0000, 0x0000, 0x0000, 0x0000, 0x2000, 0x7800, 
  0xF000, 0xF000, 0xF000, 0xF000, 0xF000, 0xF000, 0xE800, 0xF800, 
  0xF800, 0xD800, 0x6000, 0xB800, 0xF800, 0xF800, 0xF800, 0xF800, 
  0xF800, 0xF800, 0xF800, 0xF800, 0xF800, 0xE800, 0xD800, 0xD800, 
  0xC800, 0xC000, 0x8000, 0x2800, 0x0000, 0x0000, 0x0000, 0x0000, 
  0x0000, 0x0000, 0x52AA, 0x9CF3, 0xB596, 0x7BEF, 0x0000, 0x0000, 
  0x0000, 0x0000, 0x0000, 0x0000, 0x0000, 0x0000, 0x0000, 0x0840, 
  0x39A0, 0xE640, 0xFEC0, 0xD5C0, 0x8BC0, 0xA460, 0xFEC0, 0xEE40, 
  0xEE60, 0xEE60, 0xEE40, 0xEE80, 0xEE40, 0xB4E0, 0x0000, 0x41E0, 
  0xE640, 0xEE60, 0xEE60, 0xEE40, 0xF680, 0xE640, 0x9420, 0x0000, 
  0x3160, 0x1060, 0x0000, 0x31A6, 0x0000, 0x0000, 0x0000, 0x0000, 
  
  0xFFFF, 0x0000, 0x0000, 0x0000, 0x0000, 0x0000, 0x0000, 0x0000, 
  0x0000, 0x0000, 0x0000, 0x0000, 0x0000, 0x0000, 0x0000, 0x0000, 
  0x0000, 0x0000, 0x0000, 0x0000, 0x0000, 0x632C, 0x4228, 0x3186, 
  0xD6BA, 0xFFDF, 0xFFFF, 0xC679, 0x42EB, 0x8800, 0xD800, 0x3800, 
  0xD800, 0xC000, 0xC000, 0xB800, 0xA800, 0xA000, 0x8800, 0x6000, 
  0x2800, 0x0000, 0x0000, 0x0000, 0x0000, 0x0000, 0x5800, 0xE800, 
  0xF000, 0xF000, 0xE800, 0xF000, 0xF800, 0xF800, 0xF000, 0xF800, 
  0xF800, 0xC000, 0x8800, 0xD800, 0xF800, 0xF800, 0xF800, 0xF800, 
  0xF800, 0xF800, 0xF800, 0xF800, 0xF800, 0xF800, 0xE800, 0xE000, 
  0xE000, 0x8800, 0x3000, 0x0000, 0x0000, 0x0000, 0x0000, 0x4228, 
  0xBDD7, 0xEF5D, 0xF79E, 0xF7BE, 0xF7BE, 0xEF7D, 0xC638, 0x2124, 
  0x0000, 0x0000, 0x0000, 0x0000, 0x0000, 0x0000, 0x0000, 0x0000, 
  0x0000, 0xCDA0, 0xF680, 0xEE40, 0xA480, 0x83A0, 0xEE80, 0xEE60, 
  0xEE60, 0xEE60, 0xEE60, 0xEE60, 0xEE60, 0xBD00, 0x0000, 0x3980, 
  0xDDE0, 0xEE60, 0xEE60, 0xEE40, 0xF6A0, 0xE620, 0x7B60, 0x0000, 
  0x0000, 0x0000, 0x39C7, 0x52AA, 0x0000, 0x0000, 0x0000, 0x0000, 
  
  0x0000, 0x0000, 0x0000, 0x0000, 0x0000, 0x0000, 0x0000, 0x0000, 
  0x0000, 0x0000, 0x0000, 0x0000, 0x0000, 0x0000, 0x0000, 0x0000, 
  0x0000, 0x0000, 0x0000, 0x0000, 0x0000, 0xFFFF, 0x4A69, 0x18E3, 
  0x8C71, 0xF7BE, 0xFFFF, 0xF7BE, 0xA575, 0x5000, 0xC000, 0x8000, 
  0xC800, 0xC000, 0xC000, 0xB000, 0xA000, 0x9800, 0x8800, 0x7800, 
  0x3000, 0x0000, 0x0000, 0x0000, 0x0000, 0x4800, 0xB000, 0xF800, 
  0xE800, 0xF000, 0xF000, 0xF800, 0xF800, 0xF800, 0xF800, 0xE800, 
  0xE800, 0xE000, 0xD800, 0xE800, 0xF800, 0xF800, 0xF800, 0xF800, 
  0xF800, 0xF800, 0xF800, 0xF800, 0xF800, 0xF800, 0xF800, 0xF000, 
  0x9800, 0x3800, 0x0000, 0x0000, 0x0000, 0x1082, 0x7BCF, 0xE73C, 
  0xF7BE, 0xFFFF, 0xFFFF, 0xFFFF, 0xFFFF, 0xFFFF, 0xFFDF, 0xDEFB, 
  0x8430, 0x0000, 0x0000, 0x0020, 0x0000, 0x0000, 0x0000, 0x0000, 
  0x0000, 0xB4E0, 0xEE60, 0xFEC0, 0xB4E0, 0x62C0, 0xD5E0, 0xF680, 
  0xEE60, 0xEE60, 0xEE60, 0xEE60, 0xEE80, 0xC560, 0x0000, 0x3160, 
  0xD5E0, 0xEE60, 0xEE60, 0xEE40, 0xF6A0, 0xDE00, 0x5260, 0x0000, 
  0x0000, 0x0000, 0x4228, 0x9492, 0x0000, 0x0000, 0x0000, 0x0000, 
  
  0x0000, 0x0000, 0x0000, 0x0000, 0x0000, 0x0000, 0x0000, 0x0000, 
  0x0000, 0x0000, 0x0000, 0x0000, 0x0000, 0x0000, 0x0000, 0x0000, 
  0x0000, 0x0000, 0x0000, 0x0000, 0x0000, 0x0000, 0x31A6, 0x2124, 
  0x2965, 0xEF7D, 0xFFFF, 0xFFFF, 0xCE9A, 0x4186, 0x7000, 0x8000, 
  0x9000, 0xC800, 0xC000, 0xB000, 0xA000, 0xA000, 0x9800, 0x5800, 
  0x2000, 0x0000, 0x0000, 0x0000, 0x0000, 0x8800, 0xF000, 0xE800, 
  0xE800, 0xF800, 0xF000, 0xF000, 0xF800, 0xF800, 0xE800, 0xE800, 
  0xF000, 0xF000, 0xF000, 0xF800, 0xF800, 0xF800, 0xF800, 0xF800, 
  0xF800, 0xF800, 0xF800, 0xF800, 0xF800, 0xF800, 0xF800, 0xB800, 
  0x3000, 0x0000, 0x0000, 0x0000, 0x0000, 0x6B4D, 0xDEFB, 0xFFFF, 
  0xFFFF, 0xFFFF, 0xFFFF, 0xFFFF, 0xFFFF, 0xFFFF, 0xFFFF, 0xFFFF, 
  0xE71C, 0xA534, 0x31A6, 0x0000, 0x0841, 0x0000, 0x0000, 0x0000, 
  0x0000, 0x9C40, 0xE640, 0xFEE0, 0xC560, 0x5A80, 0xBD00, 0xF6A0, 
  0xEE60, 0xEE60, 0xEE60, 0xEE60, 0xF680, 0xCD80, 0x0000, 0x3980, 
  0xDE00, 0xEE60, 0xEE60, 0xEE40, 0xF6A0, 0xDDE0, 0x18E0, 0x0000, 
  0x0000, 0x2945, 0x4A49, 0x0000, 0x0000, 0x0000, 0x0000, 0x0000, 
  
  0x0000, 0x0000, 0x0000, 0x0000, 0x0000, 0x0000, 0x0000, 0x0000, 
  0x0000, 0x0000, 0x0000, 0x0000, 0x0000, 0x0000, 0x0000, 0x0000, 
  0x0000, 0x0000, 0x0000, 0x0000, 0x0000, 0x0000, 0x5ACB, 0x4A69, 
  0x0000, 0xCE79, 0xFFDF, 0xFFFF, 0xEF7D, 0x9D34, 0x0000, 0x5000, 
  0x4000, 0xC000, 0xD000, 0xC000, 0xA800, 0x9800, 0x7000, 0x1000, 
  0x0000, 0x0000, 0x0000, 0x0000, 0x5800, 0xC000, 0xF800, 0xE800, 
  0xE800, 0xF000, 0xF800, 0xF000, 0xF000, 0xE800, 0xE800, 0xF000, 
  0xF800, 0xF000, 0xF800, 0xF800, 0xF800, 0xF800, 0xF800, 0xF800, 
  0xF800, 0xF800, 0xF800, 0xF800, 0xF800, 0xD800, 0xB800, 0x3000, 
  0x0000, 0x52AA, 0x632C, 0x4228, 0x2945, 0xAD55, 0xFFFF, 0xFFFF, 
  0xFFFF, 0xFFFF, 0xFFFF, 0xFFFF, 0xFFFF, 0xFFFF, 0xFFFF, 0xFFFF, 
  0xFFFF, 0xEF7D, 0xAD75, 0x4228, 0x0000, 0x0020, 0x0000, 0x0000, 
  0x0000, 0x9400, 0xE620, 0xFEC0, 0xDDE0, 0xACA0, 0xBD20, 0xF6A0, 
  0xEE60, 0xEE60, 0xEE60, 0xEE60, 0xF680, 0xD5A0, 0x0000, 0x39A0, 
  0xE640, 0xEE60, 0xEE60, 0xEE60, 0xF680, 0xCD80, 0x0000, 0x0000, 
  0x0000, 0x4A49, 0x630C, 0x0000, 0x0000, 0x0000, 0x0000, 0x0000, 
  
  0x0000, 0x0000, 0x0000, 0x0000, 0x0000, 0x0000, 0x0000, 0x0000, 
  0x0000, 0x0000, 0x0000, 0x0000, 0x0000, 0x0000, 0x0000, 0x0000, 
  0x0000, 0x0000, 0x0000, 0x0000, 0x0000, 0x0000, 0xAD55, 0x73AE, 
  0x0000, 0x7BEF, 0xEF5D, 0xFFFF, 0xFFFF, 0xDEFB, 0x0000, 0x0800, 
  0x0000, 0x9000, 0xC000, 0xB800, 0x9800, 0x6800, 0x0000, 0x0000, 
  0x0000, 0x18E3, 0x0882, 0x0000, 0x9800, 0xF000, 0xF800, 0xF000, 
  0xE800, 0xE800, 0xF800, 0xF800, 0xE800, 0xE800, 0xF800, 0xF800, 
  0xF000, 0xF800, 0xF800, 0xF800, 0xF800, 0xF800, 0xF800, 0xF800, 
  0xF800, 0xF800, 0xF800, 0xE800, 0xC000, 0x6800, 0x0208, 0x6BAE, 
  0x94B2, 0xBDF7, 0xCE59, 0xB5B6, 0xB5B6, 0xDEFB, 0xFFFF, 0xFFFF, 
  0xFFFF, 0xFFFF, 0xFFFF, 0xFFFF, 0xFFFF, 0xFFFF, 0xFFFF, 0xFFFF, 
  0xFFFF, 0xFFFF, 0xF79E, 0xA534, 0x18E3, 0x0000, 0x0000, 0x0000, 
  0x0000, 0x9C20, 0xE640, 0xF6A0, 0xE640, 0xD5C0, 0xC540, 0xEE80, 
  0xEE60, 0xEE60, 0xEE60, 0xEE60, 0xF680, 0xD5A0, 0x0000, 0x41C0, 
  0xE640, 0xEE60, 0xEE60, 0xF680, 0xE640, 0xACC0, 0x0000, 0x0000, 
  0x10A2, 0x630C, 0x0000, 0x0000, 0x0000, 0x0000, 0x0000, 0x0000, 
  
  0x0000, 0x0000, 0x0000, 0x0000, 0x0000, 0x0000, 0x0000, 0x0000, 
  0x0000, 0x0000, 0x0000, 0x0000, 0x0000, 0x0000, 0x0000, 0x0000, 
  0x0000, 0x0000, 0x0000, 0x0000, 0x0000, 0x0000, 0x0000, 0x4208, 
  0x0861, 0x0000, 0xDEFB, 0xFFFF, 0xFFFF, 0xEF7D, 0x94B3, 0x0000, 
  0x0000, 0x0000, 0x5000, 0x5000, 0x0800, 0x0000, 0x0000, 0x0000, 
  0x4208, 0x6B4D, 0x29E7, 0x3000, 0xC000, 0xF800, 0xF800, 0xF800, 
  0xF000, 0xE000, 0xE800, 0xF800, 0xF800, 0xF000, 0xF800, 0xF000, 
  0xF800, 0xF800, 0xF800, 0xF800, 0xF000, 0xF000, 0xF000, 0xF000, 
  0xF000, 0xF800, 0xD000, 0x7041, 0x0229, 0x6BCF, 0xA555, 0xDF1C, 
  0xFFFF, 0xFFFF, 0xFFFF, 0xFFFF, 0xFFFF, 0xFFFF, 0xFFFF, 0xFFFF, 
  0xFFFF, 0xFFFF, 0xFFFF, 0xFFFF, 0xFFFF, 0xFFFF, 0xFFFF, 0xFFFF, 
  0xFFFF, 0xFFFF, 0xFFFF, 0xE73C, 0x9492, 0x0000, 0x0000, 0x0000, 
  0x0000, 0xACC0, 0xEE40, 0xF6A0, 0xE640, 0xBD20, 0x83A1, 0xF680, 
  0xEE60, 0xEE60, 0xEE60, 0xEE60, 0xF680, 0xD5A0, 0x0000, 0x41C0, 
  0xEE40, 0xEE60, 0xEE40, 0xF6A0, 0xDDE0, 0x7B80, 0x0000, 0x0020, 
  0x4208, 0x4208, 0x0000, 0x0000, 0x0000, 0x0000, 0x0000, 0x0000, 
  
  0x0000, 0x0000, 0x0000, 0x0000, 0x0000, 0x0000, 0x0000, 0x0000, 
  0x0000, 0x0000, 0x0000, 0x0000, 0x0000, 0x0000, 0x0000, 0x0000, 
  0x0000, 0x0000, 0x0000, 0x0000, 0x0000, 0x0000, 0x0000, 0x2104, 
  0x2124, 0x0000, 0xC638, 0xFFDF, 0xFFFF, 0xFFFF, 0xEF5D, 0x2965, 
  0x0841, 0x0000, 0x0000, 0x0000, 0x0000, 0x0000, 0x0020, 0x4208, 
  0xB596, 0xAD76, 0x42EB, 0x8800, 0xE000, 0xF800, 0xF800, 0xF000, 
  0xE800, 0xC000, 0xD000, 0xE800, 0xF000, 0xF000, 0xF000, 0xF800, 
  0xF800, 0xF800, 0xF000, 0xD000, 0x9800, 0x6861, 0x58A2, 0x60A2, 
  0xA000, 0xB000, 0x5000, 0x32AA, 0xBDF7, 0xFFFF, 0xFFFF, 0xFFFF, 
  0xFFFF, 0xFFFF, 0xFFFF, 0xFFFF, 0xFFFF, 0xFFFF, 0xFFFF, 0xFFFF, 
  0xFFFF, 0xFFFF, 0xFFFF, 0xFFFF, 0xFFFF, 0xFFFF, 0xFFFF, 0xFFFF, 
  0xFFFF, 0xFFFF, 0xFFFF, 0xFFFF, 0xD6BA, 0x31A6, 0x0000, 0x0000, 
  0x0000, 0xD5A0, 0xEE60, 0xEE80, 0xEE40, 0xBD20, 0x62C0, 0xEE40, 
  0xEE60, 0xEE60, 0xEE60, 0xEE60, 0xF680, 0xD5A0, 0x0000, 0x41C0, 
  0xEE40, 0xEE60, 0xEE40, 0xFEC0, 0xCD80, 0x2100, 0x0000, 0x0861, 
  0x7BEF, 0xAD55, 0x0000, 0x0000, 0x0000, 0x0000, 0x0000, 0x0000, 
  
  0x0000, 0x0000, 0x0000, 0x0000, 0x0000, 0x0000, 0x0000, 0x0000, 
  0x0000, 0x0000, 0x0000, 0x0000, 0x0000, 0x0000, 0x0000, 0x0000, 
  0x0000, 0x0000, 0x0000, 0x0000, 0x0000, 0x0000, 0x0000, 0x0000, 
  0x2104, 0x0000, 0x9492, 0xE73C, 0xFFFF, 0xFFFF, 0xFFFF, 0xD69A, 
  0x39C7, 0x0000, 0x0000, 0x0000, 0x0000, 0x0000, 0x52AA, 0xD69A, 
  0xFFFF, 0x7C10, 0x0000, 0xC000, 0xF800, 0xF800, 0xF800, 0xD000, 
  0x5000, 0x1000, 0x0000, 0x8800, 0xD800, 0xF800, 0xF800, 0xF800, 
  0xE000, 0x9800, 0x5000, 0x1800, 0x0800, 0x3A28, 0x5B4D, 0x5B4D, 
  0x1000, 0x0000, 0x39E7, 0xCE9A, 0xFFFF, 0xFFFF, 0xFFFF, 0xFFFF, 
  0xFFFF, 0xFFFF, 0xFFFF, 0xFFFF, 0xFFFF, 0xFFFF, 0xFFFF, 0xFFFF, 
  0xF7BE, 0xBDD7, 0xEF5D, 0xFFFF, 0xFFFF, 0xFFFF, 0xFFFF, 0xFFFF, 
  0xFFFF, 0xFFFF, 0xFFFF, 0xFFFF, 0xEF5D, 0x9CF3, 0x0000, 0x0840, 
  0x4A20, 0xEE40, 0xF680, 0xEE60, 0xEE60, 0xC540, 0x62A0, 0xE620, 
  0xEE60, 0xEE60, 0xEE60, 0xEE60, 0xF680, 0xD5A0, 0x0000, 0x41E0, 
  0xEE40, 0xEE60, 0xEE60, 0xEE80, 0xB4C0, 0x0000, 0x0861, 0x39E7, 
  0x52AA, 0x0000, 0x0000, 0x0000, 0x0000, 0x0000, 0x0000, 0x0000, 
  
  0x0000, 0x0000, 0x0000, 0x0000, 0x0000, 0x0000, 0x0000, 0x0000, 
  0x0000, 0x0000, 0x0000, 0x0000, 0x0000, 0x0000, 0x0000, 0x0000, 
  0x0000, 0x0000, 0x0000, 0x0000, 0x0000, 0x0000, 0x0000, 0x738E, 
  0x10A2, 0x0000, 0x52AA, 0xDEFB, 0xFFDF, 0xBDD7, 0x738E, 0x6B4D, 
  0x2124, 0x1082, 0x0861, 0x0020, 0x528A, 0xAD55, 0xF79E, 0xFFFF, 
  0xF7BE, 0x634D, 0x0000, 0xC800, 0xF800, 0xF000, 0xC000, 0x4800, 
  0x3A8A, 0xC659, 0x94F3, 0x3145, 0x5800, 0x9800, 0xB000, 0x8000, 
  0x5000, 0x39A6, 0x8CB2, 0xCE79, 0xEF5D, 0xEF9E, 0xEF9E, 0xEF9E, 
  0xE73C, 0xC618, 0xE71C, 0xFFDF, 0xFFFF, 0xFFFF, 0xFFFF, 0xFFFF, 
  0xFFFF, 0xFFFF, 0xFFFF, 0xFFFF, 0xFFFF, 0xFFFF, 0xFFFF, 0xFFFF, 
  0xFFFF, 0xC638, 0x9492, 0xCE79, 0xFFFF, 0xFFFF, 0xFFFF, 0xFFFF, 
  0xFFFF, 0xFFFF, 0xFFFF, 0xFFFF, 0xEF7D, 0x9CD3, 0x0000, 0x0840, 
  0xC540, 0xEE60, 0xEE60, 0xF6A0, 0xDDE0, 0x7B60, 0x5A80, 0xEE60, 
  0xEE60, 0xEE60, 0xEE60, 0xEE60, 0xF680, 0xD5A0, 0x0000, 0x41E0, 
  0xEE60, 0xEE60, 0xFEC0, 0xD5A0, 0x6AE0, 0x0000, 0x1082, 0x8410, 
  0xFFFF, 0x0000, 0x0000, 0x0000, 0x0000, 0x0000, 0x0000, 0x0000, 
  
  0x0000, 0x0000, 0x0000, 0x0000, 0x0000, 0x0000, 0x0000, 0x0000, 
  0x0000, 0x0000, 0x0000, 0x0000, 0x0000, 0x0000, 0x0000, 0x0000, 
  0x0000, 0x0000, 0x0000, 0x0000, 0x0000, 0x0000, 0x8410, 0x73AE, 
  0x0020, 0x0000, 0x2945, 0xBDF7, 0xC618, 0x3186, 0x0000, 0x0000, 
  0x0000, 0x10A2, 0x2965, 0x738E, 0xBDD7, 0xF79E, 0xFFFF, 0xEF7D, 
  0x9CD3, 0x0000, 0x0000, 0x5800, 0x8000, 0x7000, 0x4800, 0x5B8E, 
  0xDF1C, 0xFFDF, 0xF79E, 0xCE9A, 0x8C91, 0x0000, 0x0000, 0x21C7, 
  0xB5F7, 0xDEFB, 0xEF7D, 0xFFDF, 0xFFFF, 0xFFFF, 0xFFFF, 0xFFFF, 
  0xFFFF, 0xF7BE, 0xFFFF, 0xFFFF, 0xFFFF, 0xFFFF, 0xFFFF, 0xFFFF, 
  0xFFFF, 0xFFFF, 0xFFFF, 0xFFFF, 0xFFFF, 0xFFFF, 0xFFFF, 0xFFFF, 
  0xFFFF, 0xFFDF, 0xAD55, 0x73AE, 0x8C71, 0x9CF3, 0xA575, 0xBE38, 
  0xCEBA, 0xDF3C, 0xDF3C, 0xD6BA, 0xA534, 0x4229, 0x1860, 0xA440, 
  0xEE60, 0xEE60, 0xEE40, 0xF6C0, 0xC560, 0x0000, 0x6AE0, 0xF6A0, 
  0xEE60, 0xEE60, 0xEE60, 0xEE60, 0xF680, 0xCDA0, 0x0000, 0x4A00, 
  0xEE60, 0xF680, 0xF6A0, 0xAC80, 0x0000, 0x10A3, 0x528A, 0x0000, 
  0x0000, 0x0000, 0x0000, 0x0000, 0x0000, 0x0000, 0x0000, 0x0000, 
  
  0x0000, 0x0000, 0x0000, 0x0000, 0x0000, 0x0000, 0x0000, 0x0000, 
  0x0000, 0x0000, 0x0000, 0x0000, 0x0000, 0x0000, 0x0000, 0x0000, 
  0x0000, 0x0000, 0x0000, 0x0000, 0x0000, 0x0000, 0x6B4D, 0x52AA, 
  0x0000, 0x2124, 0x2124, 0x6B6D, 0x528A, 0x5AEB, 0xCE59, 0xA534, 
  0x7BEF, 0x5ACB, 0x2965, 0x4228, 0x8410, 0xA534, 0xA534, 0x9492, 
  0x4A69, 0x8430, 0xA514, 0xA555, 0x9534, 0x8CD3, 0xA555, 0xDEFB, 
  0xFFFF, 0xFFFF, 0xFFFF, 0xFFFF, 0xE73C, 0xC659, 0xC638, 0xD69A, 
  0xF7BE, 0xFFFF, 0xFFFF, 0xFFFF, 0xFFFF, 0xFFFF, 0xFFFF, 0xFFFF, 
  0xFFFF, 0xFFFF, 0xFFFF, 0xFFFF, 0xEF7D, 0xEF7D, 0xFFFF, 0xFFFF, 
  0xFFFF, 0xFFFF, 0xFFFF, 0xFFFF, 0xFFFF, 0xFFFF, 0xFFFF, 0xFFFF, 
  0xFFFF, 0xFFFF, 0xF79E, 0x9492, 0x0000, 0x0000, 0x4986, 0x4AEB, 
  0x5BAE, 0x7451, 0x7C51, 0x6B8E, 0x29A7, 0x0000, 0x83A0, 0xEE40, 
  0xF680, 0xEE40, 0xFEC0, 0xE620, 0x8BA0, 0x0000, 0xA460, 0xFEC0, 
  0xEE60, 0xEE60, 0xEE60, 0xEE60, 0xF680, 0xCD80, 0x0000, 0x5240, 
  0xEE60, 0xFEE0, 0xC560, 0x6280, 0x0001, 0x2965, 0x9CF3, 0x0000, 
  0x0000, 0x0000, 0x0000, 0x0000, 0x0000, 0x0000, 0x0000, 0x0000, 
  
  0x0000, 0x0000, 0x0000, 0x0000, 0x0000, 0x0000, 0x0000, 0x0000, 
  0x0000, 0x0000, 0x0000, 0x0000, 0x0000, 0x0000, 0x0000, 0x0000, 
  0x0000, 0x0000, 0x0000, 0x0000, 0x0000, 0x0000, 0x2124, 0x31A6, 
  0x4228, 0x6B6D, 0x4208, 0x0000, 0x4208, 0xC618, 0xFFFF, 0xF79E, 
  0xDEDB, 0xCE59, 0xBDD7, 0xB596, 0xAD55, 0x94B2, 0x8430, 0xA534, 
  0xC618, 0xDEFB, 0xEF7D, 0xF7BE, 0xEF9E, 0xE75D, 0xEF9E, 0xFFFF, 
  0xFFFF, 0xFFFF, 0xFFFF, 0xFFFF, 0xFFFF, 0xFFFF, 0xFFFF, 0xFFFF, 
  0xFFFF, 0xFFFF, 0xFFFF, 0xFFFF, 0xFFFF, 0xFFFF, 0xFFFF, 0xFFFF, 
  0xFFFF, 0xFFFF, 0xFFFF, 0xFFFF, 0xD6BA, 0xA534, 0xE73C, 0xFFFF, 
  0xFFFF, 0xFFFF, 0xFFFF, 0xFFFF, 0xFFFF, 0xFFFF, 0xFFFF, 0xFFFF, 
  0xFFFF, 0xFFFF, 0xFFFF, 0xBDD7, 0x0000, 0x6800, 0xC000, 0xB000, 
  0xB000, 0xB000, 0x8800, 0x3000, 0x0000, 0x7B80, 0xDDE0, 0xFEC0, 
  0xEE40, 0xF680, 0xF6A0, 0xACA0, 0x0000, 0x7320, 0xDE00, 0xF680, 
  0xEE60, 0xEE60, 0xEE60, 0xEE60, 0xEE80, 0xC540, 0x0000, 0x5A80, 
  0xFEE0, 0xE620, 0x7320, 0x0000, 0x2104, 0x528A, 0x0000, 0x0000, 
  0x0000, 0x0000, 0x0000, 0x0000, 0x0000, 0x0000, 0x0000, 0x0000, 
  
  0x0000, 0x0000, 0x0000, 0x0000, 0x0000, 0x0000, 0x0000, 0x0000, 
  0x0000, 0x0000, 0x0000, 0x0000, 0x0000, 0x0000, 0x0000, 0x0000, 
  0x0000, 0x0000, 0x0000, 0x0000, 0x0000, 0x0000, 0x2965, 0x2104, 
  0x9492, 0x8C71, 0x4A49, 0x0000, 0x9CF3, 0xF7BE, 0xFFFF, 0xFFFF, 
  0xFFFF, 0xFFFF, 0xFFFF, 0xFFFF, 0xFFFF, 0xFFDF, 0xEF5D, 0xFFFF, 
  0xFFFF, 0xFFFF, 0xFFFF, 0xFFFF, 0xFFFF, 0xFFFF, 0xFFFF, 0xFFFF, 
  0xFFFF, 0xFFFF, 0xFFFF, 0xFFFF, 0xFFFF, 0xFFFF, 0xFFFF, 0xFFFF, 
  0xFFFF, 0xFFFF, 0xFFFF, 0xFFFF, 0xFFFF, 0xFFFF, 0xFFFF, 0xFFFF, 
  0xFFFF, 0xFFFF, 0xFFFF, 0xFFFF, 0xCE79, 0x31A6, 0x8C51, 0xE73C, 
  0xEF9E, 0xFFFF, 0xFFFF, 0xFFFF, 0xFFFF, 0xFFFF, 0xFFFF, 0xFFFF, 
  0xFFFF, 0xFFFF, 0xFFFF, 0xB5B6, 0x0000, 0x8800, 0xF800, 0xF800, 
  0xF800, 0xF000, 0xB000, 0x5820, 0x7360, 0xCDA0, 0xFEE0, 0xEE40, 
  0xF680, 0xF680, 0xBD20, 0x5A80, 0x0000, 0x9400, 0xF6A0, 0xEE60, 
  0xEE60, 0xEE60, 0xEE40, 0xEE80, 0xEE40, 0xB4C0, 0x0000, 0x7B60, 
  0xEEA0, 0x8BC0, 0x1060, 0x0043, 0x4208, 0x0000, 0x0000, 0x0000, 
  0x0000, 0x0000, 0x0000, 0x0000, 0x0000, 0x0000, 0x0000, 0x0000, 
  
  0x0000, 0x0000, 0x0000, 0x0000, 0x0000, 0x0000, 0x0000, 0x0000, 
  0x0000, 0x0000, 0x0000, 0x0000, 0x0000, 0x0000, 0x0000, 0x0000, 
  0x0000, 0x0000, 0x0000, 0x0000, 0x0000, 0x9492, 0x4A49, 0x3186, 
  0xD6BA, 0x8430, 0x0000, 0x5AEB, 0xD69A, 0xFFFF, 0xFFFF, 0xFFFF, 
  0xFFFF, 0xFFFF, 0xFFFF, 0xFFFF, 0xFFFF, 0xFFFF, 0xFFFF, 0xFFFF, 
  0xFFFF, 0xFFFF, 0xFFFF, 0xFFFF, 0xFFFF, 0xFFFF, 0xFFFF, 0xFFFF, 
  0xFFFF, 0xFFFF, 0xFFFF, 0xFFFF, 0xFFFF, 0xFFFF, 0xFFFF, 0xFFFF, 
  0xFFFF, 0xFFFF, 0xFFFF, 0xFFFF, 0xFFFF, 0xFFFF, 0xFFFF, 0xFFFF, 
  0xFFFF, 0xFFFF, 0xFFFF, 0xFFFF, 0xE71C, 0x7BCF, 0x0000, 0x29A6, 
  0x9D55, 0xE73C, 0xEF9E, 0xF79E, 0xFFDF, 0xFFFF, 0xFFFF, 0xFFFF, 
  0xFFFF, 0xFFFF, 0xFFDF, 0xA514, 0x0000, 0x9000, 0xF800, 0xF000, 
  0xE000, 0x7000, 0x00A0, 0x7B80, 0xD5E0, 0xFEE0, 0xEE60, 0xEE80, 
  0xF680, 0xBD00, 0x4A00, 0x0000, 0x3180, 0x8BE0, 0xDE00, 0xEE80, 
  0xEE60, 0xEE60, 0xEE40, 0xF6A0, 0xDE00, 0x8BC0, 0x1080, 0x8BE0, 
  0x8BC0, 0x20E0, 0x0001, 0x5269, 0xE71C, 0x0000, 0x0000, 0x0000, 
  0x0000, 0x0000, 0x0000, 0x0000, 0x0000, 0x0000, 0x0000, 0x0000, 
  
  0x0000, 0x0000, 0x0000, 0x0000, 0x0000, 0x0000, 0x0000, 0x0000, 
  0x0000, 0x0000, 0x0000, 0x0000, 0x0000, 0x0000, 0x0000, 0x0000, 
  0x0000, 0x0000, 0x0000, 0x0000, 0x0000, 0x5AEB, 0x4208, 0x4A49, 
  0xFFFF, 0x738E, 0x0000, 0xBDF7, 0xFFFF, 0xFFFF, 0xFFFF, 0xFFFF, 
  0xFFFF, 0xFFFF, 0xFFFF, 0xFFFF, 0xFFFF, 0xFFFF, 0xFFFF, 0xFFFF, 
  0xFFFF, 0xFFFF, 0xFFFF, 0xFFFF, 0xFFFF, 0xFFFF, 0xFFFF, 0xFFFF, 
  0xFFFF, 0xFFFF, 0xFFFF, 0xFFFF, 0xFFFF, 0xFFFF, 0xFFFF, 0xFFFF, 
  0xFFFF, 0xFFFF, 0xFFFF, 0xFFFF, 0xFFFF, 0xFFFF, 0xFFFF, 0xFFFF, 
  0xFFFF, 0xFFFF, 0xFFFF, 0xFFFF, 0xF79E, 0xAD75, 0x0000, 0x2800, 
  0x3000, 0x0000, 0x3208, 0x8450, 0xBDF7, 0xE73C, 0xFFFF, 0xFFDF, 
  0xFFFF, 0xFFFF, 0xC659, 0x632C, 0x0000, 0xA800, 0xF800, 0x9800, 
  0x0000, 0x0020, 0x8BE0, 0xE620, 0xFEC0, 0xEE60, 0xF6A0, 0xEE60, 
  0x8BC0, 0x20E0, 0x20E0, 0x3180, 0x5A80, 0xACA0, 0xEE60, 0xEE60, 
  0xEE60, 0xEE60, 0xEE40, 0xFEC0, 0xD5A0, 0x49E0, 0x0000, 0x49E0, 
  0x0000, 0x0000, 0x528A, 0x9CD3, 0x0000, 0x0000, 0x0000, 0x0000, 
  0x0000, 0x0000, 0x0000, 0x0000, 0x0000, 0x0000, 0x0000, 0x0000, 
  
  0x0000, 0x0000, 0x0000, 0x0000, 0x0000, 0x0000, 0x0000, 0x0000, 
  0x0000, 0x0000, 0x0000, 0x0000, 0x0000, 0x0000, 0x0000, 0x0000, 
  0x0000, 0x0000, 0x0000, 0x0000, 0x0000, 0x0000, 0x39E7, 0x7BCF, 
  0xD69A, 0x528A, 0x528A, 0xD6BA, 0xFFFF, 0xFFFF, 0xFFFF, 0xFFFF, 
  0xFFFF, 0xFFFF, 0xFFFF, 0xFFFF, 0xFFFF, 0xFFFF, 0xFFFF, 0xFFFF, 
  0xFFFF, 0xFFFF, 0xFFFF, 0xFFFF, 0xFFFF, 0xFFFF, 0xFFFF, 0xFFFF, 
  0xFFFF, 0xFFFF, 0xFFFF, 0xFFFF, 0xFFFF, 0xFFFF, 0xFFFF, 0xFFFF, 
  0xFFFF, 0xF79E, 0xFFDF, 0xFFFF, 0xFFFF, 0xFFFF, 0xFFFF, 0xFFFF, 
  0xFFFF, 0xFFFF, 0xFFFF, 0xFFFF, 0xFFDF, 0xC638, 0x0000, 0x9800, 
  0xE000, 0xA000, 0x4061, 0x00E3, 0x1145, 0x31E7, 0x5AEB, 0x94B2, 
  0xDEDB, 0xCE79, 0x738E, 0x0000, 0x8000, 0xA800, 0x5000, 0x0800, 
  0x0900, 0xBD00, 0xEE60, 0xF6A0, 0xFEC0, 0xEE60, 0xACA0, 0x49E0, 
  0x20E0, 0x41E0, 0x41C0, 0x4A00, 0x41E0, 0x8380, 0xD5C0, 0xF680, 
  0xEE60, 0xEE60, 0xEE60, 0xF6A0, 0xBD00, 0x0000, 0x0000, 0x0840, 
  0x0000, 0x528A, 0x6B6D, 0x0000, 0x0000, 0x0000, 0x0000, 0x0000, 
  0x0000, 0x0000, 0x0000, 0x0000, 0x0000, 0x0000, 0x0000, 0x0000, 
  
  0x0000, 0x0000, 0x0000, 0x0000, 0x0000, 0x0000, 0x0000, 0x0000, 
  0x0000, 0x0000, 0x0000, 0x0000, 0x0000, 0x0000, 0x0000, 0x0000, 
  0x0000, 0x0000, 0x0000, 0x0000, 0x0000, 0x0000, 0x5ACB, 0xBDF7, 
  0x738E, 0x0000, 0xBDF7, 0xF7BE, 0xFFFF, 0xFFFF, 0xFFFF, 0xFFFF, 
  0xFFFF, 0xFFFF, 0xFFFF, 0xFFFF, 0xFFFF, 0xFFFF, 0xFFFF, 0xFFFF, 
  0xFFFF, 0xFFFF, 0xFFFF, 0xFFFF, 0xFFFF, 0xFFFF, 0xFFFF, 0xFFFF, 
  0xFFFF, 0xFFFF, 0xFFFF, 0xFFFF, 0xFFFF, 0xFFFF, 0xFFFF, 0xFFFF, 
  0xFFFF, 0xAD55, 0xD6BA, 0xFFDF, 0xFFFF, 0xFFFF, 0xFFFF, 0xFFFF, 
  0xFFFF, 0xFFFF, 0xFFFF, 0xFFFF, 0xFFFF, 0xD6DA, 0x0000, 0x9800, 
  0xF800, 0xF000, 0xF000, 0xD000, 0x8000, 0x0000, 0x0020, 0x0186, 
  0x52CB, 0x4A8A, 0x2124, 0x3000, 0x5000, 0x3800, 0x0020, 0x83A0, 
  0xDE00, 0xF6A0, 0xFF00, 0xEE60, 0xB4E0, 0x6AE0, 0x39A0, 0x20E0, 
  0x5240, 0x5260, 0x41C0, 0x2100, 0x7B40, 0xC560, 0xEE80, 0xEE60, 
  0xEE60, 0xEE40, 0xFEC0, 0xD5E0, 0x7B40, 0x0000, 0x0000, 0x0000, 
  0x52AA, 0x632C, 0x0000, 0x0000, 0x0000, 0x0000, 0x0000, 0x0000, 
  0x0000, 0x0000, 0x0000, 0x0000, 0x0000, 0x0000, 0x0000, 0x0000, 
  
  0x0000, 0x0000, 0x0000, 0x0000, 0x0000, 0x0000, 0x0000, 0x0000, 
  0x0000, 0x0000, 0x0000, 0x0000, 0x0000, 0x0000, 0x0000, 0x0000, 
  0x0000, 0x0000, 0x0000, 0x0000, 0xFFFF, 0x39E7, 0x52AA, 0xAD55, 
  0x2104, 0x0000, 0xDEFB, 0xFFFF, 0xFFFF, 0xFFFF, 0xFFFF, 0xFFFF, 
  0xFFFF, 0xFFFF, 0xFFFF, 0xFFFF, 0xFFFF, 0xFFFF, 0xFFFF, 0xFFFF, 
  0xFFFF, 0xFFFF, 0xFFFF, 0xFFFF, 0xFFFF, 0xFFFF, 0xFFFF, 0xFFFF, 
  0xFFFF, 0xFFFF, 0xFFFF, 0xFFFF, 0xFFFF, 0xFFFF, 0xFFFF, 0xFFFF, 
  0xFFFF, 0xAD75, 0xAD55, 0xE73C, 0xFFFF, 0xFFFF, 0xFFFF, 0xFFFF, 
  0xFFFF, 0xFFFF, 0xFFFF, 0xFFFF, 0xFFDF, 0xC618, 0x0000, 0xA800, 
  0xF800, 0xF800, 0xF800, 0xF800, 0xE800, 0xE000, 0xE000, 0xB800, 
  0x6800, 0x3000, 0x0000, 0x3986, 0x18E5, 0x5240, 0xC540, 0xF680, 
  0xFEE0, 0xE620, 0xB4E0, 0x8380, 0x49E0, 0x0060, 0x4A20, 0x6AE0, 
  0x5A80, 0x41E0, 0x41E0, 0x62C0, 0xACA0, 0xE620, 0xF680, 0xEE60, 
  0xEE40, 0xEE80, 0xF6A0, 0xACA0, 0x0000, 0x0000, 0x0000, 0x4208, 
  0x6B6D, 0x0000, 0x0000, 0x0000, 0x0000, 0x0000, 0x0000, 0x0000, 
  0x0000, 0x0000, 0x0000, 0x0000, 0x0000, 0x0000, 0x0000, 0x0000, 
  
  0x0000, 0x0000, 0x0000, 0x0000, 0x0000, 0x0000, 0x0000, 0x0000, 
  0x0000, 0x0000, 0x0000, 0x0000, 0x0000, 0x0000, 0x0000, 0x0000, 
  0x0000, 0x0000, 0x0000, 0x0000, 0x4A49, 0x4A69, 0x52AB, 0x632C, 
  0x0000, 0x8410, 0xEF5D, 0xFFFF, 0xFFFF, 0xFFFF, 0xFFFF, 0xFFFF, 
  0xFFFF, 0xFFFF, 0xFFFF, 0xFFFF, 0xFFFF, 0xFFFF, 0xFFFF, 0xFFFF, 
  0xFFFF, 0xFFFF, 0xFFFF, 0xFFFF, 0xFFFF, 0xFFFF, 0xFFFF, 0xFFFF, 
  0xFFFF, 0xFFFF, 0xFFFF, 0xFFFF, 0xFFFF, 0xFFFF, 0xFFFF, 0xFFFF, 
  0xFFFF, 0xE71C, 0x94B2, 0xDEDB, 0xFFFF, 0xFFFF, 0xFFFF, 0xFFFF, 
  0xFFFF, 0xFFFF, 0xFFFF, 0xFFFF, 0xE73C, 0x8451, 0x4000, 0xD000, 
  0xF800, 0xF800, 0xF800, 0xF800, 0xF800, 0xE800, 0xC800, 0x9000, 
  0x5800, 0x2800, 0x3185, 0x7BF0, 0x8C72, 0x83CC, 0x9C20, 0xBD00, 
  0xA460, 0x8360, 0x41C0, 0x18C1, 0x4A00, 0x62C0, 0x62C0, 0x5A80, 
  0x41C0, 0x4A00, 0x62C0, 0x9420, 0xCD80, 0xEE60, 0xEE60, 0xEE60, 
  0xEE60, 0xFEE0, 0xC540, 0x5A60, 0x0000, 0x10A2, 0x4228, 0x632C, 
  0x0000, 0x0000, 0x0000, 0x0000, 0x0000, 0x0000, 0x0000, 0x0000, 
  0x0000, 0x0000, 0x0000, 0x0000, 0x0000, 0x0000, 0x0000, 0x0000, 
  
  0x0000, 0x0000, 0x0000, 0x0000, 0x0000, 0x0000, 0x0000, 0x0000, 
  0x0000, 0x0000, 0x0000, 0x0000, 0x0000, 0x0000, 0x0000, 0x0000, 
  0x0000, 0x0000, 0x0000, 0x0000, 0x3186, 0x31A6, 0x4228, 0x2920, 
  0x0000, 0xC618, 0xF7BE, 0xFFFF, 0xFFFF, 0xFFFF, 0xFFFF, 0xFFFF, 
  0xFFFF, 0xFFFF, 0xFFFF, 0xFFFF, 0xFFFF, 0xFFFF, 0xFFFF, 0xFFFF, 
  0xFFFF, 0xFFFF, 0xFFFF, 0xFFFF, 0xFFFF, 0xFFFF, 0xFFFF, 0xFFFF, 
  0xFFFF, 0xFFFF, 0xFFFF, 0xFFFF, 0xFFFF, 0xFFFF, 0xFFFF, 0xFFFF, 
  0xFFFF, 0xFFFF, 0x9CD3, 0xA514, 0xE73C, 0xFFFF, 0xFFFF, 0xFFFF, 
  0xFFFF, 0xFFFF, 0xFFFF, 0xFFFF, 0xD6BA, 0x0145, 0x6800, 0xF800, 
  0xF800, 0xF800, 0xF000, 0xE000, 0xC000, 0x9000, 0x3000, 0x0000, 
  0x0000, 0x0000, 0x4A69, 0x7BEF, 0x8C71, 0x9CD3, 0xBDD6, 0x9CF4, 
  0x73B0, 0x4A8C, 0x00A5, 0x39A0, 0x62C0, 0x62C0, 0x4A20, 0x3180, 
  0x5A60, 0x8BC0, 0xBD00, 0xD5A0, 0xE620, 0xEE60, 0xEE40, 0xEE60, 
  0xF6A0, 0xD5C0, 0x6AC0, 0x0000, 0x18C3, 0x4228, 0x9CD3, 0x0000, 
  0x0000, 0x0000, 0x0000, 0x0000, 0x0000, 0x0000, 0x0000, 0x0000, 
  0x0000, 0x0000, 0x0000, 0x0000, 0x0000, 0x0000, 0x0000, 0x0000, 
  
  0x0000, 0x0000, 0x0000, 0x0000, 0x0000, 0x0000, 0x0000, 0x0000, 
  0x0000, 0x0000, 0x0000, 0x0000, 0x0000, 0x0000, 0x0000, 0x0000, 
  0x0000, 0x0000, 0x0000, 0xC638, 0x39C7, 0x0000, 0x20E0, 0x41C0, 
  0x0000, 0xE71C, 0xFFFF, 0xFFFF, 0xFFFF, 0xFFFF, 0xF7BE, 0xF7BE, 
  0xFFFF, 0xFFFF, 0xFFFF, 0xFFFF, 0xFFFF, 0xFFFF, 0xFFFF, 0xFFFF, 
  0xFFFF, 0xFFFF, 0xFFFF, 0xFFFF, 0xFFFF, 0xFFFF, 0xFFFF, 0xFFFF, 
  0xF7BE, 0xF7BE, 0xFFFF, 0xFFFF, 0xFFFF, 0xFFFF, 0xFFFF, 0xFFFF, 
  0xFFFF, 0xFFFF, 0xA514, 0x0000, 0x7BEF, 0xD69A, 0xEF5D, 0xFFDF, 
  0xFFFF, 0xFFFF, 0xFFFF, 0xFFDF, 0xAD96, 0x0000, 0xA000, 0xF800, 
  0xE800, 0xE000, 0xC000, 0x7000, 0x0000, 0x00E3, 0x52EB, 0x73CF, 
  0x4A49, 0x1041, 0x39E7, 0x39C7, 0x738E, 0xCE79, 0xFFFF, 0xF79F, 
  0xDEDC, 0x9492, 0x4A49, 0x3164, 0x39A4, 0x39A0, 0x5260, 0x83A0, 
  0xB4C0, 0xD5A0, 0xEE60, 0xF6A0, 0xEE80, 0xEE60, 0xEE80, 0xF680, 
  0xDE00, 0x62A0, 0x0000, 0x0882, 0x4228, 0xCE59, 0x0000, 0x0000, 
  0x0000, 0x0000, 0x0000, 0x0000, 0x0000, 0x0000, 0x0000, 0x0000, 
  0x0000, 0x0000, 0x0000, 0x0000, 0x0000, 0x0000, 0x0000, 0x0000, 
  
  0x0000, 0x0000, 0x0000, 0x0000, 0x0000, 0x0000, 0x0000, 0x0000, 
  0x0000, 0x0000, 0x0000, 0x0000, 0x0000, 0x0000, 0x0000, 0x0000, 
  0x0000, 0x0000, 0x0000, 0x5AEB, 0x3186, 0x20C0, 0x41E0, 0x2100, 
  0x18E4, 0xEF7D, 0xFFFF, 0xFFFF, 0xFFFF, 0xEF7D, 0xC618, 0xBDF7, 
  0xFFDF, 0xFFFF, 0xFFFF, 0xFFFF, 0xFFFF, 0xFFFF, 0xFFFF, 0xFFFF, 
  0xFFFF, 0xFFFF, 0xFFFF, 0xFFFF, 0xFFFF, 0xFFFF, 0xFFFF, 0xFFDF, 
  0xC618, 0xC618, 0xE73C, 0xF7BE, 0xFFFF, 0xFFFF, 0xFFFF, 0xFFFF, 
  0xFFFF, 0xFFFF, 0x8C71, 0x0000, 0x0000, 0x0000, 0x7C10, 0xD69A, 
  0xEF7D, 0xF79E, 0xF7BE, 0xBDD7, 0x2A08, 0x6000, 0xC800, 0xD000, 
  0x8800, 0x2000, 0x0000, 0x0104, 0x3A08, 0x73AE, 0xB596, 0xDEFB, 
  0xAD34, 0x6B6D, 0x1903, 0x1082, 0xAD75, 0xFFDF, 0xFFFF, 0xFFFF, 
  0xFFFF, 0x8410, 0x4A49, 0x4A6A, 0x5267, 0x7B40, 0xACA0, 0xD5C0, 
  0xF6A0, 0xF6A0, 0xEE60, 0xEE60, 0xEE60, 0xEE80, 0xEE60, 0xDDE0, 
  0x4A00, 0x0000, 0x0021, 0x4A69, 0xFFFF, 0x0000, 0x0000, 0x0000, 
  0x0000, 0x0000, 0x0000, 0x0000, 0x0000, 0x0000, 0x0000, 0x0000, 
  0x0000, 0x0000, 0x0000, 0x0000, 0x0000, 0x0000, 0x0000, 0x0000, 
  
  0x0000, 0x0000, 0x0000, 0x0000, 0x0000, 0x0000, 0x0000, 0x0000, 
  0x0000, 0x0000, 0x0000, 0x0000, 0x0000, 0x0000, 0x0000, 0x0000, 
  0x0000, 0x0000, 0x0000, 0x18E4, 0x0042, 0x41E0, 0x6B00, 0x0001, 
  0x4A49, 0xEF7D, 0xFFFF, 0xFFFF, 0xF79E, 0xB5B6, 0x0000, 0x2945, 
  0xE71C, 0xFFFF, 0xFFFF, 0xFFFF, 0xFFFF, 0xFFFF, 0xFFFF, 0xFFFF, 
  0xFFFF, 0xFFFF, 0xFFFF, 0xFFFF, 0xFFFF, 0xFFFF, 0xFFFF, 0xE73C, 
  0x2924, 0x0000, 0x00C3, 0xA555, 0xEF5D, 0xFFFF, 0xFFFF, 0xFFFF, 
  0xFFFF, 0xD6DB, 0x636D, 0x7800, 0x9800, 0x6800, 0x1800, 0x0000, 
  0x1104, 0x632C, 0x5AEB, 0x2965, 0x0000, 0x2800, 0x4082, 0x0104, 
  0x0061, 0x0061, 0x0000, 0x632C, 0xB5B6, 0xCE79, 0xBDD7, 0xD6BA, 
  0xF79E, 0xD6BA, 0x7BEF, 0x0000, 0x528A, 0xBDD7, 0xFFFF, 0xFFFF, 
  0xEF5D, 0x738E, 0x2964, 0x7342, 0xB4E0, 0xE620, 0xFEC0, 0xF680, 
  0xEE60, 0xEE60, 0xEE60, 0xF680, 0xF6A0, 0xE620, 0xACA0, 0x18C0, 
  0x0000, 0x18C3, 0x52AA, 0xFFFF, 0x0000, 0x0000, 0x0000, 0x0000, 
  0x0000, 0x0000, 0x0000, 0x0000, 0x0000, 0x0000, 0x0000, 0x0000, 
  0x0000, 0x0000, 0x0000, 0x0000, 0x0000, 0x0000, 0x0000, 0x0000, 
  
  0x0000, 0x0000, 0x0000, 0x0000, 0x0000, 0x0000, 0x0000, 0x0000, 
  0x0000, 0x0000, 0x0000, 0x0000, 0x0000, 0x0000, 0x0000, 0x0000, 
  0x0000, 0x0000, 0xBDF7, 0x10E5, 0x4A00, 0x7B40, 0x6AE0, 0x0022, 
  0x5AEB, 0xF79E, 0xFFFF, 0xFFFF, 0xC618, 0x0000, 0x0000, 0x10C3, 
  0x7BCF, 0xF79E, 0xFFFF, 0xFFFF, 0xFFFF, 0xFFFF, 0xF7BE, 0xA514, 
  0xE73C, 0xFFFF, 0xFFFF, 0xFFFF, 0xFFFF, 0xFFFF, 0xF7BE, 0xBDB6, 
  0x2945, 0x2800, 0x1800, 0x00A2, 0x4ACA, 0xAD95, 0xF7BE, 0xFFFF, 
  0xFFFF, 0x8C92, 0x0104, 0xB800, 0xF800, 0xF800, 0xE000, 0x8800, 
  0x3020, 0x10A2, 0x1082, 0x0000, 0x0000, 0x0004, 0x52EC, 0x9D14, 
  0x4A69, 0x4A69, 0x2104, 0x8410, 0xD69A, 0xD69A, 0x20E3, 0x2104, 
  0x5ACB, 0x7BF0, 0x9492, 0x6B4D, 0x0000, 0x4A49, 0xAD55, 0xFFFF, 
  0xFFFF, 0xD69A, 0x6B4D, 0x8360, 0xD5A0, 0xFEC0, 0xFEC0, 0xF6A0, 
  0xFEC0, 0xFEC0, 0xE640, 0xBD00, 0x7B60, 0x41E0, 0x20C0, 0x0000, 
  0x31A6, 0x5ACB, 0xAD55, 0x0000, 0x0000, 0x0000, 0x0000, 0x0000, 
  0x0000, 0x0000, 0x0000, 0x0000, 0x0000, 0x0000, 0x0000, 0x0000, 
  0x0000, 0x0000, 0x0000, 0x0000, 0x0000, 0x0000, 0x0000, 0x0000, 
  
  0x0000, 0x0000, 0x0000, 0x0000, 0x0000, 0x0000, 0x0000, 0x0000, 
  0x0000, 0x0000, 0x0000, 0x0000, 0x0000, 0x0000, 0x0000, 0x0000, 
  0x0000, 0x0000, 0x632D, 0x0005, 0x93E0, 0xBD20, 0x5A80, 0x0001, 
  0x4228, 0xF7BE, 0xFFFF, 0xC618, 0x31E7, 0x2800, 0x6800, 0x0000, 
  0x0000, 0xE73C, 0xFFFF, 0xFFFF, 0xFFFF, 0xF79E, 0x9492, 0x31A6, 
  0x5AEB, 0xE73C, 0xFFFF, 0xFFFF, 0xFFFF, 0xFFFF, 0xF79E, 0x6B4D, 
  0x00A2, 0xA000, 0xE000, 0xB800, 0x4820, 0x0208, 0x63AE, 0x94F3, 
  0x8C51, 0x29E7, 0x6800, 0xE000, 0xF800, 0xD000, 0xA000, 0x6000, 
  0x1800, 0x0000, 0x0000, 0x0000, 0x7340, 0x9C20, 0x7B88, 0x8C93, 
  0xC63A, 0xBDF8, 0x9492, 0xBDD7, 0xEF7D, 0xFFFF, 0xE73C, 0xAD55, 
  0x5ACB, 0x4A28, 0x4A49, 0x2104, 0x0000, 0x0000, 0x4A49, 0xA534, 
  0xFFFF, 0xFFFF, 0xE73D, 0xAD35, 0x6B03, 0x8380, 0xA460, 0xBD00, 
  0x9C40, 0x7B60, 0x62A0, 0x4A02, 0x2923, 0x0000, 0x0001, 0x4A49, 
  0x3A28, 0x52AA, 0x0000, 0x0000, 0x0000, 0x0000, 0x0000, 0x0000, 
  0x0000, 0x0000, 0x0000, 0x0000, 0x0000, 0x0000, 0x0000, 0x0000, 
  0x0000, 0x0000, 0x0000, 0x0000, 0x0000, 0x0000, 0x0000, 0x0000, 
  
  0x0000, 0x0000, 0x0000, 0x0000, 0x0000, 0x0000, 0x0000, 0x0000, 
  0x0000, 0x0000, 0x0000, 0x0000, 0x0000, 0x0000, 0x0000, 0x0000, 
  0x0000, 0x0000, 0x4209, 0x0004, 0xAC80, 0xE620, 0x8BC0, 0x0000, 
  0x0041, 0xBDD7, 0xAD75, 0x530C, 0x0000, 0x9000, 0xE000, 0x8000, 
  0x0000, 0x94B2, 0xF79E, 0xFFFF, 0xF79E, 0xA534, 0x0021, 0x0000, 
  0x0000, 0x6B8E, 0xDEFB, 0xFFFF, 0xFFFF, 0xFFFF, 0xE71C, 0x0000, 
  0x0000, 0xD800, 0xF800, 0xF000, 0xE800, 0xD000, 0x9000, 0x5186, 
  0x1082, 0x0000, 0x7000, 0x9000, 0x8800, 0x6000, 0x2800, 0x0000, 
  0x0000, 0x41C0, 0xA460, 0xD5A0, 0xDDE0, 0xBD00, 0x7B63, 0x4209, 
  0x7BEF, 0x8C51, 0xD69A, 0xF79E, 0xFFFF, 0xFFFF, 0xFFFF, 0xF79E, 
  0xE73C, 0xCE79, 0xAD55, 0x7BEF, 0x4228, 0x0000, 0x18C3, 0x9CF3, 
  0xFFDF, 0xFFFF, 0xFFFF, 0xEF9E, 0xDEDB, 0xBDF8, 0x8C51, 0x62A6, 
  0x0000, 0x0000, 0x0000, 0x0003, 0x08A3, 0x10A3, 0x526A, 0x5ACB, 
  0x0000, 0x0000, 0x0000, 0x0000, 0x0000, 0x0000, 0x0000, 0x0000, 
  0x0000, 0x0000, 0x0000, 0x0000, 0x0000, 0x0000, 0x0000, 0x0000, 
  0x0000, 0x0000, 0x0000, 0x0000, 0x0000, 0x0000, 0x0000, 0x0000, 
  
  0x0000, 0x0000, 0x0000, 0x0000, 0x0000, 0x0000, 0x0000, 0x0000, 
  0x0000, 0x0000, 0x0000, 0x0000, 0x0000, 0x0000, 0x0000, 0x0000, 
  0x0000, 0x0000, 0x39C8, 0x0004, 0xA480, 0xF6A0, 0xCD80, 0x0000, 
  0x0000, 0x5ACB, 0x0124, 0x2000, 0xA000, 0xE800, 0xF800, 0xD000, 
  0x0800, 0x0081, 0xC638, 0xE73C, 0xB596, 0x0186, 0x3000, 0xC000, 
  0xB800, 0x0000, 0x6BEF, 0xBDF7, 0xE75D, 0xE71C, 0x8C71, 0x0000, 
  0xB800, 0xF800, 0xF800, 0xF800, 0xF000, 0xD800, 0x9800, 0x5000, 
  0x0000, 0x0000, 0x3000, 0x0000, 0x0000, 0x29C0, 0x7B60, 0xA480, 
  0xBD20, 0xCDA0, 0xDE00, 0xDDE1, 0xC561, 0xB500, 0xBD20, 0xCD80, 
  0xD5A0, 0xA486, 0xA4F2, 0xE73C, 0xFFFF, 0xFFFF, 0xFFFF, 0xFFFF, 
  0xFFFF, 0xFFFF, 0xEF7D, 0xE71C, 0xD6BA, 0xCE79, 0xD69A, 0xE73C, 
  0xFFFF, 0xFFFF, 0xFFFF, 0xFFFF, 0xFFFF, 0xF7BF, 0xDEFC, 0xCE7A, 
  0xCE59, 0xBDD7, 0x9CD3, 0x632C, 0x0000, 0x0000, 0x5A4A, 0x0000, 
  0x0000, 0x0000, 0x0000, 0x0000, 0x0000, 0x0000, 0x0000, 0x0000, 
  0x0000, 0x0000, 0x0000, 0x0000, 0x0000, 0x0000, 0x0000, 0x0000, 
  0x0000, 0x0000, 0x0000, 0x0000, 0x0000, 0x0000, 0x0000, 0x0000, 
  
  0x0000, 0x0000, 0x0000, 0x0000, 0x0000, 0x0000, 0x0000, 0x0000, 
  0x0000, 0x0000, 0x0000, 0x0000, 0x0000, 0x0000, 0x0000, 0x0000, 
  0x0000, 0x0000, 0x4A8A, 0x0004, 0x8BE0, 0xEE40, 0xF6A0, 0x9420, 
  0x0000, 0x0000, 0x3800, 0xB000, 0xF000, 0xF800, 0xF800, 0xF800, 
  0x9000, 0x0000, 0x6BAE, 0x8430, 0x3A8A, 0x4800, 0xC020, 0xF800, 
  0xF800, 0xC800, 0x7000, 0x4A08, 0x8C92, 0x9492, 0x0000, 0x8000, 
  0xD800, 0xD000, 0xC800, 0xB800, 0xA000, 0x7800, 0x5800, 0x2000, 
  0x0000, 0x39A0, 0x6B00, 0x9400, 0xACA0, 0xC540, 0xD5C0, 0xEE60, 
  0xFEC0, 0xFEE0, 0xF6A0, 0xDDE1, 0xCDA0, 0xD5C0, 0xE640, 0xF680, 
  0xEE60, 0xB4C0, 0x5A60, 0xCE59, 0xFFFF, 0xFFFF, 0xFFFF, 0xFFFF, 
  0xFFFF, 0xFFFF, 0xFFFF, 0xFFFF, 0xFFFF, 0xFFFF, 0xFFFF, 0xFFFF, 
  0xFFFF, 0xFFFF, 0xFFFF, 0xFFFF, 0xFFFF, 0xFFFF, 0xFFFF, 0xFFFF, 
  0xFFFF, 0xFFFF, 0xEF5D, 0xCE79, 0xBDD7, 0xAD75, 0x8410, 0x4208, 
  0x4228, 0x5ACB, 0x9C53, 0x0000, 0x0000, 0x0000, 0x0000, 0x0000, 
  0x0000, 0x0000, 0x0000, 0x0000, 0x0000, 0x0000, 0x0000, 0x0000, 
  0x0000, 0x0000, 0x0000, 0x0000, 0x0000, 0x0000, 0x0000, 0x0000, 
  
  0x0000, 0x0000, 0x0000, 0x0000, 0x0000, 0x0000, 0x0000, 0x0000, 
  0x0000, 0x0000, 0x0000, 0x0000, 0x0000, 0x0000, 0x0000, 0x0000, 
  0x0000, 0x0000, 0x7C10, 0x0005, 0x5A60, 0xC540, 0xFEE0, 0xEE40, 
  0x9400, 0x2980, 0x5800, 0xC000, 0xE800, 0xE800, 0xF800, 0xF800, 
  0xE800, 0x9041, 0x3800, 0x2000, 0x7000, 0xC841, 0xF800, 0xF800, 
  0xF000, 0xF800, 0xB820, 0x5800, 0x0000, 0x0000, 0x4000, 0x9000, 
  0x8000, 0x4000, 0x0000, 0x0000, 0x0080, 0x29E0, 0x5AC0, 0x7B80, 
  0x9C20, 0xB4E0, 0xD5C0, 0xEE80, 0xFEE0, 0xFEE0, 0xF6A0, 0xEE60, 
  0xE640, 0xE620, 0xDE00, 0xE620, 0xE620, 0xDE00, 0xCD60, 0xA460, 
  0x8BC0, 0x6AC0, 0x6B4B, 0xAD55, 0xD69A, 0xDEFC, 0xEF5D, 0xF7BF, 
  0xFFFF, 0xFFFF, 0xFFFF, 0xFFFF, 0xFFFF, 0xFFDF, 0xEF5D, 0xE73C, 
  0xE73C, 0xEF7D, 0xFFDF, 0xFFFF, 0xFFFF, 0xFFFF, 0xFFFF, 0xFFFF, 
  0xFFFF, 0xFFFF, 0xFFFF, 0xFFFF, 0xFFFF, 0xF7BE, 0xCE59, 0xA514, 
  0x73AE, 0x630C, 0x5269, 0x3186, 0x39E7, 0x6B6D, 0x0000, 0x0000, 
  0x0000, 0x0000, 0x0000, 0x0000, 0x0000, 0x0000, 0x0000, 0x0000, 
  0x0000, 0x0000, 0x0000, 0x0000, 0x0000, 0x0000, 0x0000, 0x0000, 
  
  0x0000, 0x0000, 0x0000, 0x0000, 0x0000, 0x0000, 0x0000, 0x0000, 
  0x0000, 0x0000, 0x0000, 0x0000, 0x0000, 0x0000, 0x0000, 0x0000, 
  0x0000, 0x0000, 0x0000, 0x3186, 0x0002, 0x7B60, 0xEE40, 0xFEC0, 
  0xF6A0, 0x9C40, 0x4A40, 0x00C0, 0x4000, 0xA000, 0xD000, 0xE000, 
  0xF000, 0xD800, 0x8800, 0x7800, 0xC800, 0xF000, 0xD800, 0xC800, 
  0xB000, 0x9000, 0x8000, 0x6000, 0x2000, 0x0000, 0x0000, 0x0060, 
  0x0120, 0x39E0, 0x5A60, 0x6B00, 0x8BE0, 0xACC0, 0xCDA0, 0xEE60, 
  0xFEC0, 0xFEE0, 0xFEC0, 0xF680, 0xE640, 0xDE00, 0xD5A0, 0xC540, 
  0xBD00, 0xACA0, 0x9C40, 0x9C20, 0xA481, 0x9C41, 0x6B00, 0x5A80, 
  0x62A0, 0x6AC1, 0x5AC8, 0x3960, 0x5200, 0x7B84, 0x8C71, 0xC65A, 
  0xEF7D, 0xF79E, 0xFFDF, 0xFFFF, 0xFFFF, 0xEF5D, 0x8C51, 0x6B6D, 
  0x8C51, 0xA514, 0xD69A, 0xEF5D, 0xF79E, 0xFFDF, 0xFFFF, 0xFFFF, 
  0xFFFF, 0xFFFF, 0xFFFF, 0xFFFF, 0xFFFF, 0xFFFF, 0xFFFF, 0xE71C, 
  0x9CD3, 0x6B4D, 0x39A7, 0x20C3, 0x4228, 0x738E, 0x0000, 0x0000, 
  0x0000, 0x0000, 0x0000, 0x0000, 0x0000, 0x0000, 0x0000, 0x0000, 
  0x0000, 0x0000, 0x0000, 0x0000, 0x0000, 0x0000, 0x0000, 0x0000, 
  
  0x0000, 0x0000, 0x0000, 0x0000, 0x0000, 0x0000, 0x0000, 0x0000, 
  0x0000, 0x0000, 0x0000, 0x0000, 0x0000, 0x0000, 0x0000, 0x0000, 
  0x0000, 0x0000, 0x0000, 0x8410, 0x39E8, 0x0000, 0x7B60, 0xF680, 
  0xF6A0, 0xFEC0, 0xC560, 0x7B60, 0x29A0, 0x1120, 0x00E0, 0x00A0, 
  0x0860, 0x3840, 0x5000, 0x4800, 0x2800, 0x0000, 0x0000, 0x0000, 
  0x0040, 0x0060, 0x00C0, 0x18E0, 0x2920, 0x3980, 0x4A00, 0x62C0, 
  0x8BC0, 0xB4E0, 0xDDE0, 0xF6A0, 0xFF00, 0xFF00, 0xF6A0, 0xE620, 
  0xCD80, 0xACC0, 0x9C20, 0x83A0, 0x7340, 0x7321, 0x7320, 0x7B60, 
  0x9C20, 0xACC0, 0xC540, 0xD5C0, 0xE620, 0xEE40, 0xE620, 0xEE60, 
  0xF680, 0xEE60, 0xBD00, 0x93E0, 0xC540, 0xE600, 0xA440, 0x7300, 
  0x6B07, 0x8C71, 0xC63A, 0xEF7E, 0xFFFF, 0xE71C, 0x6B4D, 0x528A, 
  0xA514, 0x632C, 0x0000, 0x1082, 0x73AE, 0xBDD7, 0xEF5D, 0xFFFF, 
  0xFFDF, 0xFFFF, 0xFFFF, 0xFFFF, 0xFFFF, 0xFFFF, 0xF79E, 0x632C, 
  0x2965, 0x5ACB, 0x7B4D, 0x5A8A, 0x528A, 0x632C, 0x0000, 0x0000, 
  0x0000, 0x0000, 0x0000, 0x0000, 0x0000, 0x0000, 0x0000, 0x0000, 
  0x0000, 0x0000, 0x0000, 0x0000, 0x0000, 0x0000, 0x0000, 0x0000, 
  
  0x0000, 0x0000, 0x0000, 0x0000, 0x0000, 0x0000, 0x0000, 0x0000, 
  0x0000, 0x0000, 0x0000, 0x0000, 0x0000, 0x0000, 0x0000, 0x0000, 
  0x0000, 0x0000, 0x0000, 0x0000, 0x5ACB, 0x39C7, 0x18A0, 0x6AE0, 
  0xDE00, 0xFEC0, 0xFEC0, 0xF6A0, 0xE620, 0xC540, 0x9C60, 0x7B80, 
  0x5AC0, 0x31E0, 0x00A0, 0x0000, 0x0000, 0x0000, 0x0000, 0x10C0, 
  0x39C0, 0x62A0, 0x8BC0, 0xACA0, 0xCD80, 0xE640, 0xFEA0, 0xFEE0, 
  0xF6A0, 0xE620, 0xCD80, 0xACC0, 0x8BC0, 0x6AE0, 0x5A80, 0x5260, 
  0x5260, 0x62C0, 0x8BC0, 0xA480, 0xBD20, 0xD5C0, 0xE640, 0xEE60, 
  0xF680, 0xF680, 0xEE80, 0xEE60, 0xEE60, 0xEE60, 0xEE60, 0xEE60, 
  0xEE60, 0xEE60, 0xF680, 0xF680, 0xEE60, 0xEE60, 0xF680, 0xEE60, 
  0xD5A1, 0xA483, 0x83A6, 0x7B89, 0x946F, 0xBDF7, 0xDEFB, 0xBDD7, 
  0x6B4D, 0x2945, 0x0000, 0x0000, 0x31A6, 0x630C, 0x6B2C, 0x738E, 
  0x8C71, 0xBDF7, 0xEF5D, 0xFFFF, 0xFFFF, 0xFFFF, 0xFFDF, 0xD6BA, 
  0x632C, 0x3986, 0x5209, 0x0000, 0x0000, 0x8410, 0x0000, 0x0000, 
  0x0000, 0x0000, 0x0000, 0x0000, 0x0000, 0x0000, 0x0000, 0x0000, 
  0x0000, 0x0000, 0x0000, 0x0000, 0x0000, 0x0000, 0x0000, 0x0000, 
  
  0x0000, 0x0000, 0x0000, 0x0000, 0x0000, 0x0000, 0x0000, 0x0000, 
  0x0000, 0x0000, 0x0000, 0x0000, 0x0000, 0x0000, 0x0000, 0x0000, 
  0x0000, 0x0000, 0x0000, 0x0000, 0xFFFF, 0x528A, 0x39E8, 0x1080, 
  0x5A60, 0x9C20, 0xDDE0, 0xFEC0, 0xFEE0, 0xFEE0, 0xFEC0, 0xF6A0, 
  0xF6A0, 0xF680, 0xEE40, 0xDE00, 0xDE00, 0xE640, 0xEE60, 0xF680, 
  0xEE80, 0xEE60, 0xDE00, 0xCD80, 0xB4E0, 0x9C40, 0x8BE0, 0x7B60, 
  0x7300, 0x62A0, 0x5220, 0x39A0, 0x2100, 0x3980, 0x7B60, 0xC540, 
  0xE620, 0xF6A0, 0xF680, 0xEE60, 0xEE60, 0xEE60, 0xEE60, 0xEE60, 
  0xEE60, 0xEE60, 0xEE60, 0xEE60, 0xEE60, 0xEE60, 0xEE60, 0xEE60, 
  0xEE60, 0xEE60, 0xEE60, 0xEE60, 0xEE60, 0xEE60, 0xF680, 0xFEC0, 
  0xFEE0, 0xFEE0, 0xEE40, 0xB4C0, 0x62C4, 0x4229, 0x632C, 0x632C, 
  0x6B4D, 0x2965, 0x0000, 0x2965, 0x632C, 0x0000, 0x2905, 0x524A, 
  0x6B6D, 0x7BCF, 0x8410, 0x8C51, 0xAD75, 0xDEFB, 0xFFFF, 0xFFFF, 
  0xFFDF, 0xCE59, 0x7BAE, 0x0000, 0x0000, 0xAD55, 0x0000, 0x0000, 
  0x0000, 0x0000, 0x0000, 0x0000, 0x0000, 0x0000, 0x0000, 0x0000, 
  0x0000, 0x0000, 0x0000, 0x0000, 0x0000, 0x0000, 0x0000, 0x0000, 
  
  0x0000, 0x0000, 0x0000, 0x0000, 0x0000, 0x0000, 0x0000, 0x0000, 
  0x0000, 0x0000, 0x0000, 0x0000, 0x0000, 0x0000, 0x0000, 0x0000, 
  0x0000, 0x0000, 0x0000, 0x0000, 0x0000, 0x8410, 0x52AA, 0x39C8, 
  0x0065, 0x3161, 0x6B00, 0x93E0, 0xACA0, 0xC540, 0xD5C0, 0xDE00, 
  0xE620, 0xE620, 0xDE00, 0xD5A0, 0xC540, 0xB4C0, 0xA480, 0x9C40, 
  0x9400, 0x8BE0, 0x8380, 0x7300, 0x5A60, 0x39A0, 0x18C0, 0x0000, 
  0x0000, 0x0000, 0x0860, 0x3160, 0x4A00, 0x62C0, 0x8380, 0x9C40, 
  0xBD00, 0xCD80, 0xE620, 0xF680, 0xF680, 0xEE60, 0xF680, 0xEE40, 
  0xEE40, 0xEE40, 0xEE40, 0xEE40, 0xEE40, 0xEE40, 0xEE40, 0xEE60, 
  0xEE60, 0xF680, 0xF6A0, 0xFEC0, 0xFEC0, 0xF6A0, 0xE640, 0xD5A0, 
  0xB4E0, 0xA460, 0x8BC0, 0x6AC0, 0x2900, 0x0000, 0x0000, 0x2945, 
  0x5AEB, 0x4A49, 0x3166, 0x4A69, 0x8C71, 0x0000, 0x0000, 0x0000, 
  0x0000, 0x0000, 0x0000, 0x31A6, 0x738E, 0x8C71, 0xA514, 0xBDD7, 
  0xE73C, 0xFFFF, 0xF7BE, 0xDEDB, 0xA534, 0x2104, 0x0000, 0x0000, 
  0x0000, 0x0000, 0x0000, 0x0000, 0x0000, 0x0000, 0x0000, 0x0000, 
  0x0000, 0x0000, 0x0000, 0x0000, 0x0000, 0x0000, 0x0000, 0x0000, 
  
  0x0000, 0x0000, 0x0000, 0x0000, 0x0000, 0x0000, 0x0000, 0x0000, 
  0x0000, 0x0000, 0x0000, 0x0000, 0x0000, 0x0000, 0x0000, 0x0000, 
  0x0000, 0x0000, 0x0000, 0x0000, 0x0000, 0x0000, 0x0000, 0xB5B6, 
  0x39E8, 0x08C6, 0x0006, 0x0005, 0x2923, 0x5A61, 0x7320, 0x7B60, 
  0x8380, 0x8380, 0x8380, 0x7B40, 0x62C0, 0x41C0, 0x1080, 0x0000, 
  0x0000, 0x0000, 0x0000, 0x0000, 0x0000, 0x0000, 0x0000, 0x0000, 
  0x0021, 0x20E0, 0x3180, 0x4A00, 0x5A60, 0x62A0, 0x62C0, 0x5AA0, 
  0x6AE0, 0x83A0, 0xA460, 0xACA0, 0xC520, 0xDDE0, 0xE640, 0xF6A0, 
  0xF6A0, 0xF6A0, 0xF6A0, 0xF6A0, 0xFEC0, 0xFEC0, 0xF6C0, 0xF6A0, 
  0xEE60, 0xE620, 0xD5C0, 0xC560, 0xBD00, 0xAC80, 0x9400, 0x7320, 
  0x41E0, 0x0000, 0x0001, 0x0003, 0x2145, 0x31A6, 0x2124, 0x2124, 
  0x39E7, 0x7B6D, 0x4208, 0x528A, 0x8410, 0x0000, 0x0000, 0x0000, 
  0x0000, 0x0000, 0x0000, 0x0000, 0x0000, 0x0000, 0x0000, 0x630C, 
  0x9CD2, 0xBDD7, 0xD69A, 0xEF5D, 0xEF7D, 0xDEDB, 0xCE59, 0x7BCF, 
  0x0000, 0x0000, 0x0000, 0x0000, 0x0000, 0x0000, 0x0000, 0x0000, 
  0x0000, 0x0000, 0x0000, 0x0000, 0x0000, 0x0000, 0x0000, 0x0000, 
  
  0x0000, 0x0000, 0x0000, 0x0000, 0x0000, 0x0000, 0x0000, 0x0000, 
  0x0000, 0x0000, 0x0000, 0x0000, 0x0000, 0x0000, 0x0000, 0x0000, 
  0x0000, 0x0000, 0x0000, 0x0000, 0x0000, 0x0000, 0x0000, 0x0000, 
  0x0000, 0x0000, 0x738E, 0x39E9, 0x0005, 0x0003, 0x0004, 0x0005, 
  0x0005, 0x0004, 0x0005, 0x0004, 0x0004, 0x0004, 0x10A4, 0x18E4, 
  0x2124, 0x2945, 0x2104, 0x10A2, 0x0020, 0x0000, 0x0000, 0x0000, 
  0x0840, 0x18C0, 0x2920, 0x3980, 0x41C0, 0x39C0, 0x39A0, 0x39A0, 
  0x41E0, 0x5260, 0x5AA0, 0x4A20, 0x7320, 0x9C40, 0xACA0, 0xCDA0, 
  0xE620, 0xE620, 0xDE00, 0xD5C0, 0xD5A0, 0xCD80, 0xC560, 0xBD20, 
  0xB4C0, 0x9C40, 0x8380, 0x5A60, 0x0880, 0x0000, 0x0002, 0x0003, 
  0x0065, 0x1905, 0x18E4, 0x3186, 0x5ACB, 0x9CF3, 0x0000, 0x0000, 
  0x0000, 0x0000, 0x0000, 0x0000, 0x0000, 0x0000, 0x0000, 0x0000, 
  0x0000, 0x0000, 0x0000, 0x0000, 0x0000, 0x0000, 0x0000, 0x0000, 
  0x0000, 0x0000, 0x52AA, 0xAD55, 0xCE79, 0xE71C, 0xEF5D, 0xDEDB, 
  0xC618, 0xAD55, 0x738E, 0x0000, 0x0000, 0x0000, 0x0000, 0x0000, 
  0x0000, 0x0000, 0x0000, 0x0000, 0x0000, 0x0000, 0x0000, 0x0000, 
  
  0x0000, 0x0000, 0x0000, 0x0000, 0x0000, 0x0000, 0x0000, 0x0000, 
  0x0000, 0x0000, 0x0000, 0x0000, 0x0000, 0x0000, 0x0000, 0x0000, 
  0x0000, 0x0000, 0x0000, 0x0000, 0x0000, 0x0000, 0x0000, 0x0000, 
  0x0000, 0x0000, 0x0000, 0x0000, 0x0000, 0x0000, 0x0000, 0xD6BA, 
  0xB679, 0xB596, 0xBDFB, 0xC638, 0xA514, 0xC638, 0xC638, 0x8430, 
  0x8410, 0x6B4D, 0x4A49, 0x2965, 0x18C3, 0x18C3, 0x18C3, 0x10A2, 
  0x0841, 0x0000, 0x0000, 0x0000, 0x0000, 0x18A0, 0x0840, 0x0000, 
  0x3980, 0x18A0, 0x18E0, 0x41C0, 0x3980, 0x20E0, 0x41C0, 0x4A00, 
  0x9420, 0x9400, 0x83A0, 0x6B00, 0x5240, 0x2940, 0x0000, 0x0001, 
  0x0002, 0x0003, 0x0003, 0x0003, 0x0003, 0x0863, 0x18E4, 0x39C7, 
  0x5AEB, 0x9492, 0x0000, 0x0000, 0x0000, 0x0000, 0x0000, 0x0000, 
  0x0000, 0x0000, 0x0000, 0x0000, 0x0000, 0x0000, 0x0000, 0x0000, 
  0x0000, 0x0000, 0x0000, 0x0000, 0x0000, 0x0000, 0x0000, 0x0000, 
  0x0000, 0x0000, 0x0000, 0x0000, 0x0000, 0x5ACB, 0xAD75, 0xEF5D, 
  0xF79E, 0xDEDB, 0xB596, 0x9CD3, 0x8C71, 0x6B6D, 0x0000, 0x2002, 
  0x0000, 0x0000, 0x0000, 0x0000, 0x0000, 0x0000, 0x0000, 0x0000, 
  
  0x0000, 0x0000, 0x0000, 0x0000, 0x0000, 0x0000, 0x0000, 0x0000, 
  0x0000, 0x0000, 0x0000, 0x0000, 0x0000, 0x0000, 0x0000, 0x0000, 
  0x0000, 0x0000, 0x0000, 0x0000, 0x0000, 0x0000, 0x0000, 0x0000, 
  0x0000, 0x0000, 0x0000, 0x0000, 0x0000, 0x0000, 0x0000, 0x0000, 
  0x0000, 0x0000, 0x0000, 0x0000, 0x0000, 0x0000, 0x0000, 0x0000, 
  0x0000, 0x0000, 0x0000, 0x0000, 0xFFFF, 0x73AE, 0x528A, 0x39C7, 
  0x2104, 0x18C3, 0x0882, 0x0882, 0x0862, 0x0862, 0x0862, 0x1082, 
  0x0042, 0x0862, 0x0041, 0x0001, 0x0002, 0x0022, 0x0002, 0x0002, 
  0x0001, 0x0001, 0x0002, 0x0002, 0x0002, 0x0002, 0x0002, 0x0883, 
  0x2945, 0x4208, 0x528A, 0x6B4D, 0x8C51, 0x0000, 0x0000, 0x0000, 
  0x0000, 0x0000, 0x0000, 0x0000, 0x0000, 0x0000, 0x0000, 0x0000, 
  0x0000, 0x0000, 0x0000, 0x0000, 0x0000, 0x0000, 0x0000, 0x0000, 
  0x0000, 0x0000, 0x0000, 0x0000, 0x0000, 0x0000, 0x0000, 0x0000, 
  0x0000, 0x0000, 0x0000, 0x0000, 0x0000, 0x0000, 0x0000, 0x0000, 
  0x528A, 0xAD55, 0xDEFB, 0xDEFB, 0xBDD7, 0x7BEF, 0x6B4D, 0x73AE, 
  0x632C, 0x52AA, 0x4208, 0x0000, 0x0000, 0x0000, 0x0000, 0x0000, 
  
  0x0000, 0x0000, 0x0000, 0x0000, 0x0000, 0x0000, 0x0000, 0x0000, 
  0x0000, 0x0000, 0x0000, 0x0000, 0x0000, 0x0000, 0x0000, 0x0000, 
  0x0000, 0x0000, 0x0000, 0x0000, 0x0000, 0x0000, 0x0000, 0x0000, 
  0x0000, 0x0000, 0x0000, 0x0000, 0x0000, 0x0000, 0x0000, 0x0000, 
  0x0000, 0x0000, 0x0000, 0x0000, 0x0000, 0x0000, 0x0000, 0x0000, 
  0x0000, 0x0000, 0x0000, 0x0000, 0x0000, 0x0000, 0x0000, 0x0000, 
  0x0000, 0xBDF7, 0x8C71, 0x7BEF, 0x6B4D, 0x5ACB, 0x5ACB, 0x5ACB, 
  0x52AA, 0x528A, 0x4A49, 0x4208, 0x4A49, 0x528A, 0x52AA, 0x5ACB, 
  0x528A, 0x528A, 0x632C, 0x6B6D, 0x73AE, 0x8C71, 0xFFFF, 0x0000, 
  0x0000, 0x0000, 0x0000, 0x0000, 0x0000, 0x0000, 0x0000, 0x0000, 
  0x0000, 0x0000, 0x0000, 0x0000, 0x0000, 0x0000, 0x0000, 0x0000, 
  0x0000, 0x0000, 0x0000, 0x0000, 0x0000, 0x0000, 0x0000, 0x0000, 
  0x0000, 0x0000, 0x0000, 0x0000, 0x0000, 0x0000, 0x0000, 0x0000, 
  0x0000, 0x0000, 0x0000, 0x0000, 0x0000, 0x0000, 0x0000, 0x0000, 
  0x738E, 0x39E7, 0x3186, 0x4A69, 0x8410, 0xAD75, 0xBDD7, 0x94B2, 
  0x630C, 0x5ACB, 0x62CB, 0x0000, 0x0000, 0x0000, 0x0000, 0x0000
  
};

#endif // LESSSGOO_H
